-- phpMyAdmin SQL Dump
-- version 4.9.5
-- https://www.phpmyadmin.net/
--
-- Host: localhost:3306
-- Generation Time: Aug 30, 2020 at 01:15 PM
-- Server version: 10.3.24-MariaDB
-- PHP Version: 7.3.6

SET SQL_MODE = "NO_AUTO_VALUE_ON_ZERO";
SET AUTOCOMMIT = 0;
START TRANSACTION;
SET time_zone = "+00:00";


/*!40101 SET @OLD_CHARACTER_SET_CLIENT=@@CHARACTER_SET_CLIENT */;
/*!40101 SET @OLD_CHARACTER_SET_RESULTS=@@CHARACTER_SET_RESULTS */;
/*!40101 SET @OLD_COLLATION_CONNECTION=@@COLLATION_CONNECTION */;
/*!40101 SET NAMES utf8mb4 */;

--
-- Database: `sayagimy_db_mpmh_baru`
--

-- --------------------------------------------------------

--
-- Table structure for table `analitik`
--

CREATE TABLE `analitik` (
  `id` int(11) NOT NULL,
  `id_user` int(11) NOT NULL,
  `level_user` tinyint(1) NOT NULL,
  `kegiatan` char(30) NOT NULL,
  `materi` char(20) DEFAULT NULL,
  `huruf` char(20) DEFAULT NULL,
  `waktu` timestamp NOT NULL DEFAULT current_timestamp()
) ENGINE=InnoDB DEFAULT CHARSET=latin1;

--
-- Dumping data for table `analitik`
--

INSERT INTO `analitik` (`id`, `id_user`, `level_user`, `kegiatan`, `materi`, `huruf`, `waktu`) VALUES
(1, 5, 2, 'login', NULL, NULL, '2020-08-16 12:13:18'),
(2, 6, 3, 'login', NULL, NULL, '2020-08-16 13:11:26'),
(3, 6, 3, 'diskusi', NULL, NULL, '2020-08-16 13:11:33'),
(4, 1, 1, 'diskusi', NULL, NULL, '2020-08-16 13:11:52'),
(5, 1, 1, 'diskusi', NULL, NULL, '2020-08-16 13:12:07'),
(6, 6, 3, 'diskusi', NULL, NULL, '2020-08-16 13:12:24'),
(7, 6, 3, 'diskusi', NULL, NULL, '2020-08-16 13:13:16'),
(8, 23, 3, 'login', NULL, NULL, '2020-08-16 13:20:26'),
(9, 23, 3, 'login', NULL, NULL, '2020-08-16 13:26:20'),
(10, 24, 3, 'login', NULL, NULL, '2020-08-16 13:31:14'),
(11, 24, 3, 'playvideo', 'Al-Jauf', 'Alif', '2020-08-16 13:31:45'),
(12, 24, 3, 'playvideo', 'Al-Jauf', 'Alif', '2020-08-16 13:31:58'),
(13, 24, 3, 'playvideo', 'Al-Jauf', 'Wawu', '2020-08-16 13:32:04'),
(14, 24, 3, 'playvideo', 'Al-Jauf', 'Ya', '2020-08-16 13:32:10'),
(15, 24, 3, 'playvideo', 'Al-Jauf', 'Alif', '2020-08-16 13:34:08'),
(16, 24, 3, 'playvideo', 'Al-Jauf', 'Wawu', '2020-08-16 13:34:14'),
(17, 24, 3, 'playvideo', 'Al-Jauf', 'Ya', '2020-08-16 13:34:21'),
(18, 24, 3, 'playvideo', 'Al-Jauf', 'Alif', '2020-08-16 13:34:33'),
(19, 24, 3, 'playvideo', 'Al-Halq', 'Ha', '2020-08-16 13:35:03'),
(20, 24, 3, 'playvideo', 'Al-Halq', 'Kho', '2020-08-16 13:35:10'),
(21, 24, 3, 'playvideo', 'Al-Halq', 'Ain', '2020-08-16 13:35:24'),
(22, 24, 3, 'playvideo', 'Al-Halq', 'Ghoin', '2020-08-16 13:35:40'),
(23, 24, 3, 'playvideo', 'Al-Halq', 'Haa', '2020-08-16 13:35:52'),
(24, 24, 3, 'playvideo', 'Al-Halq', 'Hamzah', '2020-08-16 13:36:03'),
(25, 2, 2, 'login', NULL, NULL, '2020-08-16 13:38:55'),
(26, 5, 2, 'login', NULL, NULL, '2020-08-16 13:39:20'),
(27, 23, 3, 'login', NULL, NULL, '2020-08-16 13:39:51'),
(28, 23, 3, 'playvideo', 'Al-Jauf', 'Alif', '2020-08-16 13:42:10'),
(29, 8, 3, 'login', NULL, NULL, '2020-08-16 13:43:57'),
(30, 23, 3, 'playvideo', 'Al-Jauf', 'Alif', '2020-08-16 13:43:57'),
(31, 23, 3, 'playvideo', 'Al-Jauf', 'Wawu', '2020-08-16 13:44:42'),
(32, 23, 3, 'playvideo', 'Al-Jauf', 'Ya', '2020-08-16 13:45:52'),
(33, 23, 3, 'playvideo', 'Al-Jauf', 'Wawu', '2020-08-16 13:46:50'),
(34, 5, 2, 'login', NULL, NULL, '2020-08-16 13:47:23'),
(35, 23, 3, 'playvideo', 'Al-Halq', 'Ha', '2020-08-16 13:47:42'),
(36, 23, 3, 'playvideo', 'Al-Halq', 'Kho', '2020-08-16 13:48:36'),
(37, 23, 3, 'playvideo', 'Al-Halq', 'Ain', '2020-08-16 13:50:02'),
(38, 23, 3, 'playvideo', 'Al-Halq', 'Kho', '2020-08-16 13:50:44'),
(39, 8, 3, 'login', NULL, NULL, '2020-08-16 13:51:19'),
(40, 23, 3, 'playvideo', 'Al-Halq', 'Ghoin', '2020-08-16 13:51:51'),
(41, 23, 3, 'playvideo', 'Al-Halq', 'Haa', '2020-08-16 13:53:04'),
(42, 23, 3, 'playvideo', 'Al-Halq', 'Hamzah', '2020-08-16 13:53:48'),
(43, 23, 3, 'playvideo', 'Al-Lisan', 'Ta', '2020-08-16 13:54:30'),
(44, 23, 3, 'playvideo', 'Al-Lisan', 'Tsa', '2020-08-16 13:55:09'),
(45, 23, 3, 'playvideo', 'Al-Lisan', 'Jim', '2020-08-16 13:55:48'),
(46, 24, 3, 'playvideo', 'Al-Lisan', 'Ta', '2020-08-16 13:56:03'),
(47, 23, 3, 'playvideo', 'Al-Lisan', 'Jim', '2020-08-16 13:56:51'),
(48, 23, 3, 'playvideo', 'Al-Lisan', 'Jim', '2020-08-16 13:56:52'),
(49, 23, 3, 'playvideo', 'Al-Lisan', 'Jim', '2020-08-16 13:56:52'),
(50, 24, 3, 'playvideo', 'Al-Lisan', 'Tsa', '2020-08-16 13:57:03'),
(51, 24, 3, 'playvideo', 'Al-Lisan', 'Jim', '2020-08-16 13:57:47'),
(53, 24, 3, 'playvideo', 'Al-Lisan', 'Dal', '2020-08-16 13:58:23'),
(54, 24, 3, 'playvideo', 'Al-Lisan', 'Dzal', '2020-08-16 13:59:12'),
(55, 24, 3, 'playvideo', 'Al-Lisan', 'Ro', '2020-08-16 13:59:55'),
(56, 23, 3, 'playvideo', 'Al-Lisan', 'Dzal', '2020-08-16 14:00:28'),
(57, 23, 3, 'playvideo', 'Al-Lisan', 'Dal', '2020-08-16 14:00:30'),
(58, 23, 3, 'playvideo', 'Al-Lisan', 'Ro', '2020-08-16 14:00:33'),
(59, 23, 3, 'playvideo', 'Al-Lisan', 'Zayy', '2020-08-16 14:01:25'),
(60, 23, 3, 'playvideo', 'Al-Lisan', 'Sin', '2020-08-16 14:01:56'),
(61, 23, 3, 'playvideo', 'Al-Lisan', 'Syin', '2020-08-16 14:02:05'),
(62, 24, 3, 'playvideo', 'Al-Lisan', 'Zayy', '2020-08-16 14:02:49'),
(63, 3, 2, 'login', NULL, NULL, '2020-08-16 14:03:21'),
(64, 23, 3, 'playvideo', 'Al-Lisan', 'Dhod', '2020-08-16 14:03:41'),
(65, 24, 3, 'playvideo', 'Al-Lisan', 'Sin', '2020-08-16 14:04:16'),
(66, 23, 3, 'playvideo', 'Al-Lisan', 'Tho', '2020-08-16 14:04:43'),
(67, 24, 3, 'playvideo', 'Al-Lisan', 'Syin', '2020-08-16 14:05:01'),
(68, 23, 3, 'playvideo', 'Al-Lisan', 'Zho', '2020-08-16 14:05:06'),
(69, 23, 3, 'playvideo', 'Al-Lisan', 'Qof', '2020-08-16 14:05:18'),
(70, 4, 2, 'login', NULL, NULL, '2020-08-16 14:05:40'),
(71, 24, 3, 'playvideo', 'Al-Lisan', 'Shod', '2020-08-16 14:06:00'),
(72, 23, 3, 'playvideo', 'Al-Lisan', 'Kaf', '2020-08-16 14:06:09'),
(73, 23, 3, 'playvideo', 'Al-Lisan', 'Lam', '2020-08-16 14:06:20'),
(74, 23, 3, 'playvideo', 'Al-Lisan', 'Nun', '2020-08-16 14:06:24'),
(75, 23, 3, 'playvideo', 'Al-Lisan', 'Ya', '2020-08-16 14:06:29'),
(76, 23, 3, 'playvideo', 'Asy-Syafatain', 'Ba', '2020-08-16 14:06:43'),
(77, 24, 3, 'playvideo', 'Al-Lisan', 'Dhod', '2020-08-16 14:06:47'),
(78, 23, 3, 'playvideo', 'Asy-Syafatain', 'Fa', '2020-08-16 14:07:33'),
(79, 7, 3, 'login', NULL, NULL, '2020-08-16 14:07:42'),
(80, 23, 3, 'playvideo', 'Asy-Syafatain', 'Mim', '2020-08-16 14:08:21'),
(81, 23, 3, 'playvideo', 'Asy-Syafatain', 'Wawu', '2020-08-16 14:08:42'),
(82, 24, 3, 'playvideo', 'Al-Lisan', 'Zho', '2020-08-16 14:09:03'),
(83, 24, 3, 'playvideo', 'Al-Lisan', 'Qof', '2020-08-16 14:09:25'),
(84, 23, 3, 'playvideo', 'Al-Khaisyum', 'Mim', '2020-08-16 14:10:27'),
(85, 24, 3, 'playvideo', 'Al-Lisan', 'Lam', '2020-08-16 14:10:30'),
(86, 24, 3, 'playvideo', 'Al-Lisan', 'Nun', '2020-08-16 14:10:56'),
(87, 23, 3, 'playvideo', 'Al-Khaisyum', 'Nun', '2020-08-16 14:11:03'),
(88, 24, 3, 'playvideo', 'Al-Lisan', 'Ya', '2020-08-16 14:11:28'),
(89, 24, 3, 'playvideo', 'Asy-Syafatain', 'Ba', '2020-08-16 14:12:32'),
(90, 24, 3, 'playvideo', 'Asy-Syafatain', 'Fa', '2020-08-16 14:13:09'),
(95, 24, 3, 'playvideo', 'Asy-Syafatain', 'Wawu', '2020-08-16 14:14:23'),
(96, 24, 3, 'playvideo', 'Al-Khaisyum', 'Mim', '2020-08-16 14:15:51'),
(97, 24, 3, 'playvideo', 'Al-Khaisyum', 'Nun', '2020-08-16 14:16:15'),
(141, 23, 3, 'playvideo', 'Al-Halq', 'Haa', '2020-08-16 14:28:46'),
(142, 23, 3, 'playvideo', 'Al-Halq', 'Hamzah', '2020-08-16 14:28:48'),
(205, 24, 3, 'rekam', 'Al-Jauf', 'Alif', '2020-08-16 14:39:35'),
(207, 24, 3, 'playrecord', 'Al-Jauf', 'Alif', '2020-08-16 14:39:38'),
(212, 24, 3, 'rekam', 'Al-Jauf', 'Alif', '2020-08-16 14:39:53'),
(213, 24, 3, 'playrecord', 'Al-Jauf', 'Alif', '2020-08-16 14:39:58'),
(214, 23, 3, 'playvideo', 'Al-Lisan', 'Dzal', '2020-08-16 14:40:36'),
(215, 23, 3, 'playvideo', 'Al-Lisan', 'Dzal', '2020-08-16 14:40:40'),
(216, 24, 3, 'rekam', 'Al-Jauf', 'Alif', '2020-08-16 14:41:00'),
(217, 24, 3, 'playrecord', 'Al-Jauf', 'Alif', '2020-08-16 14:41:03'),
(218, 23, 3, 'playvideo', 'Al-Lisan', 'Ro', '2020-08-16 14:41:17'),
(223, 2, 2, 'login', NULL, NULL, '2020-08-16 14:43:18'),
(228, 24, 3, 'rekam', 'Al-Jauf', 'Wawu', '2020-08-16 14:46:25'),
(229, 24, 3, 'playrecord', 'Al-Jauf', 'Wawu', '2020-08-16 14:46:28'),
(230, 24, 3, 'diskusi', NULL, NULL, '2020-08-16 14:46:45'),
(231, 24, 3, 'bagikan', 'Al-Jauf', 'Wawu', '2020-08-16 14:46:45'),
(234, 24, 3, 'rekam', 'Al-Jauf', 'Wawu', '2020-08-16 14:48:15'),
(235, 24, 3, 'playrecord', 'Al-Jauf', 'Wawu', '2020-08-16 14:48:18'),
(236, 24, 3, 'rekam', 'Al-Jauf', 'Ya', '2020-08-16 14:52:41'),
(237, 24, 3, 'playrecord', 'Al-Jauf', 'Ya', '2020-08-16 14:52:45'),
(238, 24, 3, 'rekam', 'Al-Jauf', 'Ya', '2020-08-16 14:52:59'),
(240, 24, 3, 'playrecord', 'Al-Jauf', 'Ya', '2020-08-16 14:53:01'),
(245, 24, 3, 'rekam', 'Al-Halq', 'Ha', '2020-08-16 14:54:40'),
(257, 24, 3, 'rekam', 'Al-Halq', 'Kho', '2020-08-16 14:56:17'),
(258, 24, 3, 'playrecord', 'Al-Halq', 'Kho', '2020-08-16 14:56:20'),
(259, 24, 3, 'rekam', 'Al-Halq', 'Kho', '2020-08-16 14:56:33'),
(260, 24, 3, 'playrecord', 'Al-Halq', 'Kho', '2020-08-16 14:56:36'),
(267, 24, 3, 'rekam', 'Al-Halq', 'Ain', '2020-08-16 15:00:10'),
(268, 24, 3, 'playrecord', 'Al-Halq', 'Ain', '2020-08-16 15:00:12'),
(287, 24, 3, 'rekam', 'Al-Halq', 'Ghoin', '2020-08-16 15:02:58'),
(288, 24, 3, 'playrecord', 'Al-Halq', 'Ghoin', '2020-08-16 15:03:00'),
(289, 33, 3, 'login', NULL, NULL, '2020-08-16 15:03:12'),
(290, 33, 3, 'playvideo', 'Al-Jauf', 'Alif', '2020-08-16 15:03:24'),
(291, 33, 3, 'playvideo', 'Al-Jauf', 'Alif', '2020-08-16 15:03:24'),
(292, 33, 3, 'playvideo', 'Al-Jauf', 'Alif', '2020-08-16 15:03:25'),
(293, 33, 3, 'playvideo', 'Al-Jauf', 'Alif', '2020-08-16 15:03:25'),
(294, 34, 3, 'login', NULL, NULL, '2020-08-16 15:03:55'),
(295, 33, 3, 'playvideo', 'Al-Jauf', 'Wawu', '2020-08-16 15:04:18'),
(296, 33, 3, 'playvideo', 'Al-Jauf', 'Wawu', '2020-08-16 15:04:19'),
(297, 33, 3, 'playvideo', 'Al-Jauf', 'Wawu', '2020-08-16 15:04:19'),
(298, 33, 3, 'playvideo', 'Al-Jauf', 'Wawu', '2020-08-16 15:04:19'),
(299, 33, 3, 'playvideo', 'Al-Jauf', 'Ya', '2020-08-16 15:04:25'),
(300, 33, 3, 'playvideo', 'Al-Halq', 'Ha', '2020-08-16 15:04:38'),
(301, 33, 3, 'playvideo', 'Al-Halq', 'Ha', '2020-08-16 15:04:38'),
(302, 33, 3, 'playvideo', 'Al-Halq', 'Ha', '2020-08-16 15:04:39'),
(303, 33, 3, 'playvideo', 'Al-Halq', 'Kho', '2020-08-16 15:04:47'),
(304, 33, 3, 'playvideo', 'Al-Halq', 'Kho', '2020-08-16 15:04:48'),
(305, 33, 3, 'playvideo', 'Al-Halq', 'Ain', '2020-08-16 15:04:54'),
(306, 33, 3, 'playvideo', 'Al-Halq', 'Ain', '2020-08-16 15:04:55'),
(307, 33, 3, 'playvideo', 'Al-Halq', 'Ain', '2020-08-16 15:04:55'),
(308, 33, 3, 'playvideo', 'Al-Halq', 'Ain', '2020-08-16 15:04:56'),
(309, 33, 3, 'playvideo', 'Al-Halq', 'Ghoin', '2020-08-16 15:05:02'),
(310, 33, 3, 'playvideo', 'Al-Halq', 'Ghoin', '2020-08-16 15:05:03'),
(311, 33, 3, 'playvideo', 'Al-Halq', 'Ghoin', '2020-08-16 15:05:04'),
(312, 33, 3, 'playvideo', 'Al-Halq', 'Haa', '2020-08-16 15:05:10'),
(313, 33, 3, 'playvideo', 'Al-Halq', 'Haa', '2020-08-16 15:05:10'),
(314, 33, 3, 'playvideo', 'Al-Halq', 'Haa', '2020-08-16 15:05:11'),
(315, 33, 3, 'playvideo', 'Al-Halq', 'Haa', '2020-08-16 15:05:11'),
(316, 33, 3, 'playvideo', 'Al-Halq', 'Hamzah', '2020-08-16 15:05:17'),
(317, 33, 3, 'playvideo', 'Al-Halq', 'Hamzah', '2020-08-16 15:05:17'),
(318, 33, 3, 'playvideo', 'Al-Halq', 'Hamzah', '2020-08-16 15:05:17'),
(319, 33, 3, 'playvideo', 'Al-Halq', 'Hamzah', '2020-08-16 15:05:18'),
(320, 34, 3, 'playvideo', 'Al-Jauf', 'Alif', '2020-08-16 15:05:34'),
(321, 34, 3, 'playvideo', 'Al-Jauf', 'Alif', '2020-08-16 15:05:36'),
(322, 34, 3, 'playvideo', 'Al-Jauf', 'Alif', '2020-08-16 15:05:37'),
(323, 34, 3, 'playvideo', 'Al-Jauf', 'Alif', '2020-08-16 15:05:38'),
(324, 33, 3, 'playvideo', 'Asy-Syafatain', 'Ba', '2020-08-16 15:05:39'),
(325, 33, 3, 'playvideo', 'Asy-Syafatain', 'Ba', '2020-08-16 15:05:40'),
(326, 33, 3, 'playvideo', 'Asy-Syafatain', 'Ba', '2020-08-16 15:05:40'),
(327, 33, 3, 'playvideo', 'Asy-Syafatain', 'Ba', '2020-08-16 15:05:40'),
(328, 24, 3, 'rekam', 'Al-Halq', 'Haa', '2020-08-16 15:05:45'),
(329, 24, 3, 'playrecord', 'Al-Halq', 'Haa', '2020-08-16 15:05:47'),
(330, 33, 3, 'playvideo', 'Asy-Syafatain', 'Fa', '2020-08-16 15:05:52'),
(331, 33, 3, 'playvideo', 'Asy-Syafatain', 'Fa', '2020-08-16 15:05:52'),
(332, 33, 3, 'playvideo', 'Asy-Syafatain', 'Fa', '2020-08-16 15:05:53'),
(333, 24, 3, 'rekam', 'Al-Halq', 'Haa', '2020-08-16 15:05:57'),
(334, 24, 3, 'playrecord', 'Al-Halq', 'Haa', '2020-08-16 15:06:00'),
(335, 33, 3, 'playvideo', 'Asy-Syafatain', 'Mim', '2020-08-16 15:06:00'),
(336, 33, 3, 'playvideo', 'Asy-Syafatain', 'Mim', '2020-08-16 15:06:01'),
(337, 33, 3, 'playvideo', 'Asy-Syafatain', 'Mim', '2020-08-16 15:06:01'),
(338, 33, 3, 'playvideo', 'Asy-Syafatain', 'Mim', '2020-08-16 15:06:02'),
(339, 24, 3, 'rekam', 'Al-Halq', 'Hamzah', '2020-08-16 15:06:37'),
(340, 24, 3, 'playrecord', 'Al-Halq', 'Hamzah', '2020-08-16 15:06:40'),
(341, 33, 3, 'playvideo', 'Al-Khaisyum', 'Nun', '2020-08-16 15:07:05'),
(342, 33, 3, 'playvideo', 'Al-Khaisyum', 'Nun', '2020-08-16 15:07:05'),
(343, 33, 3, 'playvideo', 'Al-Khaisyum', 'Nun', '2020-08-16 15:07:05'),
(344, 33, 3, 'playvideo', 'Al-Khaisyum', 'Nun', '2020-08-16 15:07:06'),
(345, 24, 3, 'rekam', 'Asy-Syafatain', 'Ba', '2020-08-16 15:07:18'),
(346, 24, 3, 'playrecord', 'Asy-Syafatain', 'Ba', '2020-08-16 15:07:24'),
(347, 24, 3, 'rekam', 'Asy-Syafatain', 'Fa', '2020-08-16 15:08:03'),
(348, 24, 3, 'playrecord', 'Asy-Syafatain', 'Fa', '2020-08-16 15:08:09'),
(349, 24, 3, 'rekam', 'Asy-Syafatain', 'Fa', '2020-08-16 15:08:16'),
(350, 24, 3, 'playrecord', 'Asy-Syafatain', 'Fa', '2020-08-16 15:08:19'),
(351, 24, 3, 'rekam', 'Asy-Syafatain', 'Mim', '2020-08-16 15:08:57'),
(352, 24, 3, 'playrecord', 'Asy-Syafatain', 'Mim', '2020-08-16 15:09:00'),
(353, 24, 3, 'rekam', 'Asy-Syafatain', 'Wawu', '2020-08-16 15:09:36'),
(354, 34, 3, 'playvideo', 'Al-Halq', 'Ain', '2020-08-16 15:09:36'),
(355, 34, 3, 'playvideo', 'Al-Halq', 'Ain', '2020-08-16 15:09:37'),
(356, 34, 3, 'playvideo', 'Al-Halq', 'Ain', '2020-08-16 15:09:38'),
(357, 24, 3, 'playrecord', 'Asy-Syafatain', 'Wawu', '2020-08-16 15:09:39'),
(358, 24, 3, 'rekam', 'Asy-Syafatain', 'Wawu', '2020-08-16 15:09:49'),
(359, 24, 3, 'playrecord', 'Asy-Syafatain', 'Wawu', '2020-08-16 15:09:52'),
(360, 34, 3, 'playvideo', 'Al-Halq', 'Ghoin', '2020-08-16 15:10:01'),
(361, 34, 3, 'playvideo', 'Al-Halq', 'Ghoin', '2020-08-16 15:10:02'),
(362, 34, 3, 'playvideo', 'Al-Halq', 'Ghoin', '2020-08-16 15:10:02'),
(363, 24, 3, 'rekam', 'Al-Khaisyum', 'Mim', '2020-08-16 15:10:50'),
(364, 24, 3, 'playrecord', 'Al-Khaisyum', 'Mim', '2020-08-16 15:10:56'),
(365, 24, 3, 'rekam', 'Al-Khaisyum', 'Nun', '2020-08-16 15:11:37'),
(366, 24, 3, 'rekam', 'Al-Khaisyum', 'Nun', '2020-08-16 15:11:45'),
(367, 24, 3, 'playrecord', 'Al-Khaisyum', 'Nun', '2020-08-16 15:11:52'),
(368, 34, 3, 'playvideo', 'Al-Khaisyum', 'Mim', '2020-08-16 15:13:15'),
(369, 34, 3, 'playvideo', 'Al-Khaisyum', 'Mim', '2020-08-16 15:13:16'),
(370, 34, 3, 'playvideo', 'Al-Khaisyum', 'Mim', '2020-08-16 15:13:17'),
(371, 34, 3, 'playvideo', 'Al-Khaisyum', 'Nun', '2020-08-16 15:13:19'),
(372, 34, 3, 'playvideo', 'Al-Khaisyum', 'Nun', '2020-08-16 15:13:19'),
(373, 34, 3, 'playvideo', 'Al-Khaisyum', 'Nun', '2020-08-16 15:13:20'),
(374, 34, 3, 'playvideo', 'Asy-Syafatain', 'Ba', '2020-08-16 15:16:34'),
(375, 34, 3, 'playvideo', 'Asy-Syafatain', 'Ba', '2020-08-16 15:16:35'),
(376, 34, 3, 'playvideo', 'Asy-Syafatain', 'Ba', '2020-08-16 15:16:36'),
(377, 34, 3, 'playvideo', 'Asy-Syafatain', 'Ba', '2020-08-16 15:16:37'),
(378, 34, 3, 'playvideo', 'Asy-Syafatain', 'Fa', '2020-08-16 15:17:22'),
(379, 34, 3, 'playvideo', 'Asy-Syafatain', 'Fa', '2020-08-16 15:17:25'),
(380, 34, 3, 'playvideo', 'Asy-Syafatain', 'Fa', '2020-08-16 15:17:25'),
(381, 34, 3, 'playvideo', 'Asy-Syafatain', 'Fa', '2020-08-16 15:17:27'),
(382, 34, 3, 'login', NULL, NULL, '2020-08-16 15:23:31'),
(383, 23, 3, 'playvideo', 'Al-Lisan', 'Shod', '2020-08-16 15:25:59'),
(384, 34, 3, 'login', NULL, NULL, '2020-08-16 15:32:51'),
(385, 34, 3, 'rekam', 'Al-Jauf', 'Alif', '2020-08-16 15:34:44'),
(386, 34, 3, 'playrecord', 'Al-Jauf', 'Alif', '2020-08-16 15:34:49'),
(387, 34, 3, 'rekam', 'Al-Jauf', 'Alif', '2020-08-16 15:35:13'),
(388, 34, 3, 'rekam', 'Al-Jauf', 'Alif', '2020-08-16 15:35:25'),
(389, 34, 3, 'playrecord', 'Al-Jauf', 'Alif', '2020-08-16 15:35:29'),
(390, 34, 3, 'rekam', 'Al-Jauf', 'Wawu', '2020-08-16 15:37:01'),
(391, 34, 3, 'playrecord', 'Al-Jauf', 'Wawu', '2020-08-16 15:37:05'),
(392, 34, 3, 'rekam', 'Al-Jauf', 'Wawu', '2020-08-16 15:37:21'),
(393, 34, 3, 'rekam', 'Al-Jauf', 'Ya', '2020-08-16 15:39:32'),
(394, 34, 3, 'rekam', 'Al-Jauf', 'Ya', '2020-08-16 15:39:39'),
(395, 34, 3, 'rekam', 'Al-Halq', 'Ha', '2020-08-16 15:40:24'),
(396, 34, 3, 'rekam', 'Al-Halq', 'Ha', '2020-08-16 15:40:36'),
(397, 34, 3, 'rekam', 'Al-Halq', 'Ha', '2020-08-16 15:40:44'),
(398, 34, 3, 'rekam', 'Al-Halq', 'Kho', '2020-08-16 15:41:55'),
(399, 34, 3, 'rekam', 'Al-Halq', 'Kho', '2020-08-16 15:42:09'),
(400, 34, 3, 'rekam', 'Al-Halq', 'Ain', '2020-08-16 15:42:54'),
(401, 34, 3, 'rekam', 'Al-Halq', 'Ghoin', '2020-08-16 15:43:39'),
(402, 34, 3, 'rekam', 'Al-Halq', 'Haa', '2020-08-16 15:44:27'),
(403, 34, 3, 'rekam', 'Al-Halq', 'Haa', '2020-08-16 15:44:34'),
(404, 24, 3, 'playvideo', 'Al-Lisan', 'Jim', '2020-08-16 15:44:34'),
(405, 34, 3, 'playrecord', 'Al-Halq', 'Haa', '2020-08-16 15:44:41'),
(406, 24, 3, 'playvideo', 'Al-Lisan', 'Ta', '2020-08-16 15:44:57'),
(407, 33, 3, 'playvideo', 'Al-Lisan', 'Ta', '2020-08-16 15:45:17'),
(408, 33, 3, 'playvideo', 'Al-Lisan', 'Ta', '2020-08-16 15:45:17'),
(409, 33, 3, 'playvideo', 'Al-Lisan', 'Ta', '2020-08-16 15:45:18'),
(410, 33, 3, 'playvideo', 'Al-Lisan', 'Ta', '2020-08-16 15:45:18'),
(411, 34, 3, 'rekam', 'Al-Halq', 'Hamzah', '2020-08-16 15:45:25'),
(412, 33, 3, 'playvideo', 'Al-Lisan', 'Tsa', '2020-08-16 15:45:27'),
(413, 33, 3, 'playvideo', 'Al-Lisan', 'Tsa', '2020-08-16 15:45:27'),
(414, 33, 3, 'playvideo', 'Al-Lisan', 'Tsa', '2020-08-16 15:45:28'),
(415, 33, 3, 'playvideo', 'Al-Lisan', 'Tsa', '2020-08-16 15:45:30'),
(416, 24, 3, 'playvideo', 'Al-Lisan', 'Tsa', '2020-08-16 15:45:32'),
(417, 33, 3, 'playvideo', 'Al-Lisan', 'Jim', '2020-08-16 15:45:39'),
(418, 33, 3, 'playvideo', 'Al-Lisan', 'Jim', '2020-08-16 15:45:41'),
(419, 33, 3, 'playvideo', 'Al-Lisan', 'Dal', '2020-08-16 15:45:49'),
(420, 33, 3, 'playvideo', 'Al-Lisan', 'Dal', '2020-08-16 15:45:50'),
(421, 33, 3, 'playvideo', 'Al-Lisan', 'Dal', '2020-08-16 15:45:51'),
(422, 33, 3, 'playvideo', 'Al-Lisan', 'Dal', '2020-08-16 15:45:52'),
(423, 24, 3, 'playvideo', 'Al-Lisan', 'Dal', '2020-08-16 15:46:01'),
(424, 33, 3, 'playvideo', 'Al-Lisan', 'Dzal', '2020-08-16 15:46:06'),
(425, 33, 3, 'playvideo', 'Al-Lisan', 'Dzal', '2020-08-16 15:46:08'),
(426, 34, 3, 'rekam', 'Asy-Syafatain', 'Ba', '2020-08-16 15:46:14'),
(427, 33, 3, 'playvideo', 'Al-Lisan', 'Ro', '2020-08-16 15:46:19'),
(428, 33, 3, 'playvideo', 'Al-Lisan', 'Ro', '2020-08-16 15:46:20'),
(429, 33, 3, 'playvideo', 'Al-Lisan', 'Ro', '2020-08-16 15:46:21'),
(430, 34, 3, 'rekam', 'Asy-Syafatain', 'Ba', '2020-08-16 15:46:25'),
(431, 34, 3, 'playrecord', 'Asy-Syafatain', 'Ba', '2020-08-16 15:46:32'),
(432, 33, 3, 'playvideo', 'Al-Lisan', 'Sin', '2020-08-16 15:46:45'),
(433, 33, 3, 'playvideo', 'Al-Lisan', 'Sin', '2020-08-16 15:46:45'),
(434, 33, 3, 'playvideo', 'Al-Lisan', 'Sin', '2020-08-16 15:46:45'),
(435, 33, 3, 'playvideo', 'Al-Lisan', 'Sin', '2020-08-16 15:46:46'),
(436, 33, 3, 'playvideo', 'Al-Lisan', 'Syin', '2020-08-16 15:46:54'),
(437, 33, 3, 'playvideo', 'Al-Lisan', 'Syin', '2020-08-16 15:46:54'),
(438, 33, 3, 'playvideo', 'Al-Lisan', 'Syin', '2020-08-16 15:46:55'),
(439, 33, 3, 'playvideo', 'Al-Lisan', 'Syin', '2020-08-16 15:46:55'),
(440, 33, 3, 'playvideo', 'Al-Lisan', 'Shod', '2020-08-16 15:47:04'),
(441, 33, 3, 'playvideo', 'Al-Lisan', 'Shod', '2020-08-16 15:47:04'),
(442, 33, 3, 'playvideo', 'Al-Lisan', 'Shod', '2020-08-16 15:47:05'),
(443, 33, 3, 'playvideo', 'Al-Lisan', 'Shod', '2020-08-16 15:47:05'),
(444, 33, 3, 'playvideo', 'Al-Lisan', 'Dhod', '2020-08-16 15:47:14'),
(445, 33, 3, 'playvideo', 'Al-Lisan', 'Dhod', '2020-08-16 15:47:15'),
(446, 33, 3, 'playvideo', 'Al-Lisan', 'Dhod', '2020-08-16 15:47:15'),
(447, 33, 3, 'playvideo', 'Al-Lisan', 'Dhod', '2020-08-16 15:47:16'),
(448, 24, 3, 'playvideo', 'Al-Lisan', 'Kaf', '2020-08-16 15:47:20'),
(449, 33, 3, 'playvideo', 'Al-Lisan', 'Tho', '2020-08-16 15:47:27'),
(450, 33, 3, 'playvideo', 'Al-Lisan', 'Tho', '2020-08-16 15:47:27'),
(451, 33, 3, 'playvideo', 'Al-Lisan', 'Tho', '2020-08-16 15:47:28'),
(452, 33, 3, 'playvideo', 'Al-Lisan', 'Tho', '2020-08-16 15:47:28'),
(453, 34, 3, 'rekam', 'Asy-Syafatain', 'Fa', '2020-08-16 15:47:29'),
(454, 33, 3, 'playvideo', 'Al-Lisan', 'Zho', '2020-08-16 15:47:37'),
(455, 33, 3, 'playvideo', 'Al-Lisan', 'Zho', '2020-08-16 15:47:38'),
(456, 33, 3, 'playvideo', 'Al-Lisan', 'Zho', '2020-08-16 15:47:38'),
(457, 33, 3, 'playvideo', 'Al-Lisan', 'Zho', '2020-08-16 15:47:38'),
(458, 34, 3, 'rekam', 'Asy-Syafatain', 'Fa', '2020-08-16 15:47:41'),
(459, 34, 3, 'playrecord', 'Asy-Syafatain', 'Fa', '2020-08-16 15:47:44'),
(460, 33, 3, 'playvideo', 'Al-Lisan', 'Qof', '2020-08-16 15:47:48'),
(461, 33, 3, 'playvideo', 'Al-Lisan', 'Qof', '2020-08-16 15:47:49'),
(462, 33, 3, 'playvideo', 'Al-Lisan', 'Qof', '2020-08-16 15:47:49'),
(463, 33, 3, 'playvideo', 'Al-Lisan', 'Qof', '2020-08-16 15:47:50'),
(464, 23, 3, 'rekam', 'Al-Jauf', 'Alif', '2020-08-16 15:47:55'),
(465, 33, 3, 'playvideo', 'Al-Lisan', 'Kaf', '2020-08-16 15:47:56'),
(466, 33, 3, 'playvideo', 'Al-Lisan', 'Kaf', '2020-08-16 15:47:57'),
(467, 33, 3, 'playvideo', 'Al-Lisan', 'Kaf', '2020-08-16 15:47:57'),
(468, 33, 3, 'playvideo', 'Al-Lisan', 'Kaf', '2020-08-16 15:47:57'),
(469, 23, 3, 'playrecord', 'Al-Jauf', 'Alif', '2020-08-16 15:47:58'),
(470, 24, 3, 'playvideo', 'Al-Lisan', 'Dzal', '2020-08-16 15:47:59'),
(471, 23, 3, 'playrecord', 'Al-Jauf', 'Alif', '2020-08-16 15:48:04'),
(472, 33, 3, 'playvideo', 'Al-Lisan', 'Lam', '2020-08-16 15:48:07'),
(473, 33, 3, 'playvideo', 'Al-Lisan', 'Lam', '2020-08-16 15:48:08'),
(474, 33, 3, 'playvideo', 'Al-Lisan', 'Lam', '2020-08-16 15:48:08'),
(475, 33, 3, 'playvideo', 'Al-Lisan', 'Lam', '2020-08-16 15:48:08'),
(476, 34, 3, 'rekam', 'Asy-Syafatain', 'Mim', '2020-08-16 15:48:29'),
(477, 34, 3, 'playrecord', 'Asy-Syafatain', 'Mim', '2020-08-16 15:48:31'),
(478, 24, 3, 'playvideo', 'Al-Lisan', 'Ro', '2020-08-16 15:48:48'),
(479, 24, 3, 'playvideo', 'Al-Lisan', 'Zayy', '2020-08-16 15:49:08'),
(480, 34, 3, 'rekam', 'Asy-Syafatain', 'Wawu', '2020-08-16 15:49:08'),
(481, 23, 3, 'rekam', 'Al-Jauf', 'Wawu', '2020-08-16 15:49:39'),
(482, 23, 3, 'playrecord', 'Al-Jauf', 'Wawu', '2020-08-16 15:49:43'),
(483, 24, 3, 'playvideo', 'Al-Lisan', 'Sin', '2020-08-16 15:49:44'),
(484, 34, 3, 'rekam', 'Al-Khaisyum', 'Mim', '2020-08-16 15:50:00'),
(485, 23, 3, 'rekam', 'Al-Jauf', 'Wawu', '2020-08-16 15:50:04'),
(486, 33, 3, 'playvideo', 'Al-Lisan', 'Ya', '2020-08-16 15:50:06'),
(487, 33, 3, 'playvideo', 'Al-Lisan', 'Ya', '2020-08-16 15:50:06'),
(488, 33, 3, 'playvideo', 'Al-Lisan', 'Ya', '2020-08-16 15:50:07'),
(489, 34, 3, 'rekam', 'Al-Khaisyum', 'Mim', '2020-08-16 15:50:09'),
(490, 24, 3, 'playvideo', 'Al-Lisan', 'Syin', '2020-08-16 15:50:09'),
(491, 24, 3, 'playvideo', 'Al-Lisan', 'Shod', '2020-08-16 15:50:30'),
(492, 34, 3, 'rekam', 'Al-Khaisyum', 'Nun', '2020-08-16 15:50:48'),
(493, 24, 3, 'playvideo', 'Al-Lisan', 'Dhod', '2020-08-16 15:50:50'),
(494, 23, 3, 'rekam', 'Al-Jauf', 'Ya', '2020-08-16 15:51:09'),
(495, 24, 3, 'playvideo', 'Al-Lisan', 'Tho', '2020-08-16 15:51:12'),
(496, 23, 3, 'playrecord', 'Al-Jauf', 'Ya', '2020-08-16 15:51:13'),
(497, 23, 3, 'rekam', 'Al-Jauf', 'Ya', '2020-08-16 15:51:30'),
(498, 23, 3, 'playrecord', 'Al-Jauf', 'Ya', '2020-08-16 15:51:34'),
(499, 24, 3, 'playvideo', 'Al-Lisan', 'Qof', '2020-08-16 15:52:05'),
(500, 33, 3, 'rekam', 'Al-Jauf', 'Ya', '2020-08-16 15:52:07'),
(501, 33, 3, 'playrecord', 'Al-Jauf', 'Ya', '2020-08-16 15:52:09'),
(502, 33, 3, 'rekam', 'Al-Jauf', 'Ya', '2020-08-16 15:52:32'),
(503, 24, 3, 'playvideo', 'Al-Lisan', 'Ya', '2020-08-16 15:52:41'),
(504, 23, 3, 'rekam', 'Al-Halq', 'Ha', '2020-08-16 15:52:56'),
(505, 23, 3, 'playrecord', 'Al-Halq', 'Ha', '2020-08-16 15:52:58'),
(506, 34, 3, 'playvideo', 'Al-Lisan', 'Ta', '2020-08-16 15:53:00'),
(507, 34, 3, 'playvideo', 'Al-Lisan', 'Ta', '2020-08-16 15:53:01'),
(508, 34, 3, 'playvideo', 'Al-Lisan', 'Ta', '2020-08-16 15:53:01'),
(509, 24, 3, 'playvideo', 'Al-Lisan', 'Nun', '2020-08-16 15:53:02'),
(510, 34, 3, 'playvideo', 'Al-Lisan', 'Ta', '2020-08-16 15:53:02'),
(511, 23, 3, 'rekam', 'Al-Halq', 'Ha', '2020-08-16 15:53:11'),
(512, 23, 3, 'playrecord', 'Al-Halq', 'Ha', '2020-08-16 15:53:13'),
(513, 23, 3, 'rekam', 'Al-Halq', 'Ha', '2020-08-16 15:53:20'),
(514, 23, 3, 'playrecord', 'Al-Halq', 'Ha', '2020-08-16 15:53:22'),
(515, 24, 3, 'playvideo', 'Al-Lisan', 'Lam', '2020-08-16 15:53:23'),
(516, 33, 3, 'rekam', 'Al-Jauf', 'Wawu', '2020-08-16 15:53:51'),
(517, 33, 3, 'playrecord', 'Al-Jauf', 'Wawu', '2020-08-16 15:53:53'),
(518, 33, 3, 'rekam', 'Al-Jauf', 'Wawu', '2020-08-16 15:54:09'),
(519, 33, 3, 'playrecord', 'Al-Jauf', 'Wawu', '2020-08-16 15:54:11'),
(520, 33, 3, 'playrecord', 'Al-Jauf', 'Wawu', '2020-08-16 15:54:18'),
(521, 33, 3, 'playrecord', 'Al-Jauf', 'Wawu', '2020-08-16 15:54:20'),
(522, 33, 3, 'playrecord', 'Al-Jauf', 'Wawu', '2020-08-16 15:54:20'),
(523, 33, 3, 'rekam', 'Al-Jauf', 'Wawu', '2020-08-16 15:54:34'),
(524, 34, 3, 'playvideo', 'Al-Lisan', 'Tsa', '2020-08-16 15:55:01'),
(525, 34, 3, 'playvideo', 'Al-Lisan', 'Tsa', '2020-08-16 15:55:09'),
(526, 34, 3, 'playvideo', 'Al-Lisan', 'Tsa', '2020-08-16 15:55:10'),
(527, 34, 3, 'playvideo', 'Al-Lisan', 'Jim', '2020-08-16 15:55:47'),
(528, 23, 3, 'rekam', 'Al-Halq', 'Kho', '2020-08-16 15:55:51'),
(529, 23, 3, 'playrecord', 'Al-Halq', 'Kho', '2020-08-16 15:55:53'),
(530, 23, 3, 'playrecord', 'Al-Halq', 'Kho', '2020-08-16 15:55:58'),
(531, 23, 3, 'playrecord', 'Al-Halq', 'Kho', '2020-08-16 15:56:01'),
(532, 23, 3, 'playrecord', 'Al-Halq', 'Kho', '2020-08-16 15:56:05'),
(533, 24, 3, 'rekam', 'Al-Lisan', 'Ta', '2020-08-16 15:56:18'),
(534, 24, 3, 'playrecord', 'Al-Lisan', 'Ta', '2020-08-16 15:56:21'),
(535, 24, 3, 'rekam', 'Al-Lisan', 'Tsa', '2020-08-16 15:56:54'),
(536, 24, 3, 'playrecord', 'Al-Lisan', 'Tsa', '2020-08-16 15:56:57'),
(537, 24, 3, 'rekam', 'Al-Lisan', 'Jim', '2020-08-16 15:57:31'),
(538, 24, 3, 'playrecord', 'Al-Lisan', 'Jim', '2020-08-16 15:57:34'),
(539, 24, 3, 'rekam', 'Al-Lisan', 'Jim', '2020-08-16 15:57:45'),
(540, 24, 3, 'playrecord', 'Al-Lisan', 'Jim', '2020-08-16 15:57:48'),
(541, 24, 3, 'rekam', 'Al-Lisan', 'Dal', '2020-08-16 15:58:35'),
(542, 24, 3, 'playrecord', 'Al-Lisan', 'Dal', '2020-08-16 15:58:38'),
(543, 24, 3, 'rekam', 'Al-Lisan', 'Dal', '2020-08-16 15:59:48'),
(544, 24, 3, 'rekam', 'Al-Lisan', 'Dal', '2020-08-16 15:59:57'),
(545, 24, 3, 'playrecord', 'Al-Lisan', 'Dal', '2020-08-16 15:59:59'),
(546, 23, 3, 'rekam', 'Al-Halq', 'Ain', '2020-08-16 16:00:48'),
(547, 23, 3, 'playrecord', 'Al-Halq', 'Ain', '2020-08-16 16:00:50'),
(548, 23, 3, 'playrecord', 'Al-Halq', 'Ain', '2020-08-16 16:01:00'),
(549, 23, 3, 'playrecord', 'Al-Halq', 'Ain', '2020-08-16 16:01:08'),
(550, 24, 3, 'rekam', 'Al-Lisan', 'Dzal', '2020-08-16 16:01:11'),
(551, 24, 3, 'playrecord', 'Al-Lisan', 'Dzal', '2020-08-16 16:01:13'),
(552, 24, 3, 'rekam', 'Al-Lisan', 'Ro', '2020-08-16 16:01:53'),
(553, 24, 3, 'playrecord', 'Al-Lisan', 'Ro', '2020-08-16 16:01:57'),
(554, 33, 3, 'rekam', 'Al-Jauf', 'Alif', '2020-08-16 16:02:24'),
(555, 33, 3, 'playrecord', 'Al-Jauf', 'Alif', '2020-08-16 16:02:25'),
(556, 24, 3, 'rekam', 'Al-Lisan', 'Zayy', '2020-08-16 16:02:33'),
(557, 24, 3, 'playrecord', 'Al-Lisan', 'Zayy', '2020-08-16 16:02:36'),
(558, 34, 3, 'playvideo', 'Al-Lisan', 'Dzal', '2020-08-16 16:03:01'),
(559, 33, 3, 'rekam', 'Al-Halq', 'Ha', '2020-08-16 16:03:01'),
(560, 34, 3, 'playvideo', 'Al-Lisan', 'Dzal', '2020-08-16 16:03:01'),
(561, 34, 3, 'playvideo', 'Al-Lisan', 'Dzal', '2020-08-16 16:03:01'),
(562, 34, 3, 'playvideo', 'Al-Lisan', 'Dzal', '2020-08-16 16:03:02'),
(563, 33, 3, 'playrecord', 'Al-Halq', 'Ha', '2020-08-16 16:03:02'),
(564, 24, 3, 'rekam', 'Al-Lisan', 'Sin', '2020-08-16 16:03:11'),
(565, 24, 3, 'playrecord', 'Al-Lisan', 'Sin', '2020-08-16 16:03:14'),
(566, 33, 3, 'rekam', 'Al-Halq', 'Ha', '2020-08-16 16:03:16'),
(567, 33, 3, 'playrecord', 'Al-Halq', 'Ha', '2020-08-16 16:03:18'),
(568, 33, 3, 'playrecord', 'Al-Halq', 'Ha', '2020-08-16 16:03:20'),
(569, 33, 3, 'playrecord', 'Al-Halq', 'Ha', '2020-08-16 16:03:20'),
(570, 33, 3, 'playrecord', 'Al-Halq', 'Ha', '2020-08-16 16:03:21'),
(571, 24, 3, 'rekam', 'Al-Lisan', 'Syin', '2020-08-16 16:03:51'),
(572, 33, 3, 'rekam', 'Al-Halq', 'Kho', '2020-08-16 16:03:52'),
(573, 33, 3, 'playrecord', 'Al-Halq', 'Kho', '2020-08-16 16:03:53'),
(574, 24, 3, 'playrecord', 'Al-Lisan', 'Syin', '2020-08-16 16:03:53'),
(575, 33, 3, 'playrecord', 'Al-Halq', 'Kho', '2020-08-16 16:03:59'),
(576, 34, 3, 'playvideo', 'Al-Lisan', 'Ro', '2020-08-16 16:04:09'),
(577, 34, 3, 'playvideo', 'Al-Lisan', 'Ro', '2020-08-16 16:04:09'),
(578, 34, 3, 'playvideo', 'Al-Lisan', 'Ro', '2020-08-16 16:04:09'),
(579, 33, 3, 'rekam', 'Al-Halq', 'Kho', '2020-08-16 16:04:10'),
(580, 33, 3, 'playrecord', 'Al-Halq', 'Kho', '2020-08-16 16:04:14'),
(581, 33, 3, 'playrecord', 'Al-Halq', 'Kho', '2020-08-16 16:04:19'),
(582, 24, 3, 'rekam', 'Al-Lisan', 'Shod', '2020-08-16 16:04:32'),
(583, 24, 3, 'playrecord', 'Al-Lisan', 'Shod', '2020-08-16 16:04:41'),
(584, 34, 3, 'playvideo', 'Al-Lisan', 'Zayy', '2020-08-16 16:05:03'),
(585, 34, 3, 'playvideo', 'Al-Lisan', 'Zayy', '2020-08-16 16:05:03'),
(586, 34, 3, 'playvideo', 'Al-Lisan', 'Zayy', '2020-08-16 16:05:03'),
(587, 34, 3, 'playvideo', 'Al-Lisan', 'Zayy', '2020-08-16 16:05:04'),
(588, 33, 3, 'rekam', 'Al-Halq', 'Ain', '2020-08-16 16:05:14'),
(589, 33, 3, 'playrecord', 'Al-Halq', 'Ain', '2020-08-16 16:05:15'),
(590, 24, 3, 'rekam', 'Al-Lisan', 'Dhod', '2020-08-16 16:05:17'),
(591, 24, 3, 'playrecord', 'Al-Lisan', 'Dhod', '2020-08-16 16:05:20'),
(592, 33, 3, 'rekam', 'Al-Halq', 'Ain', '2020-08-16 16:05:23'),
(593, 33, 3, 'playrecord', 'Al-Halq', 'Ain', '2020-08-16 16:05:24'),
(594, 33, 3, 'playrecord', 'Al-Halq', 'Ain', '2020-08-16 16:05:25'),
(595, 33, 3, 'playrecord', 'Al-Halq', 'Ain', '2020-08-16 16:05:26'),
(596, 33, 3, 'rekam', 'Al-Halq', 'Ain', '2020-08-16 16:05:35'),
(597, 33, 3, 'playrecord', 'Al-Halq', 'Ain', '2020-08-16 16:05:36'),
(598, 33, 3, 'rekam', 'Al-Halq', 'Ain', '2020-08-16 16:05:43'),
(599, 34, 3, 'playvideo', 'Al-Lisan', 'Sin', '2020-08-16 16:05:48'),
(600, 34, 3, 'playvideo', 'Al-Lisan', 'Sin', '2020-08-16 16:05:49'),
(601, 34, 3, 'playvideo', 'Al-Lisan', 'Sin', '2020-08-16 16:05:49'),
(602, 34, 3, 'playvideo', 'Al-Lisan', 'Syin', '2020-08-16 16:06:18'),
(603, 34, 3, 'playvideo', 'Al-Lisan', 'Syin', '2020-08-16 16:06:18'),
(604, 34, 3, 'playvideo', 'Al-Lisan', 'Syin', '2020-08-16 16:06:19'),
(605, 34, 3, 'playvideo', 'Al-Lisan', 'Syin', '2020-08-16 16:06:20'),
(606, 24, 3, 'rekam', 'Al-Lisan', 'Tho', '2020-08-16 16:06:23'),
(607, 24, 3, 'playrecord', 'Al-Lisan', 'Tho', '2020-08-16 16:06:25'),
(608, 34, 3, 'playvideo', 'Al-Lisan', 'Shod', '2020-08-16 16:06:50'),
(609, 34, 3, 'playvideo', 'Al-Lisan', 'Shod', '2020-08-16 16:06:50'),
(610, 34, 3, 'playvideo', 'Al-Lisan', 'Shod', '2020-08-16 16:06:50'),
(611, 34, 3, 'playvideo', 'Al-Lisan', 'Shod', '2020-08-16 16:06:51'),
(612, 24, 3, 'rekam', 'Al-Lisan', 'Zho', '2020-08-16 16:06:55'),
(613, 24, 3, 'playrecord', 'Al-Lisan', 'Zho', '2020-08-16 16:06:58'),
(614, 33, 3, 'rekam', 'Al-Halq', 'Ghoin', '2020-08-16 16:07:09'),
(615, 33, 3, 'playrecord', 'Al-Halq', 'Ghoin', '2020-08-16 16:07:10'),
(616, 33, 3, 'playrecord', 'Al-Halq', 'Ghoin', '2020-08-16 16:07:12'),
(617, 33, 3, 'rekam', 'Al-Halq', 'Ghoin', '2020-08-16 16:07:20'),
(618, 34, 3, 'playvideo', 'Al-Lisan', 'Dhod', '2020-08-16 16:07:20'),
(619, 34, 3, 'playvideo', 'Al-Lisan', 'Dhod', '2020-08-16 16:07:20'),
(620, 34, 3, 'playvideo', 'Al-Lisan', 'Dhod', '2020-08-16 16:07:21'),
(621, 33, 3, 'playrecord', 'Al-Halq', 'Ghoin', '2020-08-16 16:07:21'),
(622, 34, 3, 'playvideo', 'Al-Lisan', 'Dhod', '2020-08-16 16:07:22'),
(623, 24, 3, 'rekam', 'Al-Lisan', 'Qof', '2020-08-16 16:07:30'),
(624, 24, 3, 'playrecord', 'Al-Lisan', 'Qof', '2020-08-16 16:07:33'),
(625, 33, 3, 'rekam', 'Al-Halq', 'Haa', '2020-08-16 16:07:51'),
(626, 33, 3, 'playrecord', 'Al-Halq', 'Haa', '2020-08-16 16:07:52'),
(627, 33, 3, 'playrecord', 'Al-Halq', 'Haa', '2020-08-16 16:07:54'),
(628, 24, 3, 'rekam', 'Al-Lisan', 'Kaf', '2020-08-16 16:08:01'),
(629, 34, 3, 'playvideo', 'Al-Lisan', 'Tho', '2020-08-16 16:08:02'),
(630, 34, 3, 'playvideo', 'Al-Lisan', 'Tho', '2020-08-16 16:08:02'),
(631, 34, 3, 'playvideo', 'Al-Lisan', 'Tho', '2020-08-16 16:08:02'),
(632, 33, 3, 'rekam', 'Al-Halq', 'Haa', '2020-08-16 16:08:02'),
(633, 33, 3, 'playrecord', 'Al-Halq', 'Haa', '2020-08-16 16:08:03'),
(634, 24, 3, 'playrecord', 'Al-Lisan', 'Kaf', '2020-08-16 16:08:04'),
(635, 33, 3, 'playrecord', 'Al-Halq', 'Haa', '2020-08-16 16:08:04'),
(636, 33, 3, 'playrecord', 'Al-Halq', 'Haa', '2020-08-16 16:08:04'),
(637, 33, 3, 'rekam', 'Al-Halq', 'Haa', '2020-08-16 16:08:11'),
(638, 23, 3, 'rekam', 'Al-Halq', 'Ghoin', '2020-08-16 16:08:23'),
(639, 23, 3, 'playrecord', 'Al-Halq', 'Ghoin', '2020-08-16 16:08:25'),
(640, 24, 3, 'rekam', 'Al-Lisan', 'Lam', '2020-08-16 16:08:27'),
(641, 24, 3, 'playrecord', 'Al-Lisan', 'Lam', '2020-08-16 16:08:30'),
(642, 34, 3, 'playvideo', 'Al-Lisan', 'Zho', '2020-08-16 16:08:32'),
(643, 34, 3, 'playvideo', 'Al-Lisan', 'Zho', '2020-08-16 16:08:33'),
(644, 34, 3, 'playvideo', 'Al-Lisan', 'Zho', '2020-08-16 16:08:34'),
(645, 33, 3, 'rekam', 'Al-Halq', 'Hamzah', '2020-08-16 16:08:38'),
(646, 33, 3, 'playrecord', 'Al-Halq', 'Hamzah', '2020-08-16 16:08:39'),
(647, 23, 3, 'rekam', 'Al-Halq', 'Ghoin', '2020-08-16 16:08:41'),
(648, 33, 3, 'playrecord', 'Al-Halq', 'Hamzah', '2020-08-16 16:08:42'),
(649, 23, 3, 'playrecord', 'Al-Halq', 'Ghoin', '2020-08-16 16:08:43'),
(650, 34, 3, 'playvideo', 'Al-Lisan', 'Qof', '2020-08-16 16:08:48'),
(651, 34, 3, 'playvideo', 'Al-Lisan', 'Qof', '2020-08-16 16:08:49'),
(652, 34, 3, 'playvideo', 'Al-Lisan', 'Qof', '2020-08-16 16:08:49'),
(653, 23, 3, 'playrecord', 'Al-Halq', 'Ghoin', '2020-08-16 16:08:50'),
(654, 33, 3, 'rekam', 'Al-Halq', 'Hamzah', '2020-08-16 16:08:51'),
(655, 33, 3, 'playrecord', 'Al-Halq', 'Hamzah', '2020-08-16 16:08:53'),
(656, 24, 3, 'rekam', 'Al-Lisan', 'Nun', '2020-08-16 16:08:57'),
(657, 24, 3, 'playrecord', 'Al-Lisan', 'Nun', '2020-08-16 16:08:59'),
(658, 33, 3, 'rekam', 'Al-Lisan', 'Ta', '2020-08-16 16:09:22'),
(659, 33, 3, 'playrecord', 'Al-Lisan', 'Ta', '2020-08-16 16:09:24'),
(660, 24, 3, 'rekam', 'Al-Lisan', 'Ya', '2020-08-16 16:09:27'),
(661, 33, 3, 'playrecord', 'Al-Lisan', 'Ta', '2020-08-16 16:09:29'),
(662, 24, 3, 'playrecord', 'Al-Lisan', 'Ya', '2020-08-16 16:09:30'),
(663, 34, 3, 'playvideo', 'Al-Lisan', 'Kaf', '2020-08-16 16:09:39'),
(664, 34, 3, 'playvideo', 'Al-Lisan', 'Kaf', '2020-08-16 16:09:39'),
(665, 33, 3, 'rekam', 'Al-Lisan', 'Ta', '2020-08-16 16:09:40'),
(666, 34, 3, 'playvideo', 'Al-Lisan', 'Kaf', '2020-08-16 16:09:40'),
(667, 24, 3, 'rekam', 'Al-Lisan', 'Ya', '2020-08-16 16:09:41'),
(668, 33, 3, 'playrecord', 'Al-Lisan', 'Ta', '2020-08-16 16:09:41'),
(669, 24, 3, 'playrecord', 'Al-Lisan', 'Ya', '2020-08-16 16:09:43'),
(670, 33, 3, 'playrecord', 'Al-Lisan', 'Ta', '2020-08-16 16:09:43'),
(671, 3, 2, 'login', NULL, NULL, '2020-08-16 16:10:03'),
(672, 33, 3, 'rekam', 'Al-Lisan', 'Tsa', '2020-08-16 16:10:42'),
(673, 33, 3, 'playrecord', 'Al-Lisan', 'Tsa', '2020-08-16 16:10:44'),
(674, 33, 3, 'rekam', 'Al-Lisan', 'Tsa', '2020-08-16 16:10:50'),
(675, 34, 3, 'playvideo', 'Al-Lisan', 'Lam', '2020-08-16 16:10:51'),
(676, 34, 3, 'playvideo', 'Al-Lisan', 'Lam', '2020-08-16 16:10:51'),
(677, 33, 3, 'playrecord', 'Al-Lisan', 'Tsa', '2020-08-16 16:10:52'),
(678, 33, 3, 'playrecord', 'Al-Lisan', 'Tsa', '2020-08-16 16:10:53'),
(679, 33, 3, 'rekam', 'Al-Lisan', 'Tsa', '2020-08-16 16:10:59'),
(680, 33, 3, 'playrecord', 'Al-Lisan', 'Tsa', '2020-08-16 16:11:00'),
(681, 33, 3, 'playrecord', 'Al-Lisan', 'Tsa', '2020-08-16 16:11:03'),
(682, 33, 3, 'rekam', 'Al-Lisan', 'Jim', '2020-08-16 16:11:54'),
(683, 33, 3, 'playrecord', 'Al-Lisan', 'Jim', '2020-08-16 16:11:56'),
(684, 33, 3, 'playrecord', 'Al-Lisan', 'Jim', '2020-08-16 16:11:56'),
(685, 33, 3, 'rekam', 'Al-Lisan', 'Jim', '2020-08-16 16:12:04'),
(686, 33, 3, 'playrecord', 'Al-Lisan', 'Jim', '2020-08-16 16:12:06'),
(687, 33, 3, 'playrecord', 'Al-Lisan', 'Jim', '2020-08-16 16:12:07'),
(688, 34, 3, 'playvideo', 'Al-Lisan', 'Nun', '2020-08-16 16:12:26'),
(689, 33, 3, 'rekam', 'Al-Lisan', 'Dal', '2020-08-16 16:13:30'),
(690, 33, 3, 'playrecord', 'Al-Lisan', 'Dal', '2020-08-16 16:13:32'),
(691, 33, 3, 'playrecord', 'Al-Lisan', 'Dal', '2020-08-16 16:13:32'),
(692, 33, 3, 'rekam', 'Al-Lisan', 'Dal', '2020-08-16 16:13:42'),
(693, 33, 3, 'playrecord', 'Al-Lisan', 'Dal', '2020-08-16 16:13:46'),
(694, 33, 3, 'playrecord', 'Al-Lisan', 'Dal', '2020-08-16 16:13:46'),
(695, 33, 3, 'rekam', 'Al-Lisan', 'Dal', '2020-08-16 16:13:57'),
(696, 33, 3, 'playrecord', 'Al-Lisan', 'Dal', '2020-08-16 16:13:59'),
(697, 23, 3, 'rekam', 'Al-Halq', 'Haa', '2020-08-16 16:14:17'),
(698, 23, 3, 'playrecord', 'Al-Halq', 'Haa', '2020-08-16 16:14:18'),
(699, 23, 3, 'rekam', 'Al-Halq', 'Haa', '2020-08-16 16:14:31'),
(700, 23, 3, 'playrecord', 'Al-Halq', 'Haa', '2020-08-16 16:14:33'),
(701, 23, 3, 'playrecord', 'Al-Halq', 'Haa', '2020-08-16 16:14:43'),
(702, 23, 3, 'playrecord', 'Al-Halq', 'Haa', '2020-08-16 16:14:50'),
(703, 23, 3, 'playrecord', 'Al-Halq', 'Haa', '2020-08-16 16:15:00'),
(704, 33, 3, 'rekam', 'Al-Lisan', 'Dzal', '2020-08-16 16:15:28'),
(705, 33, 3, 'playrecord', 'Al-Lisan', 'Dzal', '2020-08-16 16:15:30'),
(706, 33, 3, 'playrecord', 'Al-Lisan', 'Dzal', '2020-08-16 16:15:31'),
(707, 33, 3, 'rekam', 'Al-Lisan', 'Dzal', '2020-08-16 16:15:37'),
(708, 33, 3, 'playrecord', 'Al-Lisan', 'Dzal', '2020-08-16 16:15:38'),
(709, 33, 3, 'playrecord', 'Al-Lisan', 'Dzal', '2020-08-16 16:15:39'),
(710, 33, 3, 'playrecord', 'Al-Lisan', 'Dzal', '2020-08-16 16:15:40'),
(711, 23, 3, 'rekam', 'Al-Halq', 'Hamzah', '2020-08-16 16:16:14'),
(712, 23, 3, 'rekam', 'Al-Halq', 'Hamzah', '2020-08-16 16:16:31'),
(713, 23, 3, 'playrecord', 'Al-Halq', 'Hamzah', '2020-08-16 16:16:32'),
(714, 34, 3, 'rekam', 'Al-Lisan', 'Ta', '2020-08-16 16:18:27'),
(715, 34, 3, 'playrecord', 'Al-Lisan', 'Ta', '2020-08-16 16:18:29'),
(716, 34, 3, 'rekam', 'Al-Lisan', 'Ta', '2020-08-16 16:18:42'),
(717, 34, 3, 'playrecord', 'Al-Lisan', 'Ta', '2020-08-16 16:18:44'),
(718, 34, 3, 'rekam', 'Al-Lisan', 'Ta', '2020-08-16 16:18:53'),
(719, 34, 3, 'playrecord', 'Al-Lisan', 'Ta', '2020-08-16 16:18:55'),
(720, 23, 3, 'rekam', 'Al-Lisan', 'Ta', '2020-08-16 16:19:27'),
(721, 23, 3, 'playrecord', 'Al-Lisan', 'Ta', '2020-08-16 16:19:29'),
(722, 34, 3, 'rekam', 'Al-Lisan', 'Tsa', '2020-08-16 16:19:36'),
(723, 23, 3, 'rekam', 'Al-Lisan', 'Ta', '2020-08-16 16:19:44'),
(724, 23, 3, 'playrecord', 'Al-Lisan', 'Ta', '2020-08-16 16:19:45'),
(725, 23, 3, 'playrecord', 'Al-Lisan', 'Ta', '2020-08-16 16:19:49'),
(726, 23, 3, 'playrecord', 'Al-Lisan', 'Ta', '2020-08-16 16:19:57'),
(727, 34, 3, 'rekam', 'Al-Lisan', 'Jim', '2020-08-16 16:20:14'),
(728, 34, 3, 'rekam', 'Al-Lisan', 'Dal', '2020-08-16 16:20:47'),
(729, 34, 3, 'rekam', 'Al-Lisan', 'Dzal', '2020-08-16 16:21:42'),
(730, 34, 3, 'playrecord', 'Al-Lisan', 'Dzal', '2020-08-16 16:21:45'),
(731, 34, 3, 'rekam', 'Al-Lisan', 'Dzal', '2020-08-16 16:22:24'),
(732, 34, 3, 'rekam', 'Al-Lisan', 'Dzal', '2020-08-16 16:22:31'),
(733, 34, 3, 'rekam', 'Al-Lisan', 'Ro', '2020-08-16 16:23:14'),
(734, 34, 3, 'playrecord', 'Al-Lisan', 'Ro', '2020-08-16 16:23:16'),
(735, 34, 3, 'playrecord', 'Al-Lisan', 'Ro', '2020-08-16 16:23:18'),
(736, 34, 3, 'playrecord', 'Al-Lisan', 'Ro', '2020-08-16 16:23:19'),
(737, 34, 3, 'playrecord', 'Al-Lisan', 'Ro', '2020-08-16 16:23:32'),
(738, 34, 3, 'rekam', 'Al-Lisan', 'Zayy', '2020-08-16 16:24:13'),
(739, 34, 3, 'playrecord', 'Al-Lisan', 'Zayy', '2020-08-16 16:24:16'),
(740, 34, 3, 'playrecord', 'Al-Lisan', 'Zayy', '2020-08-16 16:24:17'),
(741, 34, 3, 'playrecord', 'Al-Lisan', 'Zayy', '2020-08-16 16:24:18'),
(742, 34, 3, 'playrecord', 'Al-Lisan', 'Zayy', '2020-08-16 16:24:19'),
(743, 34, 3, 'playrecord', 'Al-Lisan', 'Zayy', '2020-08-16 16:24:20'),
(744, 34, 3, 'rekam', 'Al-Lisan', 'Sin', '2020-08-16 16:25:01'),
(745, 34, 3, 'playrecord', 'Al-Lisan', 'Sin', '2020-08-16 16:25:03'),
(746, 34, 3, 'rekam', 'Al-Lisan', 'Sin', '2020-08-16 16:25:16'),
(747, 34, 3, 'playrecord', 'Al-Lisan', 'Sin', '2020-08-16 16:25:18'),
(748, 34, 3, 'playrecord', 'Al-Lisan', 'Sin', '2020-08-16 16:25:24'),
(749, 34, 3, 'rekam', 'Al-Lisan', 'Syin', '2020-08-16 16:26:14'),
(750, 34, 3, 'playrecord', 'Al-Lisan', 'Syin', '2020-08-16 16:26:16'),
(751, 34, 3, 'playrecord', 'Al-Lisan', 'Syin', '2020-08-16 16:26:17'),
(752, 34, 3, 'playrecord', 'Al-Lisan', 'Syin', '2020-08-16 16:26:18'),
(753, 34, 3, 'playrecord', 'Al-Lisan', 'Syin', '2020-08-16 16:26:19'),
(754, 34, 3, 'playrecord', 'Al-Lisan', 'Syin', '2020-08-16 16:26:20'),
(755, 23, 3, 'rekam', 'Al-Lisan', 'Tsa', '2020-08-16 16:26:46'),
(756, 23, 3, 'playrecord', 'Al-Lisan', 'Tsa', '2020-08-16 16:26:48'),
(757, 34, 3, 'rekam', 'Al-Lisan', 'Shod', '2020-08-16 16:27:08'),
(758, 34, 3, 'playrecord', 'Al-Lisan', 'Shod', '2020-08-16 16:27:11'),
(759, 34, 3, 'playrecord', 'Al-Lisan', 'Shod', '2020-08-16 16:27:12'),
(760, 34, 3, 'playrecord', 'Al-Lisan', 'Shod', '2020-08-16 16:27:12'),
(761, 34, 3, 'playrecord', 'Al-Lisan', 'Shod', '2020-08-16 16:27:12'),
(762, 34, 3, 'playrecord', 'Al-Lisan', 'Shod', '2020-08-16 16:27:12'),
(763, 23, 3, 'rekam', 'Al-Lisan', 'Tsa', '2020-08-16 16:27:17'),
(764, 23, 3, 'playrecord', 'Al-Lisan', 'Tsa', '2020-08-16 16:27:19'),
(765, 23, 3, 'playrecord', 'Al-Lisan', 'Tsa', '2020-08-16 16:27:25'),
(766, 23, 3, 'playrecord', 'Al-Lisan', 'Tsa', '2020-08-16 16:27:31'),
(767, 34, 3, 'rekam', 'Al-Lisan', 'Dhod', '2020-08-16 16:27:50'),
(768, 34, 3, 'playrecord', 'Al-Lisan', 'Dhod', '2020-08-16 16:27:53'),
(769, 34, 3, 'playrecord', 'Al-Lisan', 'Dhod', '2020-08-16 16:27:53'),
(770, 34, 3, 'playrecord', 'Al-Lisan', 'Dhod', '2020-08-16 16:27:53'),
(771, 34, 3, 'playrecord', 'Al-Lisan', 'Dhod', '2020-08-16 16:27:57'),
(772, 34, 3, 'rekam', 'Al-Lisan', 'Tho', '2020-08-16 16:28:50'),
(773, 34, 3, 'playrecord', 'Al-Lisan', 'Tho', '2020-08-16 16:28:52'),
(774, 34, 3, 'playrecord', 'Al-Lisan', 'Tho', '2020-08-16 16:28:52'),
(775, 34, 3, 'playrecord', 'Al-Lisan', 'Tho', '2020-08-16 16:28:52'),
(776, 34, 3, 'playrecord', 'Al-Lisan', 'Tho', '2020-08-16 16:28:53'),
(777, 34, 3, 'playrecord', 'Al-Lisan', 'Tho', '2020-08-16 16:28:53'),
(778, 23, 3, 'rekam', 'Al-Lisan', 'Jim', '2020-08-16 16:28:58'),
(779, 23, 3, 'playrecord', 'Al-Lisan', 'Jim', '2020-08-16 16:29:00'),
(780, 23, 3, 'rekam', 'Al-Lisan', 'Jim', '2020-08-16 16:29:30'),
(781, 23, 3, 'playrecord', 'Al-Lisan', 'Jim', '2020-08-16 16:29:31'),
(782, 34, 3, 'rekam', 'Al-Lisan', 'Zho', '2020-08-16 16:29:33'),
(783, 34, 3, 'playrecord', 'Al-Lisan', 'Zho', '2020-08-16 16:29:38'),
(784, 34, 3, 'playrecord', 'Al-Lisan', 'Zho', '2020-08-16 16:29:39'),
(785, 34, 3, 'playrecord', 'Al-Lisan', 'Zho', '2020-08-16 16:29:39'),
(786, 34, 3, 'playrecord', 'Al-Lisan', 'Zho', '2020-08-16 16:29:39'),
(787, 34, 3, 'playrecord', 'Al-Lisan', 'Zho', '2020-08-16 16:29:40'),
(788, 34, 3, 'rekam', 'Al-Lisan', 'Qof', '2020-08-16 16:30:13'),
(789, 34, 3, 'playrecord', 'Al-Lisan', 'Qof', '2020-08-16 16:30:16'),
(790, 34, 3, 'playrecord', 'Al-Lisan', 'Qof', '2020-08-16 16:30:19'),
(791, 34, 3, 'playrecord', 'Al-Lisan', 'Qof', '2020-08-16 16:30:20'),
(792, 34, 3, 'playrecord', 'Al-Lisan', 'Qof', '2020-08-16 16:30:20'),
(793, 34, 3, 'playrecord', 'Al-Lisan', 'Qof', '2020-08-16 16:30:20'),
(794, 34, 3, 'rekam', 'Al-Lisan', 'Kaf', '2020-08-16 16:30:58'),
(795, 34, 3, 'playrecord', 'Al-Lisan', 'Kaf', '2020-08-16 16:31:00'),
(796, 34, 3, 'rekam', 'Al-Lisan', 'Lam', '2020-08-16 16:32:07'),
(797, 34, 3, 'playrecord', 'Al-Lisan', 'Lam', '2020-08-16 16:32:09'),
(798, 34, 3, 'playrecord', 'Al-Lisan', 'Lam', '2020-08-16 16:32:09'),
(799, 34, 3, 'playrecord', 'Al-Lisan', 'Lam', '2020-08-16 16:32:09'),
(800, 34, 3, 'playrecord', 'Al-Lisan', 'Lam', '2020-08-16 16:32:10'),
(801, 34, 3, 'playrecord', 'Al-Lisan', 'Lam', '2020-08-16 16:32:10'),
(802, 4, 2, 'login', NULL, NULL, '2020-08-16 16:32:32'),
(803, 34, 3, 'rekam', 'Al-Lisan', 'Nun', '2020-08-16 16:33:02'),
(804, 34, 3, 'playrecord', 'Al-Lisan', 'Nun', '2020-08-16 16:33:04'),
(805, 34, 3, 'playrecord', 'Al-Lisan', 'Nun', '2020-08-16 16:33:05'),
(806, 34, 3, 'playrecord', 'Al-Lisan', 'Nun', '2020-08-16 16:33:05'),
(807, 34, 3, 'playrecord', 'Al-Lisan', 'Nun', '2020-08-16 16:33:05'),
(808, 34, 3, 'playrecord', 'Al-Lisan', 'Nun', '2020-08-16 16:33:06'),
(809, 23, 3, 'rekam', 'Al-Lisan', 'Dal', '2020-08-16 16:33:33'),
(810, 23, 3, 'playrecord', 'Al-Lisan', 'Dal', '2020-08-16 16:33:36'),
(811, 34, 3, 'rekam', 'Al-Lisan', 'Ya', '2020-08-16 16:33:46'),
(812, 34, 3, 'playrecord', 'Al-Lisan', 'Ya', '2020-08-16 16:33:48'),
(813, 34, 3, 'playrecord', 'Al-Lisan', 'Ya', '2020-08-16 16:33:50'),
(814, 34, 3, 'playrecord', 'Al-Lisan', 'Ya', '2020-08-16 16:33:50'),
(815, 34, 3, 'playrecord', 'Al-Lisan', 'Ya', '2020-08-16 16:33:50'),
(816, 34, 3, 'playrecord', 'Al-Lisan', 'Ya', '2020-08-16 16:33:50'),
(817, 23, 3, 'rekam', 'Al-Lisan', 'Dal', '2020-08-16 16:33:56'),
(818, 23, 3, 'rekam', 'Al-Lisan', 'Dal', '2020-08-16 16:34:03'),
(819, 23, 3, 'rekam', 'Al-Lisan', 'Dal', '2020-08-16 16:34:12'),
(820, 23, 3, 'playrecord', 'Al-Lisan', 'Dal', '2020-08-16 16:34:14'),
(821, 23, 3, 'playrecord', 'Al-Lisan', 'Dal', '2020-08-16 16:34:23'),
(822, 23, 3, 'playrecord', 'Al-Lisan', 'Dal', '2020-08-16 16:34:29'),
(823, 3, 2, 'login', NULL, NULL, '2020-08-16 16:34:47'),
(824, 23, 3, 'rekam', 'Al-Khaisyum', 'Mim', '2020-08-16 16:36:45'),
(825, 23, 3, 'playrecord', 'Al-Khaisyum', 'Mim', '2020-08-16 16:36:47'),
(826, 23, 3, 'rekam', 'Al-Khaisyum', 'Mim', '2020-08-16 16:37:00'),
(827, 23, 3, 'playrecord', 'Al-Khaisyum', 'Mim', '2020-08-16 16:37:01'),
(828, 23, 3, 'rekam', 'Al-Khaisyum', 'Mim', '2020-08-16 16:37:10'),
(829, 23, 3, 'playrecord', 'Al-Khaisyum', 'Mim', '2020-08-16 16:37:13'),
(830, 23, 3, 'playrecord', 'Al-Khaisyum', 'Mim', '2020-08-16 16:37:18'),
(831, 23, 3, 'rekam', 'Al-Khaisyum', 'Nun', '2020-08-16 16:38:49'),
(832, 23, 3, 'playrecord', 'Al-Khaisyum', 'Nun', '2020-08-16 16:38:51'),
(833, 23, 3, 'playrecord', 'Al-Khaisyum', 'Nun', '2020-08-16 16:38:55'),
(834, 23, 3, 'rekam', 'Al-Khaisyum', 'Nun', '2020-08-16 16:39:06'),
(835, 23, 3, 'playrecord', 'Al-Khaisyum', 'Nun', '2020-08-16 16:39:08'),
(836, 23, 3, 'rekam', 'Al-Khaisyum', 'Nun', '2020-08-16 16:39:19'),
(837, 23, 3, 'playrecord', 'Al-Khaisyum', 'Nun', '2020-08-16 16:39:21'),
(839, 23, 3, 'rekam', 'Al-Khaisyum', 'Nun', '2020-08-16 16:39:33'),
(840, 23, 3, 'playrecord', 'Al-Khaisyum', 'Nun', '2020-08-16 16:39:35'),
(843, 24, 3, 'bagikan', 'Al-Halq', 'Hamzah', '2020-08-16 16:39:48'),
(844, 23, 3, 'bagikan', 'Al-Halq', 'Haa', '2020-08-16 16:39:54'),
(861, 23, 3, 'rekam', 'Asy-Syafatain', 'Ba', '2020-08-16 16:41:21'),
(862, 23, 3, 'playrecord', 'Asy-Syafatain', 'Ba', '2020-08-16 16:41:23'),
(865, 23, 3, 'rekam', 'Asy-Syafatain', 'Ba', '2020-08-16 16:41:37'),
(867, 23, 3, 'playrecord', 'Asy-Syafatain', 'Ba', '2020-08-16 16:41:38'),
(870, 23, 3, 'rekam', 'Asy-Syafatain', 'Ba', '2020-08-16 16:41:51'),
(878, 2, 2, 'login', NULL, NULL, '2020-08-16 16:43:11'),
(879, 23, 3, 'rekam', 'Asy-Syafatain', 'Fa', '2020-08-16 16:45:00'),
(880, 23, 3, 'playrecord', 'Asy-Syafatain', 'Fa', '2020-08-16 16:45:02'),
(881, 23, 3, 'rekam', 'Asy-Syafatain', 'Fa', '2020-08-16 16:45:11'),
(882, 23, 3, 'playrecord', 'Asy-Syafatain', 'Fa', '2020-08-16 16:45:15'),
(883, 3, 3, 'bagikan', 'Al-Jauf', 'Ya', '2020-08-16 16:46:00'),
(884, 2, 3, 'bagikan', 'Al-Jauf', 'Wawu', '2020-08-16 16:46:04'),
(885, 1, 3, 'bagikan', 'Al-Jauf', 'Alif', '2020-08-16 16:46:07'),
(886, 9, 3, 'bagikan', 'Al-Halq', 'Hamzah', '2020-08-16 16:46:10'),
(887, 8, 3, 'bagikan', 'Al-Halq', 'Haa', '2020-08-16 16:46:13'),
(888, 7, 3, 'bagikan', 'Al-Halq', 'Ghoin', '2020-08-16 16:46:17'),
(889, 6, 3, 'bagikan', 'Al-Halq', 'Ain', '2020-08-16 16:46:20'),
(890, 5, 3, 'bagikan', 'Al-Halq', 'Kho', '2020-08-16 16:46:22'),
(891, 4, 3, 'bagikan', 'Al-Halq', 'Ha', '2020-08-16 16:46:28'),
(894, 23, 3, 'rekam', 'Asy-Syafatain', 'Mim', '2020-08-16 16:46:54'),
(896, 23, 3, 'playrecord', 'Asy-Syafatain', 'Mim', '2020-08-16 16:46:59'),
(918, 34, 3, 'login', NULL, NULL, '2020-08-16 16:48:25'),
(919, 23, 3, 'rekam', 'Asy-Syafatain', 'Wawu', '2020-08-16 16:49:36'),
(920, 23, 3, 'playrecord', 'Asy-Syafatain', 'Wawu', '2020-08-16 16:49:38'),
(921, 23, 3, 'rekam', 'Asy-Syafatain', 'Wawu', '2020-08-16 16:49:49'),
(922, 23, 3, 'playrecord', 'Asy-Syafatain', 'Wawu', '2020-08-16 16:49:58'),
(923, 24, 3, 'login', NULL, NULL, '2020-08-16 16:50:04'),
(924, 23, 3, 'playrecord', 'Asy-Syafatain', 'Wawu', '2020-08-16 16:50:11'),
(925, 23, 3, 'playrecord', 'Asy-Syafatain', 'Wawu', '2020-08-16 16:50:17'),
(926, 34, 3, 'rekam', NULL, NULL, '2020-08-16 16:54:47'),
(927, 34, 3, 'rekam', NULL, NULL, '2020-08-16 16:55:05'),
(928, 23, 3, 'rekam', 'Al-Lisan', 'Ya', '2020-08-16 16:55:29'),
(929, 23, 3, 'rekam', 'Al-Lisan', 'Ya', '2020-08-16 16:55:38'),
(930, 23, 3, 'playrecord', 'Al-Lisan', 'Ya', '2020-08-16 16:55:51'),
(931, 23, 3, 'playrecord', 'Al-Lisan', 'Ya', '2020-08-16 16:56:23'),
(932, 23, 3, 'playrecord', 'Al-Lisan', 'Ya', '2020-08-16 16:56:25'),
(933, 34, 3, 'rekam', NULL, NULL, '2020-08-16 16:56:26'),
(934, 34, 3, 'playrecord', NULL, NULL, '2020-08-16 16:56:30'),
(935, 34, 3, 'login', NULL, NULL, '2020-08-16 17:02:01'),
(936, 3, 2, 'login', NULL, NULL, '2020-08-16 17:02:57'),
(937, 34, 3, 'login', NULL, NULL, '2020-08-16 17:04:28'),
(938, 5, 2, 'login', NULL, NULL, '2020-08-16 17:04:40'),
(939, 23, 3, 'rekam', 'Al-Lisan', 'Dzal', '2020-08-16 17:06:46'),
(940, 23, 3, 'rekam', 'Al-Lisan', 'Ya', '2020-08-16 17:10:46'),
(941, 34, 3, 'login', NULL, NULL, '2020-08-16 17:13:55'),
(942, 23, 3, 'playrecord', 'Al-Lisan', 'Ya', '2020-08-16 17:15:04'),
(943, 23, 3, 'playrecord', 'Al-Lisan', 'Ya', '2020-08-16 17:15:07'),
(944, 23, 3, 'rekam', 'Al-Lisan', 'Ya', '2020-08-16 17:15:41'),
(945, 23, 3, 'rekam', 'Al-Lisan', 'Nun', '2020-08-16 17:17:37'),
(946, 23, 3, 'playrecord', 'Al-Lisan', 'Nun', '2020-08-16 17:17:39'),
(947, 23, 3, 'rekam', 'Al-Lisan', 'Nun', '2020-08-16 17:17:48'),
(948, 23, 3, 'playrecord', 'Al-Lisan', 'Nun', '2020-08-16 17:17:50'),
(949, 23, 3, 'playrecord', 'Al-Lisan', 'Nun', '2020-08-16 17:18:06'),
(950, 33, 3, 'rekam', 'Al-Lisan', 'Ro', '2020-08-16 17:19:10'),
(951, 33, 3, 'playrecord', 'Al-Lisan', 'Ro', '2020-08-16 17:19:12'),
(952, 33, 3, 'rekam', 'Al-Lisan', 'Ro', '2020-08-16 17:19:18'),
(953, 23, 3, 'rekam', 'Al-Lisan', 'Lam', '2020-08-16 17:19:20'),
(954, 23, 3, 'playrecord', 'Al-Lisan', 'Lam', '2020-08-16 17:19:22'),
(955, 33, 3, 'rekam', 'Al-Lisan', 'Ro', '2020-08-16 17:19:28'),
(956, 23, 3, 'rekam', 'Al-Lisan', 'Lam', '2020-08-16 17:19:31'),
(957, 23, 3, 'playrecord', 'Al-Lisan', 'Lam', '2020-08-16 17:19:34'),
(958, 23, 3, 'playrecord', 'Al-Lisan', 'Lam', '2020-08-16 17:19:38'),
(959, 33, 3, 'rekam', 'Al-Lisan', 'Zayy', '2020-08-16 17:20:11'),
(960, 33, 3, 'playrecord', 'Al-Lisan', 'Zayy', '2020-08-16 17:20:12'),
(961, 33, 3, 'playrecord', 'Al-Lisan', 'Zayy', '2020-08-16 17:20:13'),
(962, 33, 3, 'playrecord', 'Al-Lisan', 'Zayy', '2020-08-16 17:20:13'),
(963, 33, 3, 'playrecord', 'Al-Lisan', 'Zayy', '2020-08-16 17:20:13'),
(964, 33, 3, 'playrecord', 'Al-Lisan', 'Zayy', '2020-08-16 17:20:14'),
(965, 23, 3, 'rekam', 'Al-Lisan', 'Kaf', '2020-08-16 17:20:37'),
(966, 23, 3, 'playrecord', 'Al-Lisan', 'Kaf', '2020-08-16 17:20:40'),
(967, 24, 3, 'login', NULL, NULL, '2020-08-16 17:20:45'),
(968, 23, 3, 'rekam', 'Al-Lisan', 'Kaf', '2020-08-16 17:20:49'),
(969, 23, 3, 'playrecord', 'Al-Lisan', 'Kaf', '2020-08-16 17:20:52'),
(970, 33, 3, 'rekam', 'Al-Lisan', 'Sin', '2020-08-16 17:21:05'),
(971, 33, 3, 'playrecord', 'Al-Lisan', 'Sin', '2020-08-16 17:21:06'),
(972, 33, 3, 'playrecord', 'Al-Lisan', 'Sin', '2020-08-16 17:21:07'),
(973, 33, 3, 'playrecord', 'Al-Lisan', 'Sin', '2020-08-16 17:21:07'),
(974, 33, 3, 'playrecord', 'Al-Lisan', 'Sin', '2020-08-16 17:21:07'),
(975, 33, 3, 'rekam', 'Al-Lisan', 'Sin', '2020-08-16 17:21:15'),
(976, 33, 3, 'playrecord', 'Al-Lisan', 'Sin', '2020-08-16 17:21:17');
INSERT INTO `analitik` (`id`, `id_user`, `level_user`, `kegiatan`, `materi`, `huruf`, `waktu`) VALUES
(977, 24, 3, 'rekam', NULL, NULL, '2020-08-16 17:21:57'),
(978, 23, 3, 'rekam', 'Al-Lisan', 'Qof', '2020-08-16 17:22:35'),
(979, 23, 3, 'playrecord', 'Al-Lisan', 'Qof', '2020-08-16 17:22:36'),
(980, 23, 3, 'rekam', 'Al-Lisan', 'Qof', '2020-08-16 17:22:44'),
(981, 23, 3, 'playrecord', 'Al-Lisan', 'Qof', '2020-08-16 17:22:46'),
(982, 23, 3, 'playrecord', 'Al-Lisan', 'Qof', '2020-08-16 17:22:51'),
(983, 23, 3, 'rekam', 'Al-Lisan', 'Zho', '2020-08-16 17:23:47'),
(984, 23, 3, 'playrecord', 'Al-Lisan', 'Zho', '2020-08-16 17:23:48'),
(985, 23, 3, 'rekam', 'Al-Lisan', 'Tho', '2020-08-16 17:24:34'),
(986, 2, 2, 'login', NULL, NULL, '2020-08-16 17:24:54'),
(987, 23, 3, 'rekam', 'Al-Lisan', 'Dhod', '2020-08-16 17:25:38'),
(988, 23, 3, 'playrecord', 'Al-Lisan', 'Dhod', '2020-08-16 17:25:40'),
(989, 23, 3, 'rekam', 'Al-Lisan', 'Shod', '2020-08-16 17:26:33'),
(990, 23, 3, 'playrecord', 'Al-Lisan', 'Shod', '2020-08-16 17:26:35'),
(991, 23, 3, 'rekam', 'Al-Lisan', 'Shod', '2020-08-16 17:26:39'),
(992, 23, 3, 'playrecord', 'Al-Lisan', 'Shod', '2020-08-16 17:26:41'),
(993, 23, 3, 'playrecord', 'Al-Lisan', 'Shod', '2020-08-16 17:26:43'),
(994, 23, 3, 'rekam', 'Al-Lisan', 'Dzal', '2020-08-16 17:27:28'),
(995, 23, 3, 'playrecord', 'Al-Lisan', 'Dzal', '2020-08-16 17:27:35'),
(996, 23, 3, 'playrecord', 'Al-Lisan', 'Dzal', '2020-08-16 17:27:47'),
(997, 23, 3, 'rekam', 'Al-Lisan', 'Ro', '2020-08-16 17:28:40'),
(998, 23, 3, 'playrecord', 'Al-Lisan', 'Ro', '2020-08-16 17:28:42'),
(999, 23, 3, 'playrecord', 'Al-Lisan', 'Ro', '2020-08-16 17:28:45'),
(1000, 23, 3, 'playrecord', 'Al-Lisan', 'Ro', '2020-08-16 17:28:47'),
(1001, 23, 3, 'playrecord', 'Al-Lisan', 'Ro', '2020-08-16 17:28:49'),
(1002, 23, 3, 'playrecord', 'Al-Lisan', 'Ro', '2020-08-16 17:28:50'),
(1003, 23, 3, 'rekam', 'Al-Lisan', 'Ro', '2020-08-16 17:28:56'),
(1004, 23, 3, 'rekam', 'Al-Lisan', 'Ro', '2020-08-16 17:29:02'),
(1005, 23, 3, 'rekam', 'Al-Lisan', 'Zayy', '2020-08-16 17:30:04'),
(1006, 23, 3, 'rekam', 'Al-Lisan', 'Zayy', '2020-08-16 17:30:10'),
(1007, 23, 3, 'playrecord', 'Al-Lisan', 'Zayy', '2020-08-16 17:30:12'),
(1008, 23, 3, 'playrecord', 'Al-Lisan', 'Zayy', '2020-08-16 17:30:13'),
(1009, 23, 3, 'playrecord', 'Al-Lisan', 'Zayy', '2020-08-16 17:30:17'),
(1010, 23, 3, 'rekam', 'Al-Lisan', 'Sin', '2020-08-16 17:31:14'),
(1011, 23, 3, 'playrecord', 'Al-Lisan', 'Sin', '2020-08-16 17:31:15'),
(1012, 23, 3, 'rekam', 'Al-Lisan', 'Sin', '2020-08-16 17:31:22'),
(1013, 23, 3, 'playrecord', 'Al-Lisan', 'Sin', '2020-08-16 17:31:24'),
(1014, 23, 3, 'rekam', 'Al-Lisan', 'Syin', '2020-08-16 17:32:05'),
(1015, 23, 3, 'playrecord', 'Al-Lisan', 'Syin', '2020-08-16 17:32:07'),
(1016, 23, 3, 'rekam', 'Al-Lisan', 'Syin', '2020-08-16 17:32:14'),
(1017, 23, 3, 'playrecord', 'Al-Lisan', 'Syin', '2020-08-16 17:32:16'),
(1018, 23, 3, 'playrecord', 'Al-Lisan', 'Syin', '2020-08-16 17:32:21'),
(1021, 33, 3, 'bagikan', 'Al-Jauf', 'Ya', '2020-08-16 17:33:36'),
(1052, 33, 3, 'rekam', 'Al-Lisan', 'Syin', '2020-08-16 17:36:50'),
(1053, 33, 3, 'playrecord', 'Al-Lisan', 'Syin', '2020-08-16 17:36:51'),
(1054, 33, 3, 'playrecord', 'Al-Lisan', 'Syin', '2020-08-16 17:36:52'),
(1055, 33, 3, 'playrecord', 'Al-Lisan', 'Syin', '2020-08-16 17:36:52'),
(1056, 33, 3, 'playrecord', 'Al-Lisan', 'Syin', '2020-08-16 17:36:53'),
(1057, 33, 3, 'rekam', 'Al-Lisan', 'Syin', '2020-08-16 17:37:05'),
(1058, 33, 3, 'playrecord', 'Al-Lisan', 'Syin', '2020-08-16 17:37:06'),
(1059, 33, 3, 'rekam', 'Al-Lisan', 'Shod', '2020-08-16 17:37:55'),
(1060, 33, 3, 'playrecord', 'Al-Lisan', 'Shod', '2020-08-16 17:37:56'),
(1061, 33, 3, 'playrecord', 'Al-Lisan', 'Shod', '2020-08-16 17:37:57'),
(1062, 33, 3, 'playrecord', 'Al-Lisan', 'Shod', '2020-08-16 17:37:57'),
(1063, 33, 3, 'rekam', 'Al-Lisan', 'Shod', '2020-08-16 17:38:06'),
(1064, 33, 3, 'playrecord', 'Al-Lisan', 'Shod', '2020-08-16 17:38:08'),
(1065, 33, 3, 'playrecord', 'Al-Lisan', 'Shod', '2020-08-16 17:38:08'),
(1066, 23, 3, 'rekam', NULL, NULL, '2020-08-16 17:38:13'),
(1067, 23, 3, 'playrecord', NULL, NULL, '2020-08-16 17:38:17'),
(1068, 33, 3, 'rekam', 'Al-Lisan', 'Dhod', '2020-08-16 17:38:53'),
(1069, 33, 3, 'playrecord', 'Al-Lisan', 'Dhod', '2020-08-16 17:38:54'),
(1070, 33, 3, 'playrecord', 'Al-Lisan', 'Dhod', '2020-08-16 17:38:55'),
(1071, 33, 3, 'playrecord', 'Al-Lisan', 'Dhod', '2020-08-16 17:38:55'),
(1072, 33, 3, 'rekam', 'Al-Lisan', 'Dhod', '2020-08-16 17:39:05'),
(1073, 33, 3, 'playrecord', 'Al-Lisan', 'Dhod', '2020-08-16 17:39:07'),
(1074, 33, 3, 'playrecord', 'Al-Lisan', 'Dhod', '2020-08-16 17:39:07'),
(1075, 33, 3, 'rekam', 'Al-Lisan', 'Tho', '2020-08-16 17:39:44'),
(1076, 33, 3, 'playrecord', 'Al-Lisan', 'Tho', '2020-08-16 17:39:45'),
(1077, 33, 3, 'playrecord', 'Al-Lisan', 'Tho', '2020-08-16 17:39:45'),
(1078, 33, 3, 'playrecord', 'Al-Lisan', 'Tho', '2020-08-16 17:39:46'),
(1079, 33, 3, 'rekam', 'Al-Lisan', 'Tho', '2020-08-16 17:39:54'),
(1080, 33, 3, 'rekam', 'Al-Lisan', 'Zho', '2020-08-16 17:40:57'),
(1081, 33, 3, 'playrecord', 'Al-Lisan', 'Zho', '2020-08-16 17:40:58'),
(1082, 33, 3, 'playrecord', 'Al-Lisan', 'Zho', '2020-08-16 17:40:59'),
(1083, 33, 3, 'playrecord', 'Al-Lisan', 'Zho', '2020-08-16 17:40:59'),
(1084, 33, 3, 'playrecord', 'Al-Lisan', 'Zho', '2020-08-16 17:40:59'),
(1085, 33, 3, 'playrecord', 'Al-Lisan', 'Zho', '2020-08-16 17:41:00'),
(1086, 33, 3, 'rekam', 'Al-Lisan', 'Zho', '2020-08-16 17:41:08'),
(1087, 33, 3, 'rekam', 'Al-Lisan', 'Qof', '2020-08-16 17:41:46'),
(1088, 33, 3, 'playrecord', 'Al-Lisan', 'Qof', '2020-08-16 17:41:47'),
(1089, 33, 3, 'rekam', 'Al-Lisan', 'Qof', '2020-08-16 17:41:58'),
(1090, 33, 3, 'playrecord', 'Al-Lisan', 'Qof', '2020-08-16 17:42:02'),
(1091, 33, 3, 'rekam', 'Al-Lisan', 'Kaf', '2020-08-16 17:42:38'),
(1092, 33, 3, 'playrecord', 'Al-Lisan', 'Kaf', '2020-08-16 17:42:40'),
(1093, 33, 3, 'rekam', 'Al-Lisan', 'Lam', '2020-08-16 17:43:07'),
(1094, 33, 3, 'playrecord', 'Al-Lisan', 'Lam', '2020-08-16 17:43:08'),
(1095, 33, 3, 'playrecord', 'Al-Lisan', 'Lam', '2020-08-16 17:43:09'),
(1096, 33, 3, 'playrecord', 'Al-Lisan', 'Lam', '2020-08-16 17:43:09'),
(1097, 33, 3, 'playrecord', 'Al-Lisan', 'Lam', '2020-08-16 17:43:10'),
(1098, 33, 3, 'rekam', 'Al-Lisan', 'Lam', '2020-08-16 17:43:18'),
(1099, 33, 3, 'playrecord', 'Al-Lisan', 'Lam', '2020-08-16 17:43:21'),
(1100, 33, 3, 'rekam', 'Al-Lisan', 'Nun', '2020-08-16 17:44:19'),
(1101, 33, 3, 'playrecord', 'Al-Lisan', 'Nun', '2020-08-16 17:44:20'),
(1102, 33, 3, 'rekam', 'Al-Lisan', 'Nun', '2020-08-16 17:44:31'),
(1103, 33, 3, 'playrecord', 'Al-Lisan', 'Nun', '2020-08-16 17:44:33'),
(1104, 33, 3, 'rekam', 'Al-Lisan', 'Ya', '2020-08-16 17:45:03'),
(1105, 33, 3, 'playrecord', 'Al-Lisan', 'Ya', '2020-08-16 17:45:04'),
(1106, 33, 3, 'playrecord', 'Al-Lisan', 'Ya', '2020-08-16 17:45:06'),
(1107, 33, 3, 'rekam', 'Asy-Syafatain', 'Ba', '2020-08-16 17:45:44'),
(1108, 33, 3, 'playrecord', 'Asy-Syafatain', 'Ba', '2020-08-16 17:45:45'),
(1109, 33, 3, 'rekam', 'Asy-Syafatain', 'Fa', '2020-08-16 17:46:19'),
(1110, 33, 3, 'playrecord', 'Asy-Syafatain', 'Fa', '2020-08-16 17:46:21'),
(1111, 33, 3, 'rekam', 'Asy-Syafatain', 'Fa', '2020-08-16 17:46:29'),
(1112, 33, 3, 'playrecord', 'Asy-Syafatain', 'Fa', '2020-08-16 17:46:31'),
(1113, 33, 3, 'rekam', 'Asy-Syafatain', 'Mim', '2020-08-16 17:47:20'),
(1114, 33, 3, 'playrecord', 'Asy-Syafatain', 'Mim', '2020-08-16 17:47:20'),
(1115, 33, 3, 'rekam', 'Asy-Syafatain', 'Wawu', '2020-08-16 17:47:49'),
(1116, 33, 3, 'playrecord', 'Asy-Syafatain', 'Wawu', '2020-08-16 17:47:50'),
(1117, 33, 3, 'playrecord', 'Asy-Syafatain', 'Wawu', '2020-08-16 17:47:51'),
(1118, 33, 3, 'rekam', 'Al-Khaisyum', 'Mim', '2020-08-16 17:48:26'),
(1119, 33, 3, 'playrecord', 'Al-Khaisyum', 'Mim', '2020-08-16 17:48:27'),
(1120, 33, 3, 'playrecord', 'Al-Khaisyum', 'Mim', '2020-08-16 17:48:28'),
(1121, 33, 3, 'rekam', 'Al-Khaisyum', 'Nun', '2020-08-16 17:49:08'),
(1122, 33, 3, 'playrecord', 'Al-Khaisyum', 'Nun', '2020-08-16 17:49:09'),
(1125, 34, 3, 'bagikan', 'Al-Jauf', 'Ya', '2020-08-16 17:52:07'),
(1156, 33, 3, 'rekam', NULL, NULL, '2020-08-16 17:56:36'),
(1157, 33, 3, 'playrecord', NULL, NULL, '2020-08-16 17:56:38'),
(1158, 33, 3, 'playrecord', NULL, NULL, '2020-08-16 17:56:39'),
(1159, 33, 3, 'playrecord', NULL, NULL, '2020-08-16 17:56:42'),
(1160, 33, 3, 'playrecord', NULL, NULL, '2020-08-16 17:56:42'),
(1161, 33, 3, 'playrecord', NULL, NULL, '2020-08-16 17:56:42'),
(1162, 33, 3, 'playrecord', NULL, NULL, '2020-08-16 17:56:43'),
(1163, 33, 3, 'playrecord', NULL, NULL, '2020-08-16 17:56:43'),
(1164, 33, 3, 'playrecord', NULL, NULL, '2020-08-16 17:56:43'),
(1165, 4, 2, 'login', NULL, NULL, '2020-08-16 18:39:33'),
(1166, 34, 3, 'login', NULL, NULL, '2020-08-16 18:40:11'),
(1167, 34, 3, 'login', NULL, NULL, '2020-08-16 18:47:58'),
(1168, 33, 3, 'login', NULL, NULL, '2020-08-16 18:48:58'),
(1169, 5, 2, 'login', NULL, NULL, '2020-08-16 18:50:54'),
(1170, 5, 2, 'login', NULL, NULL, '2020-08-16 19:34:04'),
(1171, 3, 2, 'login', NULL, NULL, '2020-08-16 22:12:29'),
(1172, 3, 2, 'login', NULL, NULL, '2020-08-16 22:23:35'),
(1173, 34, 3, 'login', NULL, NULL, '2020-08-16 22:34:54'),
(1174, 24, 3, 'login', NULL, NULL, '2020-08-16 22:59:25'),
(1175, 2, 2, 'login', NULL, NULL, '2020-08-16 23:37:29'),
(1176, 3, 2, 'login', NULL, NULL, '2020-08-17 02:24:50'),
(1177, 5, 2, 'login', NULL, NULL, '2020-08-17 03:37:27'),
(1178, 2, 2, 'login', NULL, NULL, '2020-08-17 05:09:55'),
(1179, 2, 2, 'login', NULL, NULL, '2020-08-17 14:49:06'),
(1180, 3, 2, 'login', NULL, NULL, '2020-08-18 02:36:47'),
(1181, 4, 2, 'login', NULL, NULL, '2020-08-18 06:43:17'),
(1182, 4, 2, 'login', NULL, NULL, '2020-08-18 16:59:47'),
(1183, 4, 2, 'login', NULL, NULL, '2020-08-19 16:05:01'),
(1184, 5, 2, 'login', NULL, NULL, '2020-08-19 19:28:53'),
(1185, 6, 3, 'login', NULL, NULL, '2020-08-19 19:33:33'),
(1186, 6, 3, 'playvideo', 'Al-Jauf', 'Alif', '2020-08-19 19:45:30'),
(1187, 6, 3, 'playvideo', 'Al-Jauf', 'Alif', '2020-08-19 19:45:35'),
(1188, 6, 3, 'playvideo', 'Al-Jauf', 'Alif', '2020-08-19 19:45:40'),
(1189, 6, 3, 'rekam', 'Al-Jauf', 'Alif', '2020-08-19 20:02:27'),
(1190, 6, 3, 'rekam', 'Al-Jauf', 'Alif', '2020-08-19 20:02:32'),
(1191, 6, 3, 'diskusi', NULL, NULL, '2020-08-19 20:29:16'),
(1192, 6, 3, 'bagikan', 'Al-Jauf', 'Alif', '2020-08-19 20:29:16'),
(1193, 7, 3, 'login', NULL, NULL, '2020-08-19 20:30:44'),
(1194, 6, 3, 'login', NULL, NULL, '2020-08-19 20:31:37'),
(1195, 6, 3, 'rekam', 'Al-Jauf', 'Alif', '2020-08-19 20:31:47'),
(1196, 6, 3, 'rekam', 'Al-Jauf', 'Alif', '2020-08-19 20:33:11'),
(1197, 5, 2, 'login', NULL, NULL, '2020-08-19 22:14:19'),
(1198, 33, 3, 'login', NULL, NULL, '2020-08-19 22:50:07'),
(1199, 8, 3, 'login', NULL, NULL, '2020-08-19 22:51:31'),
(1200, 8, 3, 'playvideo', 'Al-Halq', 'Ha', '2020-08-19 22:53:08'),
(1201, 8, 3, 'playvideo', 'Al-Halq', 'Ha', '2020-08-19 22:53:13'),
(1202, 8, 3, 'rekam', 'Al-Halq', 'Kho', '2020-08-19 22:56:29'),
(1203, 8, 3, 'rekam', 'Al-Halq', 'Kho', '2020-08-19 22:56:35'),
(1204, 8, 3, 'rekam', 'Al-Halq', 'Kho', '2020-08-19 22:56:47'),
(1205, 8, 3, 'rekam', 'Al-Halq', 'Kho', '2020-08-19 22:56:55'),
(1206, 24, 3, 'login', NULL, NULL, '2020-08-21 01:58:52'),
(1207, 8, 3, 'login', NULL, NULL, '2020-08-21 03:52:15'),
(1208, 4, 2, 'login', NULL, NULL, '2020-08-21 03:52:37'),
(1210, 7, 3, 'login', NULL, NULL, '2020-08-21 03:53:30'),
(1211, 4, 2, 'login', NULL, NULL, '2020-08-21 03:53:57'),
(1212, 8, 3, 'login', NULL, NULL, '2020-08-21 06:43:03'),
(1213, 33, 3, 'login', NULL, NULL, '2020-08-21 06:51:56'),
(1214, 4, 2, 'login', NULL, NULL, '2020-08-21 06:53:15'),
(1215, 35, 3, 'login', NULL, NULL, '2020-08-21 07:32:46'),
(1216, 7, 3, 'login', NULL, NULL, '2020-08-22 15:35:00'),
(1217, 33, 3, 'login', NULL, NULL, '2020-08-22 18:53:30'),
(1218, 4, 2, 'login', NULL, NULL, '2020-08-22 18:53:58'),
(1220, 5, 2, 'login', NULL, NULL, '2020-08-22 19:14:20'),
(1221, 23, 3, 'login', NULL, NULL, '2020-08-22 19:22:19'),
(1222, 5, 2, 'login', NULL, NULL, '2020-08-22 19:36:05'),
(1223, 6, 3, 'login', NULL, NULL, '2020-08-22 19:55:15'),
(1224, 6, 3, 'rekam', 'Al-Jauf', 'Wawu', '2020-08-22 19:55:54'),
(1225, 6, 3, 'diskusi', NULL, NULL, '2020-08-22 19:56:03'),
(1226, 6, 3, 'bagikan', 'Al-Jauf', 'Wawu', '2020-08-22 19:56:03'),
(1227, 6, 3, 'rekam', 'Al-Jauf', 'Wawu', '2020-08-22 19:56:26'),
(1228, 6, 3, 'diskusi', NULL, NULL, '2020-08-22 19:56:33'),
(1229, 6, 3, 'bagikan', 'Al-Jauf', 'Wawu', '2020-08-22 19:56:33'),
(1230, 5, 2, 'login', NULL, NULL, '2020-08-22 19:56:58'),
(1231, 23, 3, 'login', NULL, NULL, '2020-08-22 19:57:23'),
(1232, 5, 2, 'login', NULL, NULL, '2020-08-22 19:57:46'),
(1233, 23, 3, 'login', NULL, NULL, '2020-08-22 19:58:05'),
(1234, 5, 2, 'login', NULL, NULL, '2020-08-22 19:58:24'),
(1235, 4, 2, 'login', NULL, NULL, '2020-08-23 05:36:15'),
(1236, 36, 3, 'login', NULL, NULL, '2020-08-23 09:08:49'),
(1237, 36, 3, 'playvideo', 'Al-Halq', 'Ha', '2020-08-23 09:09:30'),
(1238, 33, 3, 'login', NULL, NULL, '2020-08-23 09:12:57'),
(1239, 37, 3, 'login', NULL, NULL, '2020-08-23 09:23:06'),
(1240, 37, 3, 'playvideo', 'Al-Halq', 'Ha', '2020-08-23 09:24:00'),
(1241, 37, 3, 'playvideo', 'Al-Halq', 'Ha', '2020-08-23 09:24:57'),
(1242, 37, 3, 'playvideo', 'Al-Halq', 'Kho', '2020-08-23 09:25:46'),
(1243, 37, 3, 'playvideo', 'Al-Halq', 'Ain', '2020-08-23 09:26:20'),
(1244, 37, 3, 'playvideo', 'Al-Halq', 'Ain', '2020-08-23 09:26:22'),
(1245, 37, 3, 'playvideo', 'Al-Halq', 'Ain', '2020-08-23 09:26:22'),
(1246, 37, 3, 'playvideo', 'Al-Halq', 'Ain', '2020-08-23 09:26:23'),
(1247, 38, 3, 'login', NULL, NULL, '2020-08-23 09:27:39'),
(1248, 38, 3, 'playvideo', 'Al-Halq', 'Ha', '2020-08-23 09:28:20'),
(1249, 38, 3, 'playvideo', 'Al-Halq', 'Ha', '2020-08-23 09:28:22'),
(1250, 38, 3, 'playvideo', 'Al-Halq', 'Ha', '2020-08-23 09:28:22'),
(1251, 38, 3, 'playvideo', 'Al-Halq', 'Ha', '2020-08-23 09:28:22'),
(1252, 38, 3, 'playvideo', 'Al-Halq', 'Kho', '2020-08-23 09:29:04'),
(1253, 38, 3, 'playvideo', 'Al-Halq', 'Kho', '2020-08-23 09:29:05'),
(1254, 38, 3, 'playvideo', 'Al-Halq', 'Kho', '2020-08-23 09:29:06'),
(1255, 38, 3, 'playvideo', 'Al-Halq', 'Kho', '2020-08-23 09:29:07'),
(1256, 38, 3, 'playvideo', 'Al-Halq', 'Ain', '2020-08-23 09:29:31'),
(1257, 38, 3, 'playvideo', 'Al-Halq', 'Ain', '2020-08-23 09:29:34'),
(1258, 38, 3, 'playvideo', 'Al-Halq', 'Ain', '2020-08-23 09:29:35'),
(1259, 38, 3, 'playvideo', 'Al-Halq', 'Ghoin', '2020-08-23 09:29:56'),
(1260, 38, 3, 'playvideo', 'Al-Halq', 'Ghoin', '2020-08-23 09:29:58'),
(1261, 38, 3, 'playvideo', 'Al-Halq', 'Ghoin', '2020-08-23 09:29:59'),
(1262, 38, 3, 'playvideo', 'Al-Halq', 'Ghoin', '2020-08-23 09:29:59'),
(1263, 38, 3, 'playvideo', 'Al-Halq', 'Haa', '2020-08-23 09:30:30'),
(1264, 38, 3, 'playvideo', 'Al-Halq', 'Haa', '2020-08-23 09:30:33'),
(1265, 38, 3, 'playvideo', 'Al-Halq', 'Haa', '2020-08-23 09:30:33'),
(1266, 38, 3, 'playvideo', 'Al-Halq', 'Haa', '2020-08-23 09:30:34'),
(1267, 38, 3, 'playvideo', 'Al-Halq', 'Hamzah', '2020-08-23 09:31:02'),
(1268, 38, 3, 'playvideo', 'Al-Halq', 'Hamzah', '2020-08-23 09:31:07'),
(1269, 38, 3, 'playvideo', 'Al-Halq', 'Hamzah', '2020-08-23 09:31:07'),
(1270, 38, 3, 'playvideo', 'Al-Halq', 'Hamzah', '2020-08-23 09:31:08'),
(1271, 38, 3, 'rekam', 'Al-Halq', 'Ha', '2020-08-23 09:32:16'),
(1272, 38, 3, 'playrecord', 'Al-Halq', 'Ha', '2020-08-23 09:32:20'),
(1273, 38, 3, 'rekam', 'Al-Halq', 'Ha', '2020-08-23 09:32:39'),
(1274, 38, 3, 'playrecord', 'Al-Halq', 'Ha', '2020-08-23 09:32:51'),
(1275, 38, 3, 'rekam', 'Al-Halq', 'Kho', '2020-08-23 09:33:47'),
(1276, 38, 3, 'playrecord', 'Al-Halq', 'Kho', '2020-08-23 09:33:50'),
(1277, 38, 3, 'rekam', 'Al-Halq', 'Ain', '2020-08-23 09:34:51'),
(1278, 38, 3, 'playrecord', 'Al-Halq', 'Ain', '2020-08-23 09:34:56'),
(1279, 38, 3, 'playrecord', 'Al-Halq', 'Ain', '2020-08-23 09:35:01'),
(1280, 38, 3, 'rekam', 'Al-Halq', 'Ghoin', '2020-08-23 09:35:50'),
(1281, 38, 3, 'playrecord', 'Al-Halq', 'Ghoin', '2020-08-23 09:35:53'),
(1282, 38, 3, 'rekam', 'Al-Halq', 'Ghoin', '2020-08-23 09:36:10'),
(1283, 38, 3, 'playrecord', 'Al-Halq', 'Ghoin', '2020-08-23 09:36:12'),
(1284, 38, 3, 'playrecord', 'Al-Halq', 'Ghoin', '2020-08-23 09:36:18'),
(1285, 38, 3, 'playrecord', 'Al-Halq', 'Ghoin', '2020-08-23 09:36:21'),
(1286, 38, 3, 'rekam', 'Al-Halq', 'Haa', '2020-08-23 09:37:00'),
(1287, 38, 3, 'playrecord', 'Al-Halq', 'Haa', '2020-08-23 09:37:03'),
(1288, 38, 3, 'rekam', 'Al-Halq', 'Hamzah', '2020-08-23 09:38:03'),
(1289, 38, 3, 'playrecord', 'Al-Halq', 'Hamzah', '2020-08-23 09:38:06'),
(1290, 24, 3, 'login', NULL, NULL, '2020-08-23 09:43:04'),
(1291, 7, 3, 'login', NULL, NULL, '2020-08-23 09:46:24'),
(1292, 7, 3, 'playvideo', 'Al-Halq', 'Ha', '2020-08-23 09:47:07'),
(1293, 7, 3, 'playvideo', 'Al-Halq', 'Ha', '2020-08-23 09:47:11'),
(1294, 7, 3, 'playvideo', 'Al-Halq', 'Ha', '2020-08-23 09:47:11'),
(1295, 7, 3, 'playvideo', 'Al-Halq', 'Ha', '2020-08-23 09:47:12'),
(1296, 7, 3, 'playvideo', 'Al-Halq', 'Kho', '2020-08-23 09:47:48'),
(1297, 7, 3, 'playvideo', 'Al-Halq', 'Kho', '2020-08-23 09:47:49'),
(1298, 7, 3, 'playvideo', 'Al-Halq', 'Kho', '2020-08-23 09:47:50'),
(1299, 7, 3, 'playvideo', 'Al-Halq', 'Kho', '2020-08-23 09:47:50'),
(1300, 7, 3, 'rekam', 'Al-Halq', 'Ha', '2020-08-23 09:48:43'),
(1301, 7, 3, 'playrecord', 'Al-Halq', 'Ha', '2020-08-23 09:48:46'),
(1302, 7, 3, 'playrecord', 'Al-Halq', 'Ha', '2020-08-23 09:48:50'),
(1303, 7, 3, 'playrecord', 'Al-Halq', 'Ha', '2020-08-23 09:48:51'),
(1304, 7, 3, 'rekam', 'Al-Halq', 'Ha', '2020-08-23 09:49:10'),
(1305, 7, 3, 'playrecord', 'Al-Halq', 'Ha', '2020-08-23 09:49:14'),
(1306, 7, 3, 'playrecord', 'Al-Halq', 'Ha', '2020-08-23 09:49:16'),
(1307, 39, 3, 'login', NULL, NULL, '2020-08-23 09:51:40'),
(1308, 39, 3, 'login', NULL, NULL, '2020-08-23 09:57:03'),
(1309, 37, 3, 'login', NULL, NULL, '2020-08-23 10:05:47'),
(1310, 37, 3, 'rekam', 'Al-Halq', 'Ha', '2020-08-23 10:09:02'),
(1311, 37, 3, 'playrecord', 'Al-Halq', 'Ha', '2020-08-23 10:09:34'),
(1312, 37, 3, 'playrecord', 'Al-Halq', 'Ha', '2020-08-23 10:09:41'),
(1313, 37, 3, 'playrecord', 'Al-Halq', 'Ha', '2020-08-23 10:09:42'),
(1314, 37, 3, 'playrecord', 'Al-Halq', 'Ha', '2020-08-23 10:09:42'),
(1315, 37, 3, 'playrecord', 'Al-Halq', 'Ha', '2020-08-23 10:09:42'),
(1316, 37, 3, 'rekam', 'Al-Halq', 'Kho', '2020-08-23 10:10:54'),
(1317, 37, 3, 'playrecord', 'Al-Halq', 'Kho', '2020-08-23 10:10:59'),
(1318, 37, 3, 'rekam', 'Al-Halq', 'Kho', '2020-08-23 10:11:14'),
(1319, 37, 3, 'rekam', 'Al-Halq', 'Kho', '2020-08-23 10:11:31'),
(1320, 37, 3, 'playrecord', 'Al-Halq', 'Kho', '2020-08-23 10:11:38'),
(1321, 37, 3, 'playrecord', 'Al-Halq', 'Kho', '2020-08-23 10:11:47'),
(1322, 37, 3, 'playrecord', 'Al-Halq', 'Kho', '2020-08-23 10:12:02'),
(1323, 37, 3, 'playrecord', 'Al-Halq', 'Kho', '2020-08-23 10:12:07'),
(1324, 37, 3, 'rekam', 'Al-Halq', 'Ain', '2020-08-23 10:14:12'),
(1325, 37, 3, 'playrecord', 'Al-Halq', 'Ain', '2020-08-23 10:14:18'),
(1326, 37, 3, 'rekam', 'Al-Halq', 'Ghoin', '2020-08-23 10:15:12'),
(1327, 37, 3, 'rekam', 'Al-Halq', 'Ghoin', '2020-08-23 10:15:48'),
(1328, 37, 3, 'playrecord', 'Al-Halq', 'Ghoin', '2020-08-23 10:15:52'),
(1329, 37, 3, 'playrecord', 'Al-Halq', 'Ghoin', '2020-08-23 10:16:02'),
(1330, 37, 3, 'playrecord', 'Al-Halq', 'Ghoin', '2020-08-23 10:16:06'),
(1331, 37, 3, 'rekam', 'Al-Halq', 'Haa', '2020-08-23 10:17:12'),
(1332, 37, 3, 'playrecord', 'Al-Halq', 'Haa', '2020-08-23 10:17:18'),
(1333, 37, 3, 'playrecord', 'Al-Halq', 'Haa', '2020-08-23 10:17:25'),
(1334, 37, 3, 'rekam', 'Al-Halq', 'Hamzah', '2020-08-23 10:18:31'),
(1335, 37, 3, 'playrecord', 'Al-Halq', 'Hamzah', '2020-08-23 10:18:44'),
(1336, 40, 3, 'login', NULL, NULL, '2020-08-23 10:21:06'),
(1337, 40, 3, 'playvideo', 'Al-Halq', 'Ha', '2020-08-23 10:21:35'),
(1338, 40, 3, 'playvideo', 'Al-Halq', 'Ha', '2020-08-23 10:21:37'),
(1339, 40, 3, 'playvideo', 'Al-Halq', 'Ha', '2020-08-23 10:21:37'),
(1340, 40, 3, 'rekam', 'Al-Halq', 'Ha', '2020-08-23 10:23:27'),
(1341, 40, 3, 'playrecord', 'Al-Halq', 'Ha', '2020-08-23 10:23:30'),
(1342, 40, 3, 'rekam', 'Al-Halq', 'Ha', '2020-08-23 10:23:41'),
(1343, 40, 3, 'playrecord', 'Al-Halq', 'Ha', '2020-08-23 10:23:44'),
(1344, 40, 3, 'rekam', 'Al-Halq', 'Kho', '2020-08-23 10:27:38'),
(1345, 40, 3, 'playrecord', 'Al-Halq', 'Kho', '2020-08-23 10:27:40'),
(1346, 40, 3, 'rekam', 'Al-Halq', 'Kho', '2020-08-23 10:27:49'),
(1347, 40, 3, 'playrecord', 'Al-Halq', 'Kho', '2020-08-23 10:27:51'),
(1348, 40, 3, 'rekam', 'Al-Halq', 'Ain', '2020-08-23 10:28:23'),
(1349, 40, 3, 'rekam', 'Al-Halq', 'Ain', '2020-08-23 10:28:29'),
(1350, 40, 3, 'playrecord', 'Al-Halq', 'Ain', '2020-08-23 10:28:31'),
(1351, 40, 3, 'playrecord', 'Al-Halq', 'Ain', '2020-08-23 10:28:36'),
(1352, 40, 3, 'rekam', 'Al-Halq', 'Ghoin', '2020-08-23 10:29:17'),
(1353, 40, 3, 'playrecord', 'Al-Halq', 'Ghoin', '2020-08-23 10:29:20'),
(1354, 40, 3, 'rekam', 'Al-Halq', 'Ghoin', '2020-08-23 10:29:28'),
(1355, 40, 3, 'playrecord', 'Al-Halq', 'Ghoin', '2020-08-23 10:29:29'),
(1356, 40, 3, 'rekam', 'Al-Halq', 'Haa', '2020-08-23 10:30:00'),
(1357, 40, 3, 'playrecord', 'Al-Halq', 'Haa', '2020-08-23 10:30:02'),
(1358, 40, 3, 'rekam', 'Al-Halq', 'Haa', '2020-08-23 10:30:10'),
(1359, 40, 3, 'playrecord', 'Al-Halq', 'Haa', '2020-08-23 10:30:11'),
(1360, 39, 3, 'playvideo', 'Al-Jauf', 'Alif', '2020-08-23 10:30:16'),
(1361, 39, 3, 'playvideo', 'Al-Jauf', 'Alif', '2020-08-23 10:30:18'),
(1362, 39, 3, 'playvideo', 'Al-Jauf', 'Alif', '2020-08-23 10:30:21'),
(1363, 39, 3, 'playvideo', 'Al-Jauf', 'Alif', '2020-08-23 10:30:24'),
(1364, 40, 3, 'rekam', 'Al-Halq', 'Hamzah', '2020-08-23 10:31:08'),
(1365, 40, 3, 'playrecord', 'Al-Halq', 'Hamzah', '2020-08-23 10:31:11'),
(1366, 40, 3, 'rekam', 'Al-Halq', 'Hamzah', '2020-08-23 10:31:23'),
(1367, 40, 3, 'playrecord', 'Al-Halq', 'Hamzah', '2020-08-23 10:31:26'),
(1368, 39, 3, 'playvideo', 'Al-Halq', 'Ha', '2020-08-23 10:33:02'),
(1369, 39, 3, 'playvideo', 'Al-Halq', 'Kho', '2020-08-23 10:34:17'),
(1370, 39, 3, 'playvideo', 'Al-Halq', 'Kho', '2020-08-23 10:34:28'),
(1371, 39, 3, 'playvideo', 'Al-Halq', 'Ain', '2020-08-23 10:34:59'),
(1372, 39, 3, 'playvideo', 'Al-Halq', 'Ain', '2020-08-23 10:35:01'),
(1373, 39, 3, 'playvideo', 'Al-Halq', 'Ain', '2020-08-23 10:35:04'),
(1374, 39, 3, 'playvideo', 'Al-Halq', 'Ain', '2020-08-23 10:35:06'),
(1375, 36, 3, 'playvideo', 'Al-Halq', 'Kho', '2020-08-23 10:43:20'),
(1376, 36, 3, 'playvideo', 'Al-Halq', 'Ain', '2020-08-23 10:43:50'),
(1377, 36, 3, 'playvideo', 'Al-Halq', 'Ghoin', '2020-08-23 10:44:12'),
(1378, 36, 3, 'playvideo', 'Al-Halq', 'Haa', '2020-08-23 10:44:41'),
(1379, 36, 3, 'playvideo', 'Al-Halq', 'Hamzah', '2020-08-23 10:45:11'),
(1380, 36, 3, 'rekam', 'Al-Halq', 'Ha', '2020-08-23 10:45:57'),
(1381, 36, 3, 'playrecord', 'Al-Halq', 'Ha', '2020-08-23 10:46:02'),
(1382, 36, 3, 'rekam', 'Al-Halq', 'Ha', '2020-08-23 10:46:17'),
(1383, 36, 3, 'playrecord', 'Al-Halq', 'Ha', '2020-08-23 10:46:19'),
(1384, 36, 3, 'playrecord', 'Al-Halq', 'Ha', '2020-08-23 10:46:32'),
(1385, 36, 3, 'playrecord', 'Al-Halq', 'Ha', '2020-08-23 10:46:38'),
(1386, 36, 3, 'rekam', 'Al-Halq', 'Kho', '2020-08-23 10:47:19'),
(1387, 36, 3, 'playrecord', 'Al-Halq', 'Kho', '2020-08-23 10:47:21'),
(1388, 36, 3, 'rekam', 'Al-Halq', 'Kho', '2020-08-23 10:47:33'),
(1389, 36, 3, 'playrecord', 'Al-Halq', 'Kho', '2020-08-23 10:47:34'),
(1390, 36, 3, 'rekam', 'Al-Halq', 'Ain', '2020-08-23 10:48:07'),
(1391, 36, 3, 'playrecord', 'Al-Halq', 'Ain', '2020-08-23 10:48:08'),
(1392, 36, 3, 'rekam', 'Al-Halq', 'Ain', '2020-08-23 10:48:23'),
(1393, 36, 3, 'playrecord', 'Al-Halq', 'Ain', '2020-08-23 10:48:24'),
(1394, 36, 3, 'rekam', 'Al-Halq', 'Ghoin', '2020-08-23 10:49:02'),
(1395, 36, 3, 'playrecord', 'Al-Halq', 'Ghoin', '2020-08-23 10:49:05'),
(1396, 36, 3, 'rekam', 'Al-Halq', 'Ghoin', '2020-08-23 10:50:20'),
(1397, 36, 3, 'playrecord', 'Al-Halq', 'Ghoin', '2020-08-23 10:50:22'),
(1398, 36, 3, 'rekam', 'Al-Halq', 'Ghoin', '2020-08-23 10:50:31'),
(1399, 36, 3, 'playrecord', 'Al-Halq', 'Ghoin', '2020-08-23 10:50:32'),
(1400, 6, 3, 'login', NULL, NULL, '2020-08-23 10:51:02'),
(1401, 36, 3, 'rekam', 'Al-Halq', 'Haa', '2020-08-23 10:51:03'),
(1402, 36, 3, 'playrecord', 'Al-Halq', 'Haa', '2020-08-23 10:51:04'),
(1403, 36, 3, 'rekam', 'Al-Halq', 'Haa', '2020-08-23 10:51:16'),
(1404, 36, 3, 'playrecord', 'Al-Halq', 'Haa', '2020-08-23 10:51:19'),
(1405, 36, 3, 'playrecord', 'Al-Halq', 'Haa', '2020-08-23 10:51:25'),
(1406, 36, 3, 'rekam', 'Al-Halq', 'Hamzah', '2020-08-23 10:52:20'),
(1407, 36, 3, 'playrecord', 'Al-Halq', 'Hamzah', '2020-08-23 10:52:23'),
(1408, 36, 3, 'rekam', 'Al-Halq', 'Hamzah', '2020-08-23 10:52:33'),
(1409, 36, 3, 'playrecord', 'Al-Halq', 'Hamzah', '2020-08-23 10:52:35'),
(1410, 41, 3, 'login', NULL, NULL, '2020-08-23 10:55:26'),
(1411, 42, 3, 'login', NULL, NULL, '2020-08-23 10:56:41'),
(1412, 41, 3, 'playvideo', 'Asy-Syafatain', 'Ba', '2020-08-23 10:59:08'),
(1413, 41, 3, 'playvideo', 'Asy-Syafatain', 'Ba', '2020-08-23 10:59:12'),
(1414, 42, 3, 'playvideo', 'Al-Halq', 'Ha', '2020-08-23 11:02:54'),
(1415, 42, 3, 'playvideo', 'Al-Halq', 'Ha', '2020-08-23 11:03:32'),
(1416, 42, 3, 'playvideo', 'Al-Halq', 'Ha', '2020-08-23 11:03:34'),
(1417, 42, 3, 'playvideo', 'Al-Halq', 'Ha', '2020-08-23 11:03:35'),
(1418, 42, 3, 'playvideo', 'Al-Halq', 'Kho', '2020-08-23 11:04:00'),
(1419, 42, 3, 'playvideo', 'Al-Halq', 'Kho', '2020-08-23 11:04:52'),
(1420, 42, 3, 'playvideo', 'Al-Halq', 'Kho', '2020-08-23 11:04:53'),
(1421, 42, 3, 'playvideo', 'Al-Halq', 'Kho', '2020-08-23 11:04:54'),
(1422, 42, 3, 'playvideo', 'Al-Halq', 'Ain', '2020-08-23 11:05:08'),
(1423, 42, 3, 'playvideo', 'Al-Halq', 'Ain', '2020-08-23 11:06:37'),
(1424, 42, 3, 'playvideo', 'Al-Halq', 'Ain', '2020-08-23 11:06:39'),
(1425, 42, 3, 'playvideo', 'Al-Halq', 'Ain', '2020-08-23 11:06:40'),
(1426, 42, 3, 'playvideo', 'Al-Halq', 'Ghoin', '2020-08-23 11:06:52'),
(1427, 42, 3, 'playvideo', 'Al-Halq', 'Ghoin', '2020-08-23 11:08:02'),
(1428, 42, 3, 'playvideo', 'Al-Halq', 'Ghoin', '2020-08-23 11:08:03'),
(1429, 42, 3, 'playvideo', 'Al-Halq', 'Ghoin', '2020-08-23 11:08:03'),
(1430, 42, 3, 'playvideo', 'Al-Halq', 'Haa', '2020-08-23 11:08:49'),
(1431, 42, 3, 'playvideo', 'Al-Halq', 'Haa', '2020-08-23 11:10:33'),
(1432, 42, 3, 'playvideo', 'Al-Halq', 'Haa', '2020-08-23 11:10:34'),
(1433, 42, 3, 'playvideo', 'Al-Halq', 'Haa', '2020-08-23 11:10:34'),
(1434, 42, 3, 'playvideo', 'Al-Halq', 'Hamzah', '2020-08-23 11:10:50'),
(1435, 42, 3, 'playvideo', 'Al-Halq', 'Hamzah', '2020-08-23 11:11:36'),
(1436, 42, 3, 'playvideo', 'Al-Halq', 'Hamzah', '2020-08-23 11:11:37'),
(1437, 42, 3, 'playvideo', 'Al-Halq', 'Hamzah', '2020-08-23 11:11:38'),
(1438, 42, 3, 'login', NULL, NULL, '2020-08-23 11:14:41'),
(1439, 42, 3, 'rekam', 'Al-Halq', 'Ha', '2020-08-23 11:16:18'),
(1440, 42, 3, 'playrecord', 'Al-Halq', 'Ha', '2020-08-23 11:16:20'),
(1441, 4, 2, 'login', NULL, NULL, '2020-08-23 11:18:34'),
(1442, 42, 3, 'playrecord', 'Al-Halq', 'Ha', '2020-08-23 11:18:47'),
(1443, 42, 3, 'rekam', 'Al-Halq', 'Ha', '2020-08-23 11:23:17'),
(1444, 42, 3, 'playrecord', 'Al-Halq', 'Ha', '2020-08-23 11:23:20'),
(1445, 42, 3, 'rekam', 'Al-Halq', 'Ha', '2020-08-23 11:23:47'),
(1446, 42, 3, 'playrecord', 'Al-Halq', 'Ha', '2020-08-23 11:23:51'),
(1447, 42, 3, 'playrecord', 'Al-Halq', 'Ha', '2020-08-23 11:24:06'),
(1448, 42, 3, 'rekam', 'Al-Halq', 'Kho', '2020-08-23 11:25:08'),
(1449, 42, 3, 'playrecord', 'Al-Halq', 'Kho', '2020-08-23 11:25:10'),
(1450, 42, 3, 'rekam', 'Al-Halq', 'Kho', '2020-08-23 11:25:23'),
(1451, 42, 3, 'playrecord', 'Al-Halq', 'Kho', '2020-08-23 11:25:25'),
(1452, 42, 3, 'rekam', 'Al-Halq', 'Ain', '2020-08-23 11:26:03'),
(1453, 42, 3, 'playrecord', 'Al-Halq', 'Ain', '2020-08-23 11:26:04'),
(1454, 42, 3, 'rekam', 'Al-Halq', 'Ain', '2020-08-23 11:26:21'),
(1455, 42, 3, 'playrecord', 'Al-Halq', 'Ain', '2020-08-23 11:26:22'),
(1456, 42, 3, 'rekam', 'Al-Halq', 'Ghoin', '2020-08-23 11:27:00'),
(1457, 42, 3, 'playrecord', 'Al-Halq', 'Ghoin', '2020-08-23 11:27:01'),
(1458, 42, 3, 'rekam', 'Al-Halq', 'Ghoin', '2020-08-23 11:27:16'),
(1459, 42, 3, 'playrecord', 'Al-Halq', 'Ghoin', '2020-08-23 11:27:17'),
(1460, 39, 3, 'playvideo', 'Al-Halq', 'Ghoin', '2020-08-23 11:27:26'),
(1461, 39, 3, 'playvideo', 'Al-Halq', 'Ghoin', '2020-08-23 11:27:39'),
(1462, 39, 3, 'playvideo', 'Al-Halq', 'Ghoin', '2020-08-23 11:27:40'),
(1463, 39, 3, 'playvideo', 'Al-Halq', 'Ghoin', '2020-08-23 11:27:41'),
(1464, 42, 3, 'rekam', 'Al-Halq', 'Haa', '2020-08-23 11:27:53'),
(1465, 42, 3, 'playrecord', 'Al-Halq', 'Haa', '2020-08-23 11:27:55'),
(1466, 42, 3, 'rekam', 'Al-Halq', 'Haa', '2020-08-23 11:28:11'),
(1467, 42, 3, 'playrecord', 'Al-Halq', 'Haa', '2020-08-23 11:28:12'),
(1468, 39, 3, 'playvideo', 'Al-Halq', 'Haa', '2020-08-23 11:28:13'),
(1469, 39, 3, 'playvideo', 'Al-Halq', 'Haa', '2020-08-23 11:28:15'),
(1470, 39, 3, 'playvideo', 'Al-Halq', 'Haa', '2020-08-23 11:28:17'),
(1471, 39, 3, 'playvideo', 'Al-Halq', 'Haa', '2020-08-23 11:28:25'),
(1472, 42, 3, 'rekam', 'Al-Halq', 'Hamzah', '2020-08-23 11:28:49'),
(1473, 42, 3, 'playrecord', 'Al-Halq', 'Hamzah', '2020-08-23 11:28:51'),
(1474, 39, 3, 'playvideo', 'Al-Halq', 'Hamzah', '2020-08-23 11:29:04'),
(1475, 39, 3, 'playvideo', 'Al-Halq', 'Hamzah', '2020-08-23 11:29:06'),
(1476, 39, 3, 'playvideo', 'Al-Halq', 'Hamzah', '2020-08-23 11:29:07'),
(1477, 39, 3, 'playvideo', 'Al-Halq', 'Hamzah', '2020-08-23 11:29:08'),
(1478, 42, 3, 'rekam', 'Al-Halq', 'Hamzah', '2020-08-23 11:29:09'),
(1479, 42, 3, 'playrecord', 'Al-Halq', 'Hamzah', '2020-08-23 11:29:10'),
(1480, 39, 3, 'rekam', 'Al-Halq', 'Ha', '2020-08-23 11:32:18'),
(1481, 39, 3, 'playrecord', 'Al-Halq', 'Ha', '2020-08-23 11:32:34'),
(1482, 39, 3, 'rekam', 'Al-Halq', 'Ha', '2020-08-23 11:35:05'),
(1483, 39, 3, 'playrecord', 'Al-Halq', 'Ha', '2020-08-23 11:35:09'),
(1484, 39, 3, 'rekam', 'Al-Halq', 'Kho', '2020-08-23 11:36:16'),
(1485, 39, 3, 'playrecord', 'Al-Halq', 'Kho', '2020-08-23 11:36:20'),
(1486, 39, 3, 'rekam', 'Al-Halq', 'Ain', '2020-08-23 11:38:01'),
(1487, 39, 3, 'rekam', 'Al-Halq', 'Ghoin', '2020-08-23 11:39:12'),
(1488, 39, 3, 'playrecord', 'Al-Halq', 'Ghoin', '2020-08-23 11:39:16'),
(1489, 39, 3, 'rekam', 'Al-Halq', 'Ghoin', '2020-08-23 11:39:38'),
(1490, 39, 3, 'rekam', 'Al-Halq', 'Haa', '2020-08-23 11:40:37'),
(1491, 39, 3, 'rekam', 'Al-Halq', 'Hamzah', '2020-08-23 11:41:37'),
(1492, 39, 3, 'playrecord', 'Al-Halq', 'Hamzah', '2020-08-23 11:41:39'),
(1493, 43, 3, 'login', NULL, NULL, '2020-08-23 11:44:13'),
(1494, 43, 3, 'playvideo', 'Al-Halq', 'Ha', '2020-08-23 11:48:51'),
(1495, 43, 3, 'playvideo', 'Al-Halq', 'Ha', '2020-08-23 11:50:41'),
(1496, 43, 3, 'playvideo', 'Al-Halq', 'Ha', '2020-08-23 11:51:28'),
(1497, 43, 3, 'playvideo', 'Al-Halq', 'Ha', '2020-08-23 11:51:30'),
(1498, 43, 3, 'playvideo', 'Al-Halq', 'Kho', '2020-08-23 11:53:02'),
(1499, 43, 3, 'playvideo', 'Al-Halq', 'Kho', '2020-08-23 11:53:36'),
(1500, 43, 3, 'playvideo', 'Al-Halq', 'Kho', '2020-08-23 11:53:37'),
(1501, 43, 3, 'playvideo', 'Al-Halq', 'Kho', '2020-08-23 11:53:38'),
(1502, 43, 3, 'playvideo', 'Al-Halq', 'Ain', '2020-08-23 11:54:03'),
(1503, 43, 3, 'playvideo', 'Al-Halq', 'Ain', '2020-08-23 11:54:12'),
(1504, 43, 3, 'playvideo', 'Al-Halq', 'Ain', '2020-08-23 11:54:19'),
(1505, 43, 3, 'playvideo', 'Al-Halq', 'Ain', '2020-08-23 11:54:20'),
(1506, 43, 3, 'playvideo', 'Al-Halq', 'Ghoin', '2020-08-23 11:55:08'),
(1507, 43, 3, 'playvideo', 'Al-Halq', 'Ghoin', '2020-08-23 11:55:13'),
(1508, 43, 3, 'playvideo', 'Al-Halq', 'Ghoin', '2020-08-23 11:55:14'),
(1509, 43, 3, 'playvideo', 'Al-Halq', 'Ghoin', '2020-08-23 11:55:16'),
(1510, 43, 3, 'playvideo', 'Al-Halq', 'Haa', '2020-08-23 11:55:53'),
(1511, 43, 3, 'playvideo', 'Al-Halq', 'Haa', '2020-08-23 11:56:12'),
(1512, 43, 3, 'playvideo', 'Al-Halq', 'Haa', '2020-08-23 11:56:22'),
(1513, 43, 3, 'playvideo', 'Al-Halq', 'Hamzah', '2020-08-23 11:56:42'),
(1514, 43, 3, 'playvideo', 'Al-Halq', 'Hamzah', '2020-08-23 11:56:56'),
(1515, 43, 3, 'playvideo', 'Al-Halq', 'Hamzah', '2020-08-23 11:57:10'),
(1516, 43, 3, 'rekam', 'Al-Halq', 'Ha', '2020-08-23 12:12:13'),
(1517, 43, 3, 'playrecord', 'Al-Halq', 'Ha', '2020-08-23 12:12:39'),
(1518, 43, 3, 'rekam', 'Al-Halq', 'Ha', '2020-08-23 12:15:37'),
(1519, 43, 3, 'playrecord', 'Al-Halq', 'Ha', '2020-08-23 12:15:47'),
(1520, 43, 3, 'rekam', 'Al-Halq', 'Kho', '2020-08-23 12:18:30'),
(1521, 43, 3, 'playrecord', 'Al-Halq', 'Kho', '2020-08-23 12:18:34'),
(1522, 43, 3, 'rekam', 'Al-Halq', 'Ain', '2020-08-23 12:20:17'),
(1523, 43, 3, 'rekam', 'Al-Halq', 'Ain', '2020-08-23 12:21:01'),
(1524, 43, 3, 'rekam', 'Al-Halq', 'Ghoin', '2020-08-23 12:21:54'),
(1525, 43, 3, 'rekam', 'Al-Halq', 'Ghoin', '2020-08-23 12:22:12'),
(1526, 43, 3, 'rekam', 'Al-Halq', 'Haa', '2020-08-23 12:22:59'),
(1527, 43, 3, 'rekam', 'Al-Halq', 'Hamzah', '2020-08-23 12:24:55'),
(1528, 43, 3, 'playrecord', 'Al-Halq', 'Hamzah', '2020-08-23 12:24:59'),
(1529, 44, 2, 'login', NULL, NULL, '2020-08-23 13:01:54'),
(1572, 5, 2, 'login', NULL, NULL, '2020-08-23 20:33:09'),
(1573, 6, 3, 'login', NULL, NULL, '2020-08-23 20:39:15'),
(1574, 5, 2, 'login', NULL, NULL, '2020-08-23 20:59:40'),
(1575, 6, 3, 'login', NULL, NULL, '2020-08-23 21:02:13'),
(1576, 6, 3, 'rekam', 'Al-Khaisyum', 'Mim', '2020-08-23 21:03:08'),
(1577, 5, 2, 'login', NULL, NULL, '2020-08-23 21:03:46'),
(1578, 6, 3, 'login', NULL, NULL, '2020-08-23 21:04:13'),
(1579, 6, 3, 'rekam', 'Al-Khaisyum', 'Nun', '2020-08-23 21:05:26'),
(1580, 5, 2, 'login', NULL, NULL, '2020-08-23 21:05:49'),
(1581, 6, 3, 'login', NULL, NULL, '2020-08-23 21:16:12'),
(1582, 4, 2, 'login', NULL, NULL, '2020-08-23 21:43:46'),
(1583, 5, 2, 'login', NULL, NULL, '2020-08-23 21:45:36'),
(1584, 23, 3, 'login', NULL, NULL, '2020-08-23 21:48:12'),
(1585, 5, 2, 'login', NULL, NULL, '2020-08-23 21:48:46'),
(1586, 45, 3, 'login', NULL, NULL, '2020-08-23 21:53:02'),
(1587, 45, 3, 'playvideo', 'Al-Halq', 'Kho', '2020-08-23 21:58:00'),
(1588, 23, 3, 'login', NULL, NULL, '2020-08-23 22:04:01'),
(1589, 45, 3, 'rekam', 'Al-Halq', 'Kho', '2020-08-23 22:27:42'),
(1590, 45, 3, 'rekam', 'Al-Halq', 'Kho', '2020-08-23 22:27:51'),
(1591, 45, 3, 'diskusi', NULL, NULL, '2020-08-23 22:41:41'),
(1592, 4, 2, 'login', NULL, NULL, '2020-08-23 23:04:32'),
(1593, 45, 3, 'login', NULL, NULL, '2020-08-23 23:25:25'),
(1594, 40, 3, 'login', NULL, NULL, '2020-08-23 23:40:13'),
(1595, 34, 3, 'login', NULL, NULL, '2020-08-24 00:06:50'),
(1596, 34, 3, 'login', NULL, NULL, '2020-08-24 00:10:43'),
(1597, 34, 3, 'login', NULL, NULL, '2020-08-24 00:28:23'),
(1598, 35, 3, 'login', NULL, NULL, '2020-08-24 00:28:44'),
(1599, 3, 2, 'login', NULL, NULL, '2020-08-24 00:28:59'),
(1600, 45, 3, 'login', NULL, NULL, '2020-08-24 00:29:48'),
(1601, 45, 3, 'login', NULL, NULL, '2020-08-24 00:41:48'),
(1602, 45, 3, 'rekam', 'Al-Jauf', 'Alif', '2020-08-24 00:41:57'),
(1603, 45, 3, 'rekam', 'Al-Jauf', 'Alif', '2020-08-24 00:42:14'),
(1604, 45, 3, 'rekam', 'Al-Jauf', 'Alif', '2020-08-24 00:42:19'),
(1605, 45, 3, 'login', NULL, NULL, '2020-08-24 01:39:44'),
(1606, 35, 3, 'login', NULL, NULL, '2020-08-24 01:42:07'),
(1607, 3, 2, 'login', NULL, NULL, '2020-08-24 02:36:23'),
(1608, 5, 2, 'login', NULL, NULL, '2020-08-24 03:37:48'),
(1609, 5, 2, 'login', NULL, NULL, '2020-08-24 04:10:04'),
(1610, 23, 3, 'login', NULL, NULL, '2020-08-24 04:57:01'),
(1611, 6, 3, 'login', NULL, NULL, '2020-08-24 05:05:24'),
(1612, 7, 3, 'login', NULL, NULL, '2020-08-24 05:05:39'),
(1613, 23, 3, 'login', NULL, NULL, '2020-08-24 05:09:56'),
(1614, 6, 3, 'login', NULL, NULL, '2020-08-24 05:17:22'),
(1615, 5, 2, 'login', NULL, NULL, '2020-08-24 06:56:02'),
(1616, 6, 3, 'login', NULL, NULL, '2020-08-25 03:01:22'),
(1617, 4, 2, 'login', NULL, NULL, '2020-08-25 08:27:44'),
(1618, 34, 3, 'login', NULL, NULL, '2020-08-25 11:25:58'),
(1619, 34, 3, 'login', NULL, NULL, '2020-08-25 11:39:09'),
(1620, 6, 3, 'login', NULL, NULL, '2020-08-25 14:55:27'),
(1621, 45, 3, 'login', NULL, NULL, '2020-08-25 16:35:03'),
(1622, 45, 3, 'login', NULL, NULL, '2020-08-25 16:53:59'),
(1623, 45, 3, 'playvideo', 'Al-Halq', 'Ha', '2020-08-25 17:18:27'),
(1624, 45, 3, 'playvideo', 'Al-Halq', 'Ha', '2020-08-25 17:18:28'),
(1625, 3, 2, 'login', NULL, NULL, '2020-08-25 17:30:14'),
(1626, 45, 3, 'rekam', 'Al-Jauf', 'Alif', '2020-08-25 17:34:24'),
(1627, 45, 3, 'rekam', NULL, NULL, '2020-08-25 17:46:59'),
(1628, 5, 2, 'login', NULL, NULL, '2020-08-25 19:54:33'),
(1629, 44, 2, 'login', NULL, NULL, '2020-08-25 20:28:18'),
(1630, 34, 3, 'login', NULL, NULL, '2020-08-25 20:32:05'),
(1631, 36, 3, 'login', NULL, NULL, '2020-08-25 20:32:21'),
(1632, 37, 3, 'login', NULL, NULL, '2020-08-25 20:33:24'),
(1633, 39, 3, 'login', NULL, NULL, '2020-08-25 20:33:54'),
(1634, 40, 3, 'login', NULL, NULL, '2020-08-25 20:34:30'),
(1635, 42, 3, 'login', NULL, NULL, '2020-08-25 20:34:45'),
(1636, 43, 3, 'login', NULL, NULL, '2020-08-25 20:35:31'),
(1637, 24, 3, 'login', NULL, NULL, '2020-08-25 20:36:40'),
(1638, 44, 2, 'login', NULL, NULL, '2020-08-25 20:37:07'),
(1639, 45, 3, 'login', NULL, NULL, '2020-08-25 20:44:07'),
(1640, 45, 3, 'playvideo', 'Al-Halq', 'Ha', '2020-08-25 20:44:41'),
(1641, 45, 3, 'playvideo', 'Al-Halq', 'Ha', '2020-08-25 20:44:41'),
(1642, 24, 3, 'diskusi', NULL, NULL, '2020-08-25 22:04:55'),
(1643, 40, 3, 'login', NULL, NULL, '2020-08-25 22:05:15'),
(1644, 40, 3, 'diskusi', NULL, NULL, '2020-08-25 22:05:37'),
(1645, 34, 3, 'login', NULL, NULL, '2020-08-25 22:05:54'),
(1646, 34, 3, 'diskusi', NULL, NULL, '2020-08-25 22:06:31'),
(1647, 43, 3, 'login', NULL, NULL, '2020-08-25 22:06:48'),
(1648, 43, 3, 'diskusi', NULL, NULL, '2020-08-25 22:07:35'),
(1649, 38, 3, 'login', NULL, NULL, '2020-08-25 22:18:18'),
(1650, 44, 2, 'login', NULL, NULL, '2020-08-25 22:38:03'),
(1651, 44, 2, 'login', NULL, NULL, '2020-08-25 22:41:42'),
(1652, 4, 2, 'login', NULL, NULL, '2020-08-25 23:14:55'),
(1653, 33, 3, 'login', NULL, NULL, '2020-08-25 23:16:53'),
(1654, 2, 2, 'login', NULL, NULL, '2020-08-26 06:52:46'),
(1655, 4, 2, 'login', NULL, NULL, '2020-08-26 14:43:59'),
(1656, 34, 3, 'login', NULL, NULL, '2020-08-26 17:09:29'),
(1657, 34, 3, 'login', NULL, NULL, '2020-08-26 17:19:30'),
(1658, 4, 2, 'login', NULL, NULL, '2020-08-26 17:20:14'),
(1659, 45, 3, 'login', NULL, NULL, '2020-08-26 18:22:51'),
(1660, 45, 3, 'playvideo', 'Al-Khaisyum', 'Mim', '2020-08-26 18:26:00'),
(1661, 45, 3, 'rekam', 'Al-Khaisyum', 'Mim', '2020-08-26 18:47:28'),
(1662, 23, 3, 'login', NULL, NULL, '2020-08-26 19:16:55'),
(1663, 5, 2, 'login', NULL, NULL, '2020-08-26 19:17:25'),
(1664, 45, 3, 'login', NULL, NULL, '2020-08-26 19:21:17'),
(1665, 45, 3, 'rekam', 'Al-Khaisyum', 'Mim', '2020-08-26 19:22:16'),
(1666, 45, 3, 'playrecord', 'Al-Khaisyum', 'Mim', '2020-08-26 19:22:19'),
(1667, 5, 2, 'login', NULL, NULL, '2020-08-26 19:22:50'),
(1668, 47, 3, 'login', NULL, NULL, '2020-08-26 19:53:36'),
(1669, 47, 3, 'login', NULL, NULL, '2020-08-26 19:55:23'),
(1670, 47, 3, 'playvideo', 'Al-Jauf', 'Alif', '2020-08-26 19:59:17'),
(1671, 47, 3, 'playvideo', 'Al-Jauf', 'Alif', '2020-08-26 20:00:29'),
(1672, 47, 3, 'rekam', 'Al-Jauf', 'Alif', '2020-08-26 20:02:29'),
(1673, 47, 3, 'playrecord', 'Al-Jauf', 'Alif', '2020-08-26 20:02:33'),
(1674, 47, 3, 'playrecord', 'Al-Jauf', 'Alif', '2020-08-26 20:02:35'),
(1675, 45, 3, 'login', NULL, NULL, '2020-08-26 20:39:40'),
(1676, 23, 3, 'login', NULL, NULL, '2020-08-26 21:06:50'),
(1677, 45, 3, 'login', NULL, NULL, '2020-08-26 21:16:09'),
(1678, 48, 3, 'login', NULL, NULL, '2020-08-26 21:17:46'),
(1679, 48, 3, 'playvideo', 'Al-Jauf', 'Alif', '2020-08-26 21:20:07'),
(1680, 48, 3, 'playvideo', 'Al-Jauf', 'Alif', '2020-08-26 21:21:10'),
(1681, 48, 3, 'playvideo', 'Al-Jauf', 'Alif', '2020-08-26 21:21:44'),
(1682, 48, 3, 'playvideo', 'Al-Jauf', 'Alif', '2020-08-26 21:21:48'),
(1683, 48, 3, 'playvideo', 'Al-Jauf', 'Wawu', '2020-08-26 21:22:54'),
(1684, 48, 3, 'playvideo', 'Al-Jauf', 'Wawu', '2020-08-26 21:25:51'),
(1685, 48, 3, 'playvideo', 'Al-Jauf', 'Wawu', '2020-08-26 21:25:52'),
(1686, 48, 3, 'playvideo', 'Al-Jauf', 'Wawu', '2020-08-26 21:27:34'),
(1687, 48, 3, 'playvideo', 'Al-Jauf', 'Ya', '2020-08-26 21:28:06'),
(1688, 48, 3, 'playvideo', 'Al-Jauf', 'Ya', '2020-08-26 21:28:12'),
(1689, 48, 3, 'playvideo', 'Al-Jauf', 'Ya', '2020-08-26 21:28:51'),
(1690, 48, 3, 'playvideo', 'Al-Jauf', 'Ya', '2020-08-26 21:29:00'),
(1691, 48, 3, 'rekam', 'Al-Jauf', 'Alif', '2020-08-26 21:30:09'),
(1692, 48, 3, 'rekam', 'Al-Jauf', 'Alif', '2020-08-26 21:31:00'),
(1693, 48, 3, 'playrecord', 'Al-Jauf', 'Alif', '2020-08-26 21:31:05'),
(1694, 48, 3, 'rekam', 'Al-Jauf', 'Alif', '2020-08-26 21:31:25'),
(1695, 48, 3, 'rekam', 'Al-Jauf', 'Wawu', '2020-08-26 21:31:54'),
(1696, 48, 3, 'rekam', 'Al-Jauf', 'Ya', '2020-08-26 21:32:15'),
(1697, 44, 2, 'login', NULL, NULL, '2020-08-26 22:18:09'),
(1698, 5, 2, 'login', NULL, NULL, '2020-08-26 22:25:44'),
(1699, 49, 3, 'login', NULL, NULL, '2020-08-26 23:13:22'),
(1700, 49, 3, 'playvideo', 'Al-Jauf', 'Alif', '2020-08-26 23:15:25'),
(1701, 49, 3, 'playvideo', 'Al-Jauf', 'Alif', '2020-08-26 23:17:47'),
(1702, 49, 3, 'playvideo', 'Al-Jauf', 'Wawu', '2020-08-26 23:22:09'),
(1703, 49, 3, 'playvideo', 'Al-Jauf', 'Ya', '2020-08-26 23:23:17'),
(1704, 49, 3, 'rekam', 'Al-Jauf', 'Alif', '2020-08-26 23:26:24'),
(1705, 49, 3, 'playrecord', 'Al-Jauf', 'Alif', '2020-08-26 23:26:37'),
(1706, 49, 3, 'playrecord', 'Al-Jauf', 'Alif', '2020-08-26 23:26:41'),
(1707, 49, 3, 'playrecord', 'Al-Jauf', 'Alif', '2020-08-26 23:26:47'),
(1708, 49, 3, 'rekam', 'Al-Jauf', 'Alif', '2020-08-26 23:27:18'),
(1709, 49, 3, 'playrecord', 'Al-Jauf', 'Alif', '2020-08-26 23:27:56'),
(1710, 49, 3, 'rekam', 'Al-Jauf', 'Wawu', '2020-08-26 23:28:58'),
(1711, 49, 3, 'playrecord', 'Al-Jauf', 'Wawu', '2020-08-26 23:29:01'),
(1712, 49, 3, 'rekam', 'Al-Jauf', 'Ya', '2020-08-26 23:29:40'),
(1713, 49, 3, 'playrecord', 'Al-Jauf', 'Ya', '2020-08-26 23:29:43'),
(1714, 44, 2, 'playvideo', 'Al-Jauf', 'Alif', '2020-08-27 00:18:22'),
(1715, 44, 2, 'playvideo', 'Al-Jauf', 'Alif', '2020-08-27 00:19:10'),
(1716, 44, 2, 'playvideo', 'Al-Jauf', 'Wawu', '2020-08-27 00:24:16'),
(1717, 44, 2, 'playvideo', 'Al-Jauf', 'Wawu', '2020-08-27 00:24:36'),
(1718, 44, 2, 'playvideo', 'Al-Jauf', 'Wawu', '2020-08-27 00:25:08'),
(1719, 44, 2, 'playvideo', 'Al-Jauf', 'Wawu', '2020-08-27 00:25:12'),
(1720, 44, 2, 'playvideo', 'Al-Jauf', 'Ya', '2020-08-27 00:30:43'),
(1721, 44, 2, 'playvideo', 'Al-Jauf', 'Ya', '2020-08-27 00:30:57'),
(1722, 44, 2, 'playvideo', 'Al-Jauf', 'Ya', '2020-08-27 00:31:08'),
(1723, 44, 2, 'playvideo', 'Al-Jauf', 'Ya', '2020-08-27 00:31:11'),
(1724, 50, 3, 'login', NULL, NULL, '2020-08-27 00:32:13'),
(1725, 5, 2, 'login', NULL, NULL, '2020-08-27 00:55:37'),
(1726, 51, 3, 'login', NULL, NULL, '2020-08-27 01:23:30'),
(1727, 51, 3, 'playvideo', 'Al-Jauf', 'Alif', '2020-08-27 01:28:39'),
(1728, 51, 3, 'playvideo', 'Al-Jauf', 'Alif', '2020-08-27 01:30:11'),
(1729, 51, 3, 'playvideo', 'Al-Jauf', 'Alif', '2020-08-27 01:31:18'),
(1730, 51, 3, 'playvideo', 'Al-Jauf', 'Alif', '2020-08-27 01:32:06'),
(1731, 51, 3, 'playvideo', 'Al-Jauf', 'Wawu', '2020-08-27 01:33:16'),
(1732, 51, 3, 'playvideo', 'Al-Jauf', 'Ya', '2020-08-27 01:34:47'),
(1733, 52, 3, 'login', NULL, NULL, '2020-08-27 01:46:45'),
(1734, 52, 3, 'playvideo', 'Al-Jauf', 'Alif', '2020-08-27 01:50:34'),
(1735, 52, 3, 'playvideo', 'Al-Jauf', 'Wawu', '2020-08-27 01:51:50'),
(1736, 52, 3, 'playvideo', 'Al-Jauf', 'Ya', '2020-08-27 01:54:49'),
(1737, 52, 3, 'playvideo', 'Al-Jauf', 'Ya', '2020-08-27 01:56:00'),
(1738, 52, 3, 'playvideo', 'Al-Jauf', 'Ya', '2020-08-27 01:56:02'),
(1739, 52, 3, 'playvideo', 'Al-Jauf', 'Ya', '2020-08-27 01:56:03'),
(1740, 52, 3, 'rekam', 'Al-Jauf', 'Alif', '2020-08-27 02:02:00'),
(1741, 52, 3, 'playrecord', 'Al-Jauf', 'Alif', '2020-08-27 02:02:04'),
(1742, 52, 3, 'rekam', 'Al-Jauf', 'Wawu', '2020-08-27 02:03:04'),
(1743, 52, 3, 'playrecord', 'Al-Jauf', 'Wawu', '2020-08-27 02:03:07'),
(1744, 52, 3, 'rekam', 'Al-Jauf', 'Ya', '2020-08-27 02:03:38'),
(1745, 52, 3, 'playrecord', 'Al-Jauf', 'Ya', '2020-08-27 02:03:40'),
(1746, 51, 3, 'rekam', 'Al-Jauf', 'Alif', '2020-08-27 02:22:24'),
(1747, 51, 3, 'rekam', 'Al-Jauf', 'Wawu', '2020-08-27 02:23:06'),
(1748, 51, 3, 'rekam', 'Al-Jauf', 'Ya', '2020-08-27 02:23:36'),
(1749, 50, 3, 'login', NULL, NULL, '2020-08-27 04:16:54'),
(1750, 50, 3, 'login', NULL, NULL, '2020-08-27 04:16:56'),
(1751, 50, 3, 'rekam', 'Al-Jauf', 'Alif', '2020-08-27 04:17:50'),
(1752, 50, 3, 'rekam', 'Al-Jauf', 'Alif', '2020-08-27 04:18:33'),
(1753, 50, 3, 'rekam', 'Al-Jauf', 'Wawu', '2020-08-27 04:19:40'),
(1754, 50, 3, 'rekam', 'Al-Jauf', 'Ya', '2020-08-27 04:20:20'),
(1755, 50, 3, 'playrecord', 'Al-Jauf', 'Ya', '2020-08-27 04:20:25'),
(1756, 50, 3, 'playrecord', 'Al-Jauf', 'Ya', '2020-08-27 04:20:40'),
(1757, 53, 3, 'login', NULL, NULL, '2020-08-27 06:32:38'),
(1758, 53, 3, 'login', NULL, NULL, '2020-08-27 06:33:31'),
(1759, 53, 3, 'playvideo', 'Al-Jauf', 'Alif', '2020-08-27 06:37:31'),
(1760, 53, 3, 'playvideo', 'Al-Jauf', 'Alif', '2020-08-27 06:38:17'),
(1761, 53, 3, 'login', NULL, NULL, '2020-08-27 06:48:46'),
(1762, 47, 3, 'login', NULL, NULL, '2020-08-27 07:36:08'),
(1763, 3, 2, 'login', NULL, NULL, '2020-08-27 07:39:07'),
(1764, 53, 3, 'login', NULL, NULL, '2020-08-27 07:41:51'),
(1765, 53, 3, 'playvideo', 'Al-Jauf', 'Alif', '2020-08-27 07:45:20'),
(1766, 45, 3, 'login', NULL, NULL, '2020-08-27 07:50:37'),
(1767, 3, 2, 'login', NULL, NULL, '2020-08-27 09:40:46'),
(1768, 54, 3, 'login', NULL, NULL, '2020-08-27 10:42:00'),
(1769, 54, 3, 'playvideo', 'Al-Jauf', 'Alif', '2020-08-27 10:51:19'),
(1770, 54, 3, 'playvideo', 'Al-Jauf', 'Alif', '2020-08-27 10:52:57'),
(1771, 54, 3, 'playvideo', 'Al-Jauf', 'Alif', '2020-08-27 10:53:00'),
(1772, 54, 3, 'rekam', 'Al-Jauf', 'Alif', '2020-08-27 10:55:40'),
(1773, 54, 3, 'playrecord', 'Al-Jauf', 'Alif', '2020-08-27 10:55:44'),
(1774, 54, 3, 'playvideo', 'Al-Jauf', 'Wawu', '2020-08-27 10:56:51'),
(1775, 54, 3, 'playvideo', 'Al-Jauf', 'Wawu', '2020-08-27 10:57:24'),
(1776, 54, 3, 'playvideo', 'Al-Jauf', 'Ya', '2020-08-27 10:58:25'),
(1777, 54, 3, 'rekam', 'Al-Jauf', 'Wawu', '2020-08-27 11:01:30'),
(1778, 54, 3, 'playrecord', 'Al-Jauf', 'Wawu', '2020-08-27 11:01:33'),
(1779, 54, 3, 'rekam', 'Al-Jauf', 'Wawu', '2020-08-27 11:02:02'),
(1780, 54, 3, 'playrecord', 'Al-Jauf', 'Wawu', '2020-08-27 11:02:06'),
(1781, 54, 3, 'playrecord', 'Al-Jauf', 'Wawu', '2020-08-27 11:02:20'),
(1782, 54, 3, 'rekam', 'Al-Jauf', 'Wawu', '2020-08-27 11:02:53'),
(1783, 54, 3, 'playrecord', 'Al-Jauf', 'Wawu', '2020-08-27 11:02:56'),
(1784, 54, 3, 'rekam', 'Al-Jauf', 'Wawu', '2020-08-27 11:04:32'),
(1785, 54, 3, 'playrecord', 'Al-Jauf', 'Wawu', '2020-08-27 11:04:41'),
(1786, 54, 3, 'rekam', 'Al-Jauf', 'Ya', '2020-08-27 11:07:38'),
(1787, 54, 3, 'playrecord', 'Al-Jauf', 'Ya', '2020-08-27 11:07:40'),
(1788, 54, 3, 'playrecord', 'Al-Jauf', 'Ya', '2020-08-27 11:07:49'),
(1789, 54, 3, 'rekam', 'Al-Jauf', 'Ya', '2020-08-27 11:09:50'),
(1790, 54, 3, 'playrecord', 'Al-Jauf', 'Ya', '2020-08-27 11:09:52'),
(1791, 55, 3, 'login', NULL, NULL, '2020-08-27 11:39:30'),
(1792, 55, 3, 'playvideo', 'Al-Jauf', 'Alif', '2020-08-27 11:42:34'),
(1793, 55, 3, 'playvideo', 'Al-Jauf', 'Alif', '2020-08-27 11:42:39'),
(1794, 55, 3, 'playvideo', 'Al-Jauf', 'Alif', '2020-08-27 11:42:41'),
(1795, 55, 3, 'playvideo', 'Al-Jauf', 'Alif', '2020-08-27 11:42:49'),
(1796, 55, 3, 'playvideo', 'Al-Jauf', 'Wawu', '2020-08-27 11:43:52'),
(1797, 55, 3, 'playvideo', 'Al-Jauf', 'Wawu', '2020-08-27 11:44:08'),
(1798, 55, 3, 'playvideo', 'Al-Jauf', 'Wawu', '2020-08-27 11:44:12'),
(1799, 55, 3, 'playvideo', 'Al-Jauf', 'Wawu', '2020-08-27 11:44:19'),
(1800, 55, 3, 'playvideo', 'Al-Jauf', 'Ya', '2020-08-27 11:45:51'),
(1801, 55, 3, 'playvideo', 'Al-Jauf', 'Ya', '2020-08-27 11:47:05'),
(1802, 3, 2, 'login', NULL, NULL, '2020-08-27 11:59:35'),
(1803, 55, 3, 'playvideo', 'Al-Jauf', 'Ya', '2020-08-27 12:06:06'),
(1804, 55, 3, 'rekam', 'Al-Jauf', 'Alif', '2020-08-27 12:10:02'),
(1805, 55, 3, 'playrecord', 'Al-Jauf', 'Alif', '2020-08-27 12:10:08'),
(1806, 55, 3, 'playrecord', 'Al-Jauf', 'Alif', '2020-08-27 12:10:10'),
(1807, 55, 3, 'rekam', 'Al-Jauf', 'Alif', '2020-08-27 12:10:19'),
(1808, 55, 3, 'playrecord', 'Al-Jauf', 'Alif', '2020-08-27 12:10:25'),
(1809, 55, 3, 'rekam', 'Al-Jauf', 'Wawu', '2020-08-27 12:12:08'),
(1810, 55, 3, 'rekam', 'Al-Jauf', 'Ya', '2020-08-27 12:14:14'),
(1821, 44, 2, 'login', NULL, NULL, '2020-08-27 13:30:49'),
(1833, 56, 3, 'login', NULL, NULL, '2020-08-27 13:37:36'),
(1834, 6, 3, 'login', NULL, NULL, '2020-08-27 14:25:06'),
(1835, 23, 3, 'login', NULL, NULL, '2020-08-27 14:25:20'),
(1836, 4, 2, 'login', NULL, NULL, '2020-08-28 04:32:49'),
(1837, 4, 2, 'login', NULL, NULL, '2020-08-28 04:39:11'),
(1838, 34, 3, 'login', NULL, NULL, '2020-08-28 04:41:37'),
(1839, 4, 2, 'login', NULL, NULL, '2020-08-28 04:55:09'),
(1840, 4, 2, 'login', NULL, NULL, '2020-08-28 05:02:19'),
(1841, 4, 2, 'login', NULL, NULL, '2020-08-28 05:05:00'),
(1842, 9, 3, 'login', NULL, NULL, '2020-08-28 05:30:32'),
(1843, 4, 2, 'login', NULL, NULL, '2020-08-28 05:43:24'),
(1844, 6, 3, 'login', NULL, NULL, '2020-08-28 06:35:27'),
(1845, 52, 3, 'login', NULL, NULL, '2020-08-28 06:36:37'),
(1846, 52, 3, 'login', NULL, NULL, '2020-08-28 06:40:51'),
(1847, 6, 3, 'login', NULL, NULL, '2020-08-28 10:43:46'),
(1848, 6, 3, 'login', NULL, NULL, '2020-08-28 10:48:08'),
(1849, 34, 3, 'login', NULL, NULL, '2020-08-28 12:59:29'),
(1850, 4, 2, 'login', NULL, NULL, '2020-08-28 15:48:17'),
(1851, 4, 2, 'login', NULL, NULL, '2020-08-28 18:03:19'),
(1852, 37, 3, 'login', NULL, NULL, '2020-08-28 18:14:29'),
(1853, 4, 2, 'login', NULL, NULL, '2020-08-29 17:01:57');

-- --------------------------------------------------------

--
-- Table structure for table `ci_sessions`
--

CREATE TABLE `ci_sessions` (
  `id` varchar(128) NOT NULL,
  `ip_address` varchar(45) NOT NULL,
  `timestamp` int(10) UNSIGNED NOT NULL DEFAULT 0,
  `data` blob NOT NULL
) ENGINE=InnoDB DEFAULT CHARSET=latin1;

--
-- Dumping data for table `ci_sessions`
--

INSERT INTO `ci_sessions` (`id`, `ip_address`, `timestamp`, `data`) VALUES
('9088d5f5d4b7bc1f776f48a2db80a0fc010b752c', '36.72.207.59', 1598634817, 0x5f5f63695f6c6173745f726567656e65726174657c693a313539383633343831373b69647c733a313a2234223b757365726e616d657c733a353a226171657777223b70617373776f72647c733a353a226171657777223b6e616d617c733a32353a22526966716920547279616e616e64612052756c6c69616e6469223b6c6576656c7c733a313a2232223b),
('6aa17badeac1426587e05fce8c64373d1af889a0', '36.72.207.59', 1598636242, 0x5f5f63695f6c6173745f726567656e65726174657c693a313539383633363234323b69647c733a313a2234223b757365726e616d657c733a353a226171657777223b70617373776f72647c733a353a226171657777223b6e616d617c733a32353a22526966716920547279616e616e64612052756c6c69616e6469223b6c6576656c7c733a313a2232223b),
('fb0c8c97eba13052ae0ff74c27c9bb53fa939b93', '120.188.67.70', 1598637799, 0x5f5f63695f6c6173745f726567656e65726174657c693a313539383633373739393b),
('66d6f463d737758ebd4b3c204a02575bae34e014', '36.79.193.44', 1598640285, 0x5f5f63695f6c6173745f726567656e65726174657c693a313539383634303238353b69647c733a313a2234223b757365726e616d657c733a353a226171657777223b70617373776f72647c733a353a226171657777223b6e616d617c733a32353a22526966716920547279616e616e64612052756c6c69616e6469223b6c6576656c7c733a313a2232223b),
('6a08fbb003f6fb943301bed315b7923feeb20158', '36.79.193.44', 1598639218, 0x5f5f63695f6c6173745f726567656e65726174657c693a313539383633393231383b69647c733a323a223337223b757365726e616d657c733a373a22676c6170726173223b70617373776f72647c733a363a22313233343534223b6e616d617c733a32333a2247616c616e672053617472696120507261736164616e61223b6c6576656c7c733a313a2233223b),
('8b8be05f6064dd5cb73f86c1b90f4ca5079b5343', '36.79.193.44', 1598639053, 0x5f5f63695f6c6173745f726567656e65726174657c693a313539383633393035333b),
('1ac738d4d82c8f1aa22771339d10ce21a2be7f77', '36.79.193.44', 1598639810, 0x5f5f63695f6c6173745f726567656e65726174657c693a313539383633393831303b69647c733a323a223337223b757365726e616d657c733a373a22676c6170726173223b70617373776f72647c733a363a22313233343534223b6e616d617c733a32333a2247616c616e672053617472696120507261736164616e61223b6c6576656c7c733a313a2233223b),
('de53b7f993ffcb56019d5bffb81c316de2ee1877', '36.79.193.44', 1598640294, 0x5f5f63695f6c6173745f726567656e65726174657c693a313539383634303239343b69647c733a323a223337223b757365726e616d657c733a373a22676c6170726173223b70617373776f72647c733a363a22313233343534223b6e616d617c733a32333a2247616c616e672053617472696120507261736164616e61223b6c6576656c7c733a313a2233223b),
('47f80c0dac13b6c5f90f9e2b6eee6818f7a5cc7b', '36.79.193.44', 1598644522, 0x5f5f63695f6c6173745f726567656e65726174657c693a313539383634343532323b69647c733a313a2234223b757365726e616d657c733a353a226171657777223b70617373776f72647c733a353a226171657777223b6e616d617c733a32353a22526966716920547279616e616e64612052756c6c69616e6469223b6c6576656c7c733a313a2232223b),
('369d9beb87538ddd85f02c7bb90365dc5684014d', '36.79.193.44', 1598640705, 0x5f5f63695f6c6173745f726567656e65726174657c693a313539383634303730353b69647c733a323a223337223b757365726e616d657c733a373a22676c6170726173223b70617373776f72647c733a363a22313233343534223b6e616d617c733a32333a2247616c616e672053617472696120507261736164616e61223b6c6576656c7c733a313a2233223b),
('2ae5d3e964ae0500122db5d72514118a145b0868', '36.79.193.44', 1598640767, 0x5f5f63695f6c6173745f726567656e65726174657c693a313539383634303730353b69647c733a323a223337223b757365726e616d657c733a373a22676c6170726173223b70617373776f72647c733a363a22313233343534223b6e616d617c733a32333a2247616c616e672053617472696120507261736164616e61223b6c6576656c7c733a313a2233223b),
('eea09525480544f452c6dc7580d40dc71e6f17c8', '36.79.193.44', 1598644761, 0x5f5f63695f6c6173745f726567656e65726174657c693a313539383634343532323b69647c733a313a2231223b757365726e616d657c733a353a2261646d696e223b70617373776f72647c733a353a2261646d696e223b6e616d617c733a343a2241636964223b6c6576656c7c733a313a2231223b),
('301f5ebb4ac36d9c3b22f515b70b72d62c96f0b7', '140.0.206.40', 1598648111, 0x5f5f63695f6c6173745f726567656e65726174657c693a313539383634383131313b),
('5761a12e59049171fe1f476e75feca6e864d691b', '36.79.193.44', 1598651872, 0x5f5f63695f6c6173745f726567656e65726174657c693a313539383635313837313b6d6573736167657c733a34353a225365736920416e64612074656c61682068616269732c2073696c61686b616e206c6f67696e206b656d62616c69223b5f5f63695f766172737c613a313a7b733a373a226d657373616765223b733a333a226f6c64223b7d),
('04adf24b6879f55112aa28309c82c2227abbd918', '36.79.193.44', 1598720527, 0x5f5f63695f6c6173745f726567656e65726174657c693a313539383732303531333b69647c733a313a2234223b757365726e616d657c733a353a226171657777223b70617373776f72647c733a353a226171657777223b6e616d617c733a32353a22526966716920547279616e616e64612052756c6c69616e6469223b6c6576656c7c733a313a2232223b);

-- --------------------------------------------------------

--
-- Table structure for table `hijaiyah`
--

CREATE TABLE `hijaiyah` (
  `id` tinyint(1) NOT NULL,
  `icon` text NOT NULL,
  `nama` char(20) NOT NULL,
  `huruf` char(30) CHARACTER SET utf8 COLLATE utf8_unicode_ci NOT NULL
) ENGINE=InnoDB DEFAULT CHARSET=latin1;

--
-- Dumping data for table `hijaiyah`
--

INSERT INTO `hijaiyah` (`id`, `icon`, `nama`, `huruf`) VALUES
(1, 'alif.png', 'Alif', ''),
(2, 'ba.png', 'Ba', ''),
(3, 'ta.png', 'Ta', ''),
(4, 'tsa.png', 'Tsa', ''),
(5, 'jim.png', 'Jim', ''),
(6, 'ha.png', 'Ha\'', ''),
(7, 'kho.png', 'Kho', ''),
(8, 'dal.png', 'Dal', ''),
(9, 'dzal.png', 'Dzal', ''),
(10, 'ro.png', 'Ro', ''),
(11, 'zai.png', 'Zay, Zayy atau Za', ''),
(12, 'sin.png', 'Sin', ''),
(13, 'syin.png', 'Syin', ''),
(14, 'shod.png', 'Shod', ''),
(15, 'dhod.png', 'Dhod', ''),
(16, 'tho.png', 'Tho', ''),
(17, 'zho.png', 'Zho', ''),
(18, 'ain.png', '\'Ain', ''),
(19, 'ghoin.png', 'Ghoin', ''),
(20, 'fa.png', 'Fa', ''),
(21, 'qof.png', 'Qof', ''),
(22, 'kaf.png', 'Kaf', ''),
(23, 'lam.png', 'Lam', ''),
(24, 'mim.png', 'Mim', ''),
(25, 'nun.png', 'Nun', ''),
(26, 'wawu.png', 'Wawu', ''),
(27, 'haa.png', 'Ha\'', ''),
(28, 'hamzah.png', 'Hamzah', ''),
(29, 'ya.png', 'Ya', '');

-- --------------------------------------------------------

--
-- Table structure for table `home`
--

CREATE TABLE `home` (
  `id_posting` int(11) NOT NULL,
  `status_posting` int(11) NOT NULL,
  `username_user` char(20) NOT NULL,
  `nama_user` char(50) NOT NULL,
  `isi_posting` varchar(200) CHARACTER SET utf8 COLLATE utf8_unicode_ci NOT NULL,
  `video` text CHARACTER SET utf8 COLLATE utf8_unicode_ci DEFAULT NULL,
  `video_materi` char(20) DEFAULT NULL,
  `video_submateri` char(20) DEFAULT NULL,
  `waktu_posting` timestamp NOT NULL DEFAULT current_timestamp() ON UPDATE current_timestamp(),
  `edit_status` tinyint(1) NOT NULL DEFAULT 0
) ENGINE=InnoDB DEFAULT CHARSET=latin1;

--
-- Dumping data for table `home`
--

INSERT INTO `home` (`id_posting`, `status_posting`, `username_user`, `nama_user`, `isi_posting`, `video`, `video_materi`, `video_submateri`, `waktu_posting`, `edit_status`) VALUES
(7, 0, 'faisal', 'Muhamad Faisal', 'Muhamad Faisal telah menyelesaikan tugas Al-Jauf huruf Ya ()', 'faisalAl-JaufYa.webm', 'Al-Jauf', 'Ya', '2020-08-16 16:39:27', 0),
(8, 0, 'faisal', 'Muhamad Faisal', 'Muhamad Faisal telah menyelesaikan tugas Al-Jauf huruf Wawu ()', 'faisalAl-JaufWawu.webm', 'Al-Jauf', 'Wawu', '2020-08-16 16:39:35', 0),
(9, 0, 'faisal', 'Muhamad Faisal', 'Muhamad Faisal telah menyelesaikan tugas Al-Jauf huruf Alif ()', 'faisalAl-JaufAlif.webm', 'Al-Jauf', 'Alif', '2020-08-16 16:39:43', 0),
(10, 0, 'faisal', 'Muhamad Faisal', 'Muhamad Faisal telah menyelesaikan tugas Al-Halq huruf Hamzah ()', 'faisalAl-HalqHamzah.webm', 'Al-Halq', 'Hamzah', '2020-08-16 16:39:48', 0),
(11, 0, 'faisal', 'Muhamad Faisal', 'Muhamad Faisal telah menyelesaikan tugas Al-Halq huruf Haa ()', 'faisalAl-HalqHaa.webm', 'Al-Halq', 'Haa', '2020-08-16 16:39:54', 0),
(12, 0, 'faisal', 'Muhamad Faisal', 'Muhamad Faisal telah menyelesaikan tugas Al-Halq huruf Ghoin ()', 'faisalAl-HalqGhoin.webm', 'Al-Halq', 'Ghoin', '2020-08-16 16:40:00', 0),
(13, 0, 'faisal', 'Muhamad Faisal', 'Muhamad Faisal telah menyelesaikan tugas Al-Halq huruf Ain ()', 'faisalAl-HalqAin.webm', 'Al-Halq', 'Ain', '2020-08-16 16:40:06', 0),
(14, 0, 'faisal', 'Muhamad Faisal', 'Muhamad Faisal telah menyelesaikan tugas Al-Halq huruf Kho ()', 'faisalAl-HalqKho.webm', 'Al-Halq', 'Kho', '2020-08-16 16:40:10', 0),
(15, 0, 'faisal', 'Muhamad Faisal', 'Muhamad Faisal telah menyelesaikan tugas Al-Halq huruf Ha ()', 'faisalAl-HalqHa.webm', 'Al-Halq', 'Ha', '2020-08-16 16:40:16', 0),
(16, 0, 'faisal', 'Muhamad Faisal', 'Muhamad Faisal telah menyelesaikan tugas Al-Lisan huruf Ya ()', 'faisalAl-LisanYa.webm', 'Al-Lisan', 'Ya', '2020-08-16 16:40:20', 0),
(17, 0, 'faisal', 'Muhamad Faisal', 'Muhamad Faisal telah menyelesaikan tugas Al-Lisan huruf Nun ()', 'faisalAl-LisanNun.webm', 'Al-Lisan', 'Nun', '2020-08-16 16:40:25', 0),
(18, 0, 'faisal', 'Muhamad Faisal', 'Muhamad Faisal telah menyelesaikan tugas Al-Lisan huruf Lam ()', 'faisalAl-LisanLam.webm', 'Al-Lisan', 'Lam', '2020-08-16 16:40:30', 0),
(19, 0, 'faisal', 'Muhamad Faisal', 'Muhamad Faisal telah menyelesaikan tugas Al-Lisan huruf Kaf ()', 'faisalAl-LisanKaf.webm', 'Al-Lisan', 'Kaf', '2020-08-16 16:40:35', 0),
(20, 0, 'faisal', 'Muhamad Faisal', 'Muhamad Faisal telah menyelesaikan tugas Al-Lisan huruf Qof ()', 'faisalAl-LisanQof.webm', 'Al-Lisan', 'Qof', '2020-08-16 16:40:39', 0),
(21, 0, 'faisal', 'Muhamad Faisal', 'Muhamad Faisal telah menyelesaikan tugas Al-Lisan huruf Zho ()', 'faisalAl-LisanZho.webm', 'Al-Lisan', 'Zho', '2020-08-16 16:40:47', 0),
(22, 0, 'faisal', 'Muhamad Faisal', 'Muhamad Faisal telah menyelesaikan tugas Al-Lisan huruf Tho ()', 'faisalAl-LisanTho.webm', 'Al-Lisan', 'Tho', '2020-08-16 16:40:51', 0),
(23, 0, 'faisal', 'Muhamad Faisal', 'Muhamad Faisal telah menyelesaikan tugas Al-Lisan huruf Dhod ()', 'faisalAl-LisanDhod.webm', 'Al-Lisan', 'Dhod', '2020-08-16 16:40:57', 0),
(24, 0, 'faisal', 'Muhamad Faisal', 'Muhamad Faisal telah menyelesaikan tugas Al-Lisan huruf Shod ()', 'faisalAl-LisanShod.webm', 'Al-Lisan', 'Shod', '2020-08-16 16:41:01', 0),
(25, 0, 'faisal', 'Muhamad Faisal', 'Muhamad Faisal telah menyelesaikan tugas Al-Lisan huruf Syin ()', 'faisalAl-LisanSyin.webm', 'Al-Lisan', 'Syin', '2020-08-16 16:41:07', 0),
(26, 0, 'faisal', 'Muhamad Faisal', 'Muhamad Faisal telah menyelesaikan tugas Al-Lisan huruf Sin ()', 'faisalAl-LisanSin.webm', 'Al-Lisan', 'Sin', '2020-08-16 16:41:13', 0),
(27, 0, 'faisal', 'Muhamad Faisal', 'Muhamad Faisal telah menyelesaikan tugas Al-Lisan huruf Zayy ()', 'faisalAl-LisanZayy.webm', 'Al-Lisan', 'Zayy', '2020-08-16 16:41:20', 0),
(28, 0, 'faisal', 'Muhamad Faisal', 'Muhamad Faisal telah menyelesaikan tugas Al-Lisan huruf Ro ()', 'faisalAl-LisanRo.webm', 'Al-Lisan', 'Ro', '2020-08-16 16:41:25', 0),
(29, 0, 'faisal', 'Muhamad Faisal', 'Muhamad Faisal telah menyelesaikan tugas Al-Lisan huruf Dzal ()', 'faisalAl-LisanDzal.webm', 'Al-Lisan', 'Dzal', '2020-08-16 16:41:30', 0),
(30, 0, 'faisal', 'Muhamad Faisal', 'Muhamad Faisal telah menyelesaikan tugas Al-Lisan huruf Dal ()', 'faisalAl-LisanDal.webm', 'Al-Lisan', 'Dal', '2020-08-16 16:41:37', 0),
(31, 0, 'faisal', 'Muhamad Faisal', 'Muhamad Faisal telah menyelesaikan tugas Al-Lisan huruf Jim ()', 'faisalAl-LisanJim.webm', 'Al-Lisan', 'Jim', '2020-08-16 16:41:44', 0),
(32, 0, 'faisal', 'Muhamad Faisal', 'Muhamad Faisal telah menyelesaikan tugas Al-Lisan huruf Tsa ()', 'faisalAl-LisanTsa.webm', 'Al-Lisan', 'Tsa', '2020-08-16 16:41:49', 0),
(33, 0, 'faisal', 'Muhamad Faisal', 'Muhamad Faisal telah menyelesaikan tugas Al-Lisan huruf Ta ()', 'faisalAl-LisanTa.webm', 'Al-Lisan', 'Ta', '2020-08-16 16:41:54', 0),
(34, 0, 'faisal', 'Muhamad Faisal', 'Muhamad Faisal telah menyelesaikan tugas Asy-Syafatain huruf Wawu ()', 'faisalAsy-SyafatainWawu.webm', 'Asy-Syafatain', 'Wawu', '2020-08-16 16:41:59', 0),
(35, 0, 'faisal', 'Muhamad Faisal', 'Muhamad Faisal telah menyelesaikan tugas Asy-Syafatain huruf Mim ()', 'faisalAsy-SyafatainMim.webm', 'Asy-Syafatain', 'Mim', '2020-08-16 16:42:05', 0),
(36, 0, 'faisal', 'Muhamad Faisal', 'Muhamad Faisal telah menyelesaikan tugas Asy-Syafatain huruf Fa ()', 'faisalAsy-SyafatainFa.webm', 'Asy-Syafatain', 'Fa', '2020-08-16 16:42:09', 0),
(37, 0, 'faisal', 'Muhamad Faisal', 'Muhamad Faisal telah menyelesaikan tugas Asy-Syafatain huruf Ba ()', 'faisalAsy-SyafatainBa.webm', 'Asy-Syafatain', 'Ba', '2020-08-16 16:42:13', 0),
(38, 0, 'faisal', 'Muhamad Faisal', 'Muhamad Faisal telah menyelesaikan tugas Al-Khaisyum huruf Nun ()', 'faisalAl-KhaisyumNun.webm', 'Al-Khaisyum', 'Nun', '2020-08-16 16:42:18', 0),
(39, 0, 'faisal', 'Muhamad Faisal', 'Muhamad Faisal telah menyelesaikan tugas Al-Khaisyum huruf Mim ()', 'faisalAl-KhaisyumMim.webm', 'Al-Khaisyum', 'Mim', '2020-08-16 16:42:22', 0),
(40, 0, 'hildaaa', 'Hilda Aulia Safitri', 'Hilda Aulia Safitri telah menyelesaikan tugas Al-Jauf huruf Ya ()', 'hildaaaAl-JaufYa.webm', 'Al-Jauf', 'Ya', '2020-08-16 16:46:00', 0),
(41, 0, 'hildaaa', 'Hilda Aulia Safitri', 'Hilda Aulia Safitri telah menyelesaikan tugas Al-Jauf huruf Wawu ()', 'hildaaaAl-JaufWawu.webm', 'Al-Jauf', 'Wawu', '2020-08-16 16:46:04', 0),
(42, 0, 'hildaaa', 'Hilda Aulia Safitri', 'Hilda Aulia Safitri telah menyelesaikan tugas Al-Jauf huruf Alif ()', 'hildaaaAl-JaufAlif.webm', 'Al-Jauf', 'Alif', '2020-08-16 16:46:07', 0),
(43, 0, 'hildaaa', 'Hilda Aulia Safitri', 'Hilda Aulia Safitri telah menyelesaikan tugas Al-Halq huruf Hamzah ()', 'hildaaaAl-HalqHamzah.webm', 'Al-Halq', 'Hamzah', '2020-08-16 16:46:10', 0),
(44, 0, 'hildaaa', 'Hilda Aulia Safitri', 'Hilda Aulia Safitri telah menyelesaikan tugas Al-Halq huruf Haa ()', 'hildaaaAl-HalqHaa.webm', 'Al-Halq', 'Haa', '2020-08-16 16:46:13', 0),
(45, 0, 'hildaaa', 'Hilda Aulia Safitri', 'Hilda Aulia Safitri telah menyelesaikan tugas Al-Halq huruf Ghoin ()', 'hildaaaAl-HalqGhoin.webm', 'Al-Halq', 'Ghoin', '2020-08-16 16:46:17', 0),
(46, 0, 'hildaaa', 'Hilda Aulia Safitri', 'Hilda Aulia Safitri telah menyelesaikan tugas Al-Halq huruf Ain ()', 'hildaaaAl-HalqAin.webm', 'Al-Halq', 'Ain', '2020-08-16 16:46:20', 0),
(47, 0, 'hildaaa', 'Hilda Aulia Safitri', 'Hilda Aulia Safitri telah menyelesaikan tugas Al-Halq huruf Kho ()', 'hildaaaAl-HalqKho.webm', 'Al-Halq', 'Kho', '2020-08-16 16:46:22', 0),
(48, 0, 'hildaaa', 'Hilda Aulia Safitri', 'Hilda Aulia Safitri telah menyelesaikan tugas Al-Halq huruf Ha ()', 'hildaaaAl-HalqHa.webm', 'Al-Halq', 'Ha', '2020-08-16 16:46:27', 0),
(49, 0, 'hildaaa', 'Hilda Aulia Safitri', 'Hilda Aulia Safitri telah menyelesaikan tugas Al-Lisan huruf Ya ()', 'hildaaaAl-LisanYa.webm', 'Al-Lisan', 'Ya', '2020-08-16 16:46:31', 0),
(50, 0, 'hildaaa', 'Hilda Aulia Safitri', 'Hilda Aulia Safitri telah menyelesaikan tugas Al-Lisan huruf Nun ()', 'hildaaaAl-LisanNun.webm', 'Al-Lisan', 'Nun', '2020-08-16 16:46:40', 0),
(51, 0, 'hildaaa', 'Hilda Aulia Safitri', 'Hilda Aulia Safitri telah menyelesaikan tugas Al-Lisan huruf Lam ()', 'hildaaaAl-LisanLam.webm', 'Al-Lisan', 'Lam', '2020-08-16 16:46:56', 0),
(52, 0, 'hildaaa', 'Hilda Aulia Safitri', 'Hilda Aulia Safitri telah menyelesaikan tugas Al-Lisan huruf Kaf ()', 'hildaaaAl-LisanKaf.webm', 'Al-Lisan', 'Kaf', '2020-08-16 16:47:00', 0),
(53, 0, 'hildaaa', 'Hilda Aulia Safitri', 'Hilda Aulia Safitri telah menyelesaikan tugas Al-Lisan huruf Qof ()', 'hildaaaAl-LisanQof.webm', 'Al-Lisan', 'Qof', '2020-08-16 16:47:03', 0),
(54, 0, 'hildaaa', 'Hilda Aulia Safitri', 'Hilda Aulia Safitri telah menyelesaikan tugas Al-Lisan huruf Zho ()', 'hildaaaAl-LisanZho.webm', 'Al-Lisan', 'Zho', '2020-08-16 16:47:06', 0),
(55, 0, 'hildaaa', 'Hilda Aulia Safitri', 'Hilda Aulia Safitri telah menyelesaikan tugas Al-Lisan huruf Tho ()', 'hildaaaAl-LisanTho.webm', 'Al-Lisan', 'Tho', '2020-08-16 16:47:09', 0),
(56, 0, 'hildaaa', 'Hilda Aulia Safitri', 'Hilda Aulia Safitri telah menyelesaikan tugas Al-Lisan huruf Dhod ()', 'hildaaaAl-LisanDhod.webm', 'Al-Lisan', 'Dhod', '2020-08-16 16:47:12', 0),
(57, 0, 'hildaaa', 'Hilda Aulia Safitri', 'Hilda Aulia Safitri telah menyelesaikan tugas Al-Lisan huruf Shod ()', 'hildaaaAl-LisanShod.webm', 'Al-Lisan', 'Shod', '2020-08-16 16:47:15', 0),
(58, 0, 'hildaaa', 'Hilda Aulia Safitri', 'Hilda Aulia Safitri telah menyelesaikan tugas Al-Lisan huruf Syin ()', 'hildaaaAl-LisanSyin.webm', 'Al-Lisan', 'Syin', '2020-08-16 16:47:19', 0),
(59, 0, 'hildaaa', 'Hilda Aulia Safitri', 'Hilda Aulia Safitri telah menyelesaikan tugas Al-Lisan huruf Sin ()', 'hildaaaAl-LisanSin.webm', 'Al-Lisan', 'Sin', '2020-08-16 16:47:23', 0),
(60, 0, 'hildaaa', 'Hilda Aulia Safitri', 'Hilda Aulia Safitri telah menyelesaikan tugas Al-Lisan huruf Zayy ()', 'hildaaaAl-LisanZayy.webm', 'Al-Lisan', 'Zayy', '2020-08-16 16:47:26', 0),
(61, 0, 'hildaaa', 'Hilda Aulia Safitri', 'Hilda Aulia Safitri telah menyelesaikan tugas Al-Lisan huruf Ro ()', 'hildaaaAl-LisanRo.webm', 'Al-Lisan', 'Ro', '2020-08-16 16:47:29', 0),
(62, 0, 'hildaaa', 'Hilda Aulia Safitri', 'Hilda Aulia Safitri telah menyelesaikan tugas Al-Lisan huruf Dzal ()', 'hildaaaAl-LisanDzal.webm', 'Al-Lisan', 'Dzal', '2020-08-16 16:47:33', 0),
(63, 0, 'hildaaa', 'Hilda Aulia Safitri', 'Hilda Aulia Safitri telah menyelesaikan tugas Al-Lisan huruf Dal ()', 'hildaaaAl-LisanDal.webm', 'Al-Lisan', 'Dal', '2020-08-16 16:47:36', 0),
(64, 0, 'hildaaa', 'Hilda Aulia Safitri', 'Hilda Aulia Safitri telah menyelesaikan tugas Al-Lisan huruf Jim ()', 'hildaaaAl-LisanJim.webm', 'Al-Lisan', 'Jim', '2020-08-16 16:47:39', 0),
(65, 0, 'hildaaa', 'Hilda Aulia Safitri', 'Hilda Aulia Safitri telah menyelesaikan tugas Al-Lisan huruf Tsa ()', 'hildaaaAl-LisanTsa.webm', 'Al-Lisan', 'Tsa', '2020-08-16 16:47:43', 0),
(66, 0, 'hildaaa', 'Hilda Aulia Safitri', 'Hilda Aulia Safitri telah menyelesaikan tugas Al-Lisan huruf Ta ()', 'hildaaaAl-LisanTa.webm', 'Al-Lisan', 'Ta', '2020-08-16 16:47:46', 0),
(67, 0, 'hildaaa', 'Hilda Aulia Safitri', 'Hilda Aulia Safitri telah menyelesaikan tugas Asy-Syafatain huruf Wawu ()', 'hildaaaAsy-SyafatainWawu.webm', 'Asy-Syafatain', 'Wawu', '2020-08-16 16:47:49', 0),
(68, 0, 'hildaaa', 'Hilda Aulia Safitri', 'Hilda Aulia Safitri telah menyelesaikan tugas Asy-Syafatain huruf Mim ()', 'hildaaaAsy-SyafatainMim.webm', 'Asy-Syafatain', 'Mim', '2020-08-16 16:47:51', 0),
(69, 0, 'hildaaa', 'Hilda Aulia Safitri', 'Hilda Aulia Safitri telah menyelesaikan tugas Asy-Syafatain huruf Fa ()', 'hildaaaAsy-SyafatainFa.webm', 'Asy-Syafatain', 'Fa', '2020-08-16 16:47:54', 0),
(70, 0, 'hildaaa', 'Hilda Aulia Safitri', 'Hilda Aulia Safitri telah menyelesaikan tugas Asy-Syafatain huruf Ba ()', 'hildaaaAsy-SyafatainBa.webm', 'Asy-Syafatain', 'Ba', '2020-08-16 16:47:57', 0),
(71, 0, 'hildaaa', 'Hilda Aulia Safitri', 'Hilda Aulia Safitri telah menyelesaikan tugas Al-Khaisyum huruf Nun ()', 'hildaaaAl-KhaisyumNun.webm', 'Al-Khaisyum', 'Nun', '2020-08-16 16:48:00', 0),
(72, 0, 'hildaaa', 'Hilda Aulia Safitri', 'Hilda Aulia Safitri telah menyelesaikan tugas Al-Khaisyum huruf Mim ()', 'hildaaaAl-KhaisyumMim.webm', 'Al-Khaisyum', 'Mim', '2020-08-16 16:48:02', 0),
(73, 0, 'iqbalee', 'Muhammad Iqbal Ramadhan', 'Muhammad Iqbal Ramadhan telah menyelesaikan tugas Al-Jauf huruf Alif ()', 'iqbaleeAl-JaufAlif.webm', 'Al-Jauf', 'Alif', '2020-08-16 17:33:29', 0),
(74, 0, 'iqbalee', 'Muhammad Iqbal Ramadhan', 'Muhammad Iqbal Ramadhan telah menyelesaikan tugas Al-Jauf huruf Wawu ()', 'iqbaleeAl-JaufWawu.webm', 'Al-Jauf', 'Wawu', '2020-08-16 17:33:33', 0),
(75, 0, 'iqbalee', 'Muhammad Iqbal Ramadhan', 'Muhammad Iqbal Ramadhan telah menyelesaikan tugas Al-Jauf huruf Ya ()', 'iqbaleeAl-JaufYa.webm', 'Al-Jauf', 'Ya', '2020-08-16 17:33:36', 0),
(76, 0, 'iqbalee', 'Muhammad Iqbal Ramadhan', 'Muhammad Iqbal Ramadhan telah menyelesaikan tugas Al-Halq huruf Hamzah ()', 'iqbaleeAl-HalqHamzah.webm', 'Al-Halq', 'Hamzah', '2020-08-16 17:34:18', 0),
(77, 0, 'iqbalee', 'Muhammad Iqbal Ramadhan', 'Muhammad Iqbal Ramadhan telah menyelesaikan tugas Al-Halq huruf Haa ()', 'iqbaleeAl-HalqHaa.webm', 'Al-Halq', 'Haa', '2020-08-16 17:34:21', 0),
(78, 0, 'iqbalee', 'Muhammad Iqbal Ramadhan', 'Muhammad Iqbal Ramadhan telah menyelesaikan tugas Al-Halq huruf Ghoin ()', 'iqbaleeAl-HalqGhoin.webm', 'Al-Halq', 'Ghoin', '2020-08-16 17:34:23', 0),
(79, 0, 'iqbalee', 'Muhammad Iqbal Ramadhan', 'Muhammad Iqbal Ramadhan telah menyelesaikan tugas Al-Halq huruf Ain ()', 'iqbaleeAl-HalqAin.webm', 'Al-Halq', 'Ain', '2020-08-16 17:34:25', 0),
(80, 0, 'iqbalee', 'Muhammad Iqbal Ramadhan', 'Muhammad Iqbal Ramadhan telah menyelesaikan tugas Al-Halq huruf Kho ()', 'iqbaleeAl-HalqKho.webm', 'Al-Halq', 'Kho', '2020-08-16 17:34:27', 0),
(81, 0, 'iqbalee', 'Muhammad Iqbal Ramadhan', 'Muhammad Iqbal Ramadhan telah menyelesaikan tugas Al-Halq huruf Ha ()', 'iqbaleeAl-HalqHa.webm', 'Al-Halq', 'Ha', '2020-08-16 17:34:29', 0),
(82, 0, 'iqbalee', 'Muhammad Iqbal Ramadhan', 'Muhammad Iqbal Ramadhan telah menyelesaikan tugas Al-Lisan huruf Syin ()', 'iqbaleeAl-LisanSyin.webm', 'Al-Lisan', 'Syin', '2020-08-16 17:35:04', 0),
(83, 0, 'iqbalee', 'Muhammad Iqbal Ramadhan', 'Muhammad Iqbal Ramadhan telah menyelesaikan tugas Al-Lisan huruf Sin ()', 'iqbaleeAl-LisanSin.webm', 'Al-Lisan', 'Sin', '2020-08-16 17:35:07', 0),
(84, 0, 'iqbalee', 'Muhammad Iqbal Ramadhan', 'Muhammad Iqbal Ramadhan telah menyelesaikan tugas Al-Lisan huruf Zayy ()', 'iqbaleeAl-LisanZayy.webm', 'Al-Lisan', 'Zayy', '2020-08-16 17:35:09', 0),
(85, 0, 'iqbalee', 'Muhammad Iqbal Ramadhan', 'Muhammad Iqbal Ramadhan telah menyelesaikan tugas Al-Lisan huruf Ro ()', 'iqbaleeAl-LisanRo.webm', 'Al-Lisan', 'Ro', '2020-08-16 17:35:10', 0),
(86, 0, 'iqbalee', 'Muhammad Iqbal Ramadhan', 'Muhammad Iqbal Ramadhan telah menyelesaikan tugas Al-Lisan huruf Dzal ()', 'iqbaleeAl-LisanDzal.webm', 'Al-Lisan', 'Dzal', '2020-08-16 17:35:13', 0),
(87, 0, 'iqbalee', 'Muhammad Iqbal Ramadhan', 'Muhammad Iqbal Ramadhan telah menyelesaikan tugas Al-Lisan huruf Shod ()', 'iqbaleeAl-LisanShod.webm', 'Al-Lisan', 'Shod', '2020-08-16 17:35:15', 0),
(88, 0, 'iqbalee', 'Muhammad Iqbal Ramadhan', 'Muhammad Iqbal Ramadhan telah menyelesaikan tugas Al-Lisan huruf Dhod ()', 'iqbaleeAl-LisanDhod.webm', 'Al-Lisan', 'Dhod', '2020-08-16 17:35:17', 0),
(89, 0, 'iqbalee', 'Muhammad Iqbal Ramadhan', 'Muhammad Iqbal Ramadhan telah menyelesaikan tugas Al-Lisan huruf Tho ()', 'iqbaleeAl-LisanTho.webm', 'Al-Lisan', 'Tho', '2020-08-16 17:35:19', 0),
(90, 0, 'iqbalee', 'Muhammad Iqbal Ramadhan', 'Muhammad Iqbal Ramadhan telah menyelesaikan tugas Al-Lisan huruf Zho ()', 'iqbaleeAl-LisanZho.webm', 'Al-Lisan', 'Zho', '2020-08-16 17:35:22', 0),
(91, 0, 'iqbalee', 'Muhammad Iqbal Ramadhan', 'Muhammad Iqbal Ramadhan telah menyelesaikan tugas Al-Lisan huruf Qof ()', 'iqbaleeAl-LisanQof.webm', 'Al-Lisan', 'Qof', '2020-08-16 17:35:24', 0),
(92, 0, 'iqbalee', 'Muhammad Iqbal Ramadhan', 'Muhammad Iqbal Ramadhan telah menyelesaikan tugas Al-Lisan huruf Kaf ()', 'iqbaleeAl-LisanKaf.webm', 'Al-Lisan', 'Kaf', '2020-08-16 17:35:46', 0),
(93, 0, 'iqbalee', 'Muhammad Iqbal Ramadhan', 'Muhammad Iqbal Ramadhan telah menyelesaikan tugas Al-Lisan huruf Lam ()', 'iqbaleeAl-LisanLam.webm', 'Al-Lisan', 'Lam', '2020-08-16 17:35:49', 0),
(94, 0, 'iqbalee', 'Muhammad Iqbal Ramadhan', 'Muhammad Iqbal Ramadhan telah menyelesaikan tugas Al-Lisan huruf Nun ()', 'iqbaleeAl-LisanNun.webm', 'Al-Lisan', 'Nun', '2020-08-16 17:35:51', 0),
(95, 0, 'iqbalee', 'Muhammad Iqbal Ramadhan', 'Muhammad Iqbal Ramadhan telah menyelesaikan tugas Al-Lisan huruf Ya ()', 'iqbaleeAl-LisanYa.webm', 'Al-Lisan', 'Ya', '2020-08-16 17:35:53', 0),
(96, 0, 'iqbalee', 'Muhammad Iqbal Ramadhan', 'Muhammad Iqbal Ramadhan telah menyelesaikan tugas Al-Lisan huruf Dal ()', 'iqbaleeAl-LisanDal.webm', 'Al-Lisan', 'Dal', '2020-08-16 17:35:55', 0),
(97, 0, 'iqbalee', 'Muhammad Iqbal Ramadhan', 'Muhammad Iqbal Ramadhan telah menyelesaikan tugas Al-Lisan huruf Jim ()', 'iqbaleeAl-LisanJim.webm', 'Al-Lisan', 'Jim', '2020-08-16 17:35:57', 0),
(98, 0, 'iqbalee', 'Muhammad Iqbal Ramadhan', 'Muhammad Iqbal Ramadhan telah menyelesaikan tugas Al-Lisan huruf Tsa ()', 'iqbaleeAl-LisanTsa.webm', 'Al-Lisan', 'Tsa', '2020-08-16 17:36:00', 0),
(99, 0, 'iqbalee', 'Muhammad Iqbal Ramadhan', 'Muhammad Iqbal Ramadhan telah menyelesaikan tugas Al-Lisan huruf Ta ()', 'iqbaleeAl-LisanTa.webm', 'Al-Lisan', 'Ta', '2020-08-16 17:36:02', 0),
(100, 0, 'iqbalee', 'Muhammad Iqbal Ramadhan', 'Muhammad Iqbal Ramadhan telah menyelesaikan tugas Asy-Syafatain huruf Wawu ()', 'iqbaleeAsy-SyafatainWawu.webm', 'Asy-Syafatain', 'Wawu', '2020-08-16 17:36:23', 0),
(101, 0, 'iqbalee', 'Muhammad Iqbal Ramadhan', 'Muhammad Iqbal Ramadhan telah menyelesaikan tugas Asy-Syafatain huruf Mim ()', 'iqbaleeAsy-SyafatainMim.webm', 'Asy-Syafatain', 'Mim', '2020-08-16 17:36:25', 0),
(102, 0, 'iqbalee', 'Muhammad Iqbal Ramadhan', 'Muhammad Iqbal Ramadhan telah menyelesaikan tugas Asy-Syafatain huruf Fa ()', 'iqbaleeAsy-SyafatainFa.webm', 'Asy-Syafatain', 'Fa', '2020-08-16 17:36:26', 0),
(103, 0, 'iqbalee', 'Muhammad Iqbal Ramadhan', 'Muhammad Iqbal Ramadhan telah menyelesaikan tugas Asy-Syafatain huruf Ba ()', 'iqbaleeAsy-SyafatainBa.webm', 'Asy-Syafatain', 'Ba', '2020-08-16 17:36:28', 0),
(104, 0, 'iqbalee', 'Muhammad Iqbal Ramadhan', 'Muhammad Iqbal Ramadhan telah menyelesaikan tugas Al-Khaisyum huruf Nun ()', 'iqbaleeAl-KhaisyumNun.webm', 'Al-Khaisyum', 'Nun', '2020-08-16 17:36:36', 0),
(105, 0, 'iqbalee', 'Muhammad Iqbal Ramadhan', 'Muhammad Iqbal Ramadhan telah menyelesaikan tugas Al-Khaisyum huruf Mim ()', 'iqbaleeAl-KhaisyumMim.webm', 'Al-Khaisyum', 'Mim', '2020-08-16 17:36:38', 0),
(106, 0, 'rifqitr', 'Rifqi Tryananda Rulliandi', 'Rifqi Tryananda Rulliandi telah menyelesaikan tugas Al-Jauf huruf Alif ()', 'rifqitrAl-JaufAlif.webm', 'Al-Jauf', 'Alif', '2020-08-16 17:51:47', 0),
(107, 0, 'rifqitr', 'Rifqi Tryananda Rulliandi', 'Rifqi Tryananda Rulliandi telah menyelesaikan tugas Al-Jauf huruf Wawu ()', 'rifqitrAl-JaufWawu.webm', 'Al-Jauf', 'Wawu', '2020-08-16 17:51:51', 0),
(108, 0, 'rifqitr', 'Rifqi Tryananda Rulliandi', 'Rifqi Tryananda Rulliandi telah menyelesaikan tugas Al-Jauf huruf Ya ()', 'rifqitrAl-JaufYa.webm', 'Al-Jauf', 'Ya', '2020-08-16 17:52:07', 0),
(109, 0, 'rifqitr', 'Rifqi Tryananda Rulliandi', 'Rifqi Tryananda Rulliandi telah menyelesaikan tugas Al-Halq huruf Hamzah ()', 'rifqitrAl-HalqHamzah.webm', 'Al-Halq', 'Hamzah', '2020-08-16 17:52:47', 0),
(110, 0, 'rifqitr', 'Rifqi Tryananda Rulliandi', 'Rifqi Tryananda Rulliandi telah menyelesaikan tugas Al-Halq huruf Haa ()', 'rifqitrAl-HalqHaa.webm', 'Al-Halq', 'Haa', '2020-08-16 17:53:13', 0),
(111, 0, 'rifqitr', 'Rifqi Tryananda Rulliandi', 'Rifqi Tryananda Rulliandi telah menyelesaikan tugas Al-Halq huruf Ghoin ()', 'rifqitrAl-HalqGhoin.webm', 'Al-Halq', 'Ghoin', '2020-08-16 17:53:16', 0),
(112, 0, 'rifqitr', 'Rifqi Tryananda Rulliandi', 'Rifqi Tryananda Rulliandi telah menyelesaikan tugas Al-Halq huruf Ain ()', 'rifqitrAl-HalqAin.webm', 'Al-Halq', 'Ain', '2020-08-16 17:53:23', 0),
(113, 0, 'rifqitr', 'Rifqi Tryananda Rulliandi', 'Rifqi Tryananda Rulliandi telah menyelesaikan tugas Al-Halq huruf Kho ()', 'rifqitrAl-HalqKho.webm', 'Al-Halq', 'Kho', '2020-08-16 17:53:29', 0),
(114, 0, 'rifqitr', 'Rifqi Tryananda Rulliandi', 'Rifqi Tryananda Rulliandi telah menyelesaikan tugas Al-Halq huruf Ha ()', 'rifqitrAl-HalqHa.webm', 'Al-Halq', 'Ha', '2020-08-16 17:53:35', 0),
(115, 0, 'rifqitr', 'Rifqi Tryananda Rulliandi', 'Rifqi Tryananda Rulliandi telah menyelesaikan tugas Al-Lisan huruf Ya ()', 'rifqitrAl-LisanYa.webm', 'Al-Lisan', 'Ya', '2020-08-16 17:53:57', 0),
(116, 0, 'rifqitr', 'Rifqi Tryananda Rulliandi', 'Rifqi Tryananda Rulliandi telah menyelesaikan tugas Al-Lisan huruf Nun ()', 'rifqitrAl-LisanNun.webm', 'Al-Lisan', 'Nun', '2020-08-16 17:54:01', 0),
(117, 0, 'rifqitr', 'Rifqi Tryananda Rulliandi', 'Rifqi Tryananda Rulliandi telah menyelesaikan tugas Al-Lisan huruf Lam ()', 'rifqitrAl-LisanLam.webm', 'Al-Lisan', 'Lam', '2020-08-16 17:54:06', 0),
(118, 0, 'rifqitr', 'Rifqi Tryananda Rulliandi', 'Rifqi Tryananda Rulliandi telah menyelesaikan tugas Al-Lisan huruf Kaf ()', 'rifqitrAl-LisanKaf.webm', 'Al-Lisan', 'Kaf', '2020-08-16 17:54:08', 0),
(119, 0, 'rifqitr', 'Rifqi Tryananda Rulliandi', 'Rifqi Tryananda Rulliandi telah menyelesaikan tugas Al-Lisan huruf Qof ()', 'rifqitrAl-LisanQof.webm', 'Al-Lisan', 'Qof', '2020-08-16 17:54:11', 0),
(120, 0, 'rifqitr', 'Rifqi Tryananda Rulliandi', 'Rifqi Tryananda Rulliandi telah menyelesaikan tugas Al-Lisan huruf Zho ()', 'rifqitrAl-LisanZho.webm', 'Al-Lisan', 'Zho', '2020-08-16 17:54:34', 0),
(121, 0, 'rifqitr', 'Rifqi Tryananda Rulliandi', 'Rifqi Tryananda Rulliandi telah menyelesaikan tugas Al-Lisan huruf Tho ()', 'rifqitrAl-LisanTho.webm', 'Al-Lisan', 'Tho', '2020-08-16 17:54:36', 0),
(122, 0, 'rifqitr', 'Rifqi Tryananda Rulliandi', 'Rifqi Tryananda Rulliandi telah menyelesaikan tugas Al-Lisan huruf Dhod ()', 'rifqitrAl-LisanDhod.webm', 'Al-Lisan', 'Dhod', '2020-08-16 17:54:39', 0),
(123, 0, 'rifqitr', 'Rifqi Tryananda Rulliandi', 'Rifqi Tryananda Rulliandi telah menyelesaikan tugas Al-Lisan huruf Shod ()', 'rifqitrAl-LisanShod.webm', 'Al-Lisan', 'Shod', '2020-08-16 17:54:43', 0),
(124, 0, 'rifqitr', 'Rifqi Tryananda Rulliandi', 'Rifqi Tryananda Rulliandi telah menyelesaikan tugas Al-Lisan huruf Syin ()', 'rifqitrAl-LisanSyin.webm', 'Al-Lisan', 'Syin', '2020-08-16 17:54:46', 0),
(125, 0, 'rifqitr', 'Rifqi Tryananda Rulliandi', 'Rifqi Tryananda Rulliandi telah menyelesaikan tugas Al-Lisan huruf Sin ()', 'rifqitrAl-LisanSin.webm', 'Al-Lisan', 'Sin', '2020-08-16 17:55:01', 0),
(126, 0, 'rifqitr', 'Rifqi Tryananda Rulliandi', 'Rifqi Tryananda Rulliandi telah menyelesaikan tugas Al-Lisan huruf Zayy ()', 'rifqitrAl-LisanZayy.webm', 'Al-Lisan', 'Zayy', '2020-08-16 17:55:03', 0),
(127, 0, 'rifqitr', 'Rifqi Tryananda Rulliandi', 'Rifqi Tryananda Rulliandi telah menyelesaikan tugas Al-Lisan huruf Ro ()', 'rifqitrAl-LisanRo.webm', 'Al-Lisan', 'Ro', '2020-08-16 17:55:05', 0),
(128, 0, 'rifqitr', 'Rifqi Tryananda Rulliandi', 'Rifqi Tryananda Rulliandi telah menyelesaikan tugas Al-Lisan huruf Dzal ()', 'rifqitrAl-LisanDzal.webm', 'Al-Lisan', 'Dzal', '2020-08-16 17:55:06', 0),
(129, 0, 'rifqitr', 'Rifqi Tryananda Rulliandi', 'Rifqi Tryananda Rulliandi telah menyelesaikan tugas Al-Lisan huruf Dal ()', 'rifqitrAl-LisanDal.webm', 'Al-Lisan', 'Dal', '2020-08-16 17:55:07', 0),
(130, 0, 'rifqitr', 'Rifqi Tryananda Rulliandi', 'Rifqi Tryananda Rulliandi telah menyelesaikan tugas Al-Lisan huruf Jim ()', 'rifqitrAl-LisanJim.webm', 'Al-Lisan', 'Jim', '2020-08-16 17:55:08', 0),
(131, 0, 'rifqitr', 'Rifqi Tryananda Rulliandi', 'Rifqi Tryananda Rulliandi telah menyelesaikan tugas Al-Lisan huruf Tsa ()', 'rifqitrAl-LisanTsa.webm', 'Al-Lisan', 'Tsa', '2020-08-16 17:55:10', 0),
(132, 0, 'rifqitr', 'Rifqi Tryananda Rulliandi', 'Rifqi Tryananda Rulliandi telah menyelesaikan tugas Al-Lisan huruf Ta ()', 'rifqitrAl-LisanTa.webm', 'Al-Lisan', 'Ta', '2020-08-16 17:55:11', 0),
(133, 0, 'rifqitr', 'Rifqi Tryananda Rulliandi', 'Rifqi Tryananda Rulliandi telah menyelesaikan tugas Asy-Syafatain huruf Wawu ()', 'rifqitrAsy-SyafatainWawu.webm', 'Asy-Syafatain', 'Wawu', '2020-08-16 17:55:12', 0),
(134, 0, 'rifqitr', 'Rifqi Tryananda Rulliandi', 'Rifqi Tryananda Rulliandi telah menyelesaikan tugas Asy-Syafatain huruf Mim ()', 'rifqitrAsy-SyafatainMim.webm', 'Asy-Syafatain', 'Mim', '2020-08-16 17:55:14', 0),
(135, 0, 'rifqitr', 'Rifqi Tryananda Rulliandi', 'Rifqi Tryananda Rulliandi telah menyelesaikan tugas Asy-Syafatain huruf Fa ()', 'rifqitrAsy-SyafatainFa.webm', 'Asy-Syafatain', 'Fa', '2020-08-16 17:55:15', 0),
(136, 0, 'rifqitr', 'Rifqi Tryananda Rulliandi', 'Rifqi Tryananda Rulliandi telah menyelesaikan tugas Asy-Syafatain huruf Ba ()', 'rifqitrAsy-SyafatainBa.webm', 'Asy-Syafatain', 'Ba', '2020-08-16 17:55:16', 0),
(137, 0, 'rifqitr', 'Rifqi Tryananda Rulliandi', 'Rifqi Tryananda Rulliandi telah menyelesaikan tugas Al-Khaisyum huruf Nun ()', 'rifqitrAl-KhaisyumNun.webm', 'Al-Khaisyum', 'Nun', '2020-08-16 17:55:46', 0),
(138, 0, 'rifqitr', 'Rifqi Tryananda Rulliandi', 'Rifqi Tryananda Rulliandi telah menyelesaikan tugas Al-Khaisyum huruf Mim ()', 'rifqitrAl-KhaisyumMim.webm', 'Al-Khaisyum', 'Mim', '2020-08-16 17:55:48', 0),
(140, 0, '20200003', 'Gigapurbalingga', 'Gigapurbalingga telah menyelesaikan tugas Al-Halq huruf Kho ()', '20200003Al-HalqKho.webm', 'Al-Halq', 'Kho', '2020-08-21 03:52:55', 0),
(141, 0, '20200001', 'Bagas31', 'Bagas31 telah menyelesaikan tugas Al-Jauf huruf Alif ()', '20200001Al-JaufAlif.webm', 'Al-Jauf', 'Alif', '2020-08-22 18:54:56', 0),
(142, 0, '20200001', 'Bagas31', '', 'EtNoyhSZ.webm', 'Al-Jauf', 'Wawu', '2020-08-22 19:56:03', 0),
(143, 0, '20200001', 'Bagas31', '', 'efrVYWZA.webm', 'Al-Jauf', 'Wawu', '2020-08-22 19:56:33', 0),
(144, 0, 'anggi19', 'Aghnia Ziyan Nabilah', 'Aghnia Ziyan Nabilah telah menyelesaikan tugas Al-Halq huruf Hamzah ()', 'anggi19Al-HalqHamzah.webm', 'Al-Halq', 'Hamzah', '2020-08-23 13:02:58', 0),
(145, 0, 'anggi19', 'Aghnia Ziyan Nabilah', 'Aghnia Ziyan Nabilah telah menyelesaikan tugas Al-Halq huruf Haa ()', 'anggi19Al-HalqHaa.webm', 'Al-Halq', 'Haa', '2020-08-23 13:05:19', 0),
(146, 0, 'anggi19', 'Aghnia Ziyan Nabilah', 'Aghnia Ziyan Nabilah telah menyelesaikan tugas Al-Halq huruf Ghoin ()', 'anggi19Al-HalqGhoin.webm', 'Al-Halq', 'Ghoin', '2020-08-23 13:05:33', 0),
(147, 0, 'anggi19', 'Aghnia Ziyan Nabilah', 'Aghnia Ziyan Nabilah telah menyelesaikan tugas Al-Halq huruf Ain ()', 'anggi19Al-HalqAin.webm', 'Al-Halq', 'Ain', '2020-08-23 13:05:35', 0),
(148, 0, 'anggi19', 'Aghnia Ziyan Nabilah', 'Aghnia Ziyan Nabilah telah menyelesaikan tugas Al-Halq huruf Kho ()', 'anggi19Al-HalqKho.webm', 'Al-Halq', 'Kho', '2020-08-23 13:05:38', 0),
(149, 0, 'anggi19', 'Aghnia Ziyan Nabilah', 'Aghnia Ziyan Nabilah telah menyelesaikan tugas Al-Halq huruf Ha ()', 'anggi19Al-HalqHa.webm', 'Al-Halq', 'Ha', '2020-08-23 13:05:40', 0),
(150, 0, 'Bagjafajar09', 'Fajar Bagja Gumilar Winata', 'Fajar Bagja Gumilar Winata telah menyelesaikan tugas Al-Halq huruf Hamzah ()', 'Bagjafajar09Al-HalqHamzah.webm', 'Al-Halq', 'Hamzah', '2020-08-23 13:05:42', 0),
(151, 0, 'Bagjafajar09', 'Fajar Bagja Gumilar Winata', 'Fajar Bagja Gumilar Winata telah menyelesaikan tugas Al-Halq huruf Haa ()', 'Bagjafajar09Al-HalqHaa.webm', 'Al-Halq', 'Haa', '2020-08-23 13:05:45', 0),
(152, 0, 'Bagjafajar09', 'Fajar Bagja Gumilar Winata', 'Fajar Bagja Gumilar Winata telah menyelesaikan tugas Al-Halq huruf Ghoin ()', 'Bagjafajar09Al-HalqGhoin.webm', 'Al-Halq', 'Ghoin', '2020-08-23 13:05:47', 0),
(153, 0, 'Bagjafajar09', 'Fajar Bagja Gumilar Winata', 'Fajar Bagja Gumilar Winata telah menyelesaikan tugas Al-Halq huruf Ain ()', 'Bagjafajar09Al-HalqAin.webm', 'Al-Halq', 'Ain', '2020-08-23 13:05:49', 0),
(154, 0, 'Bagjafajar09', 'Fajar Bagja Gumilar Winata', 'Fajar Bagja Gumilar Winata telah menyelesaikan tugas Al-Halq huruf Kho ()', 'Bagjafajar09Al-HalqKho.webm', 'Al-Halq', 'Kho', '2020-08-23 13:05:51', 0),
(155, 0, 'Bagjafajar09', 'Fajar Bagja Gumilar Winata', 'Fajar Bagja Gumilar Winata telah menyelesaikan tugas Al-Halq huruf Ha ()', 'Bagjafajar09Al-HalqHa.webm', 'Al-Halq', 'Ha', '2020-08-23 13:05:54', 0),
(156, 0, 'wandayud69', 'Wanda Yudha Pratama', 'Wanda Yudha Pratama telah menyelesaikan tugas Al-Halq huruf Hamzah ()', 'wandayud69Al-HalqHamzah.webm', 'Al-Halq', 'Hamzah', '2020-08-23 13:06:00', 0),
(157, 0, 'wandayud69', 'Wanda Yudha Pratama', 'Wanda Yudha Pratama telah menyelesaikan tugas Al-Halq huruf Haa ()', 'wandayud69Al-HalqHaa.webm', 'Al-Halq', 'Haa', '2020-08-23 13:06:02', 0),
(158, 0, 'wandayud69', 'Wanda Yudha Pratama', 'Wanda Yudha Pratama telah menyelesaikan tugas Al-Halq huruf Ghoin ()', 'wandayud69Al-HalqGhoin.webm', 'Al-Halq', 'Ghoin', '2020-08-23 13:06:04', 0),
(159, 0, 'wandayud69', 'Wanda Yudha Pratama', 'Wanda Yudha Pratama telah menyelesaikan tugas Al-Halq huruf Ain ()', 'wandayud69Al-HalqAin.webm', 'Al-Halq', 'Ain', '2020-08-23 13:06:07', 0),
(160, 0, 'wandayud69', 'Wanda Yudha Pratama', 'Wanda Yudha Pratama telah menyelesaikan tugas Al-Halq huruf Kho ()', 'wandayud69Al-HalqKho.webm', 'Al-Halq', 'Kho', '2020-08-23 13:06:09', 0),
(161, 0, 'wandayud69', 'Wanda Yudha Pratama', 'Wanda Yudha Pratama telah menyelesaikan tugas Al-Halq huruf Ha ()', 'wandayud69Al-HalqHa.webm', 'Al-Halq', 'Ha', '2020-08-23 13:06:11', 0),
(162, 0, 'hitnesmuh', 'Hitnes Muharram', 'Hitnes Muharram telah menyelesaikan tugas Al-Halq huruf Hamzah ()', 'hitnesmuhAl-HalqHamzah.webm', 'Al-Halq', 'Hamzah', '2020-08-23 13:06:13', 0),
(163, 0, 'hitnesmuh', 'Hitnes Muharram', 'Hitnes Muharram telah menyelesaikan tugas Al-Halq huruf Haa ()', 'hitnesmuhAl-HalqHaa.webm', 'Al-Halq', 'Haa', '2020-08-23 13:06:16', 0),
(164, 0, 'hitnesmuh', 'Hitnes Muharram', 'Hitnes Muharram telah menyelesaikan tugas Al-Halq huruf Ghoin ()', 'hitnesmuhAl-HalqGhoin.webm', 'Al-Halq', 'Ghoin', '2020-08-23 13:06:18', 0),
(165, 0, 'hitnesmuh', 'Hitnes Muharram', 'Hitnes Muharram telah menyelesaikan tugas Al-Halq huruf Ain ()', 'hitnesmuhAl-HalqAin.webm', 'Al-Halq', 'Ain', '2020-08-23 13:06:20', 0),
(166, 0, 'hitnesmuh', 'Hitnes Muharram', 'Hitnes Muharram telah menyelesaikan tugas Al-Halq huruf Kho ()', 'hitnesmuhAl-HalqKho.webm', 'Al-Halq', 'Kho', '2020-08-23 13:06:24', 0),
(167, 0, 'hitnesmuh', 'Hitnes Muharram', 'Hitnes Muharram telah menyelesaikan tugas Al-Halq huruf Ha ()', 'hitnesmuhAl-HalqHa.webm', 'Al-Halq', 'Ha', '2020-08-23 13:06:26', 0),
(168, 0, 'rzafiar', 'Rayhan Zafiar', 'Rayhan Zafiar telah menyelesaikan tugas Al-Halq huruf Hamzah ()', 'rzafiarAl-HalqHamzah.webm', 'Al-Halq', 'Hamzah', '2020-08-23 13:06:28', 0),
(169, 0, 'rzafiar', 'Rayhan Zafiar', 'Rayhan Zafiar telah menyelesaikan tugas Al-Halq huruf Haa ()', 'rzafiarAl-HalqHaa.webm', 'Al-Halq', 'Haa', '2020-08-23 13:06:31', 0),
(170, 0, 'rzafiar', 'Rayhan Zafiar', 'Rayhan Zafiar telah menyelesaikan tugas Al-Halq huruf Ghoin ()', 'rzafiarAl-HalqGhoin.webm', 'Al-Halq', 'Ghoin', '2020-08-23 13:06:33', 0),
(171, 0, 'rzafiar', 'Rayhan Zafiar', 'Rayhan Zafiar telah menyelesaikan tugas Al-Halq huruf Ain ()', 'rzafiarAl-HalqAin.webm', 'Al-Halq', 'Ain', '2020-08-23 13:06:35', 0),
(172, 0, 'rzafiar', 'Rayhan Zafiar', 'Rayhan Zafiar telah menyelesaikan tugas Al-Halq huruf Kho ()', 'rzafiarAl-HalqKho.webm', 'Al-Halq', 'Kho', '2020-08-23 13:06:37', 0),
(173, 0, 'rzafiar', 'Rayhan Zafiar', 'Rayhan Zafiar telah menyelesaikan tugas Al-Halq huruf Ha ()', 'rzafiarAl-HalqHa.webm', 'Al-Halq', 'Ha', '2020-08-23 13:06:40', 0),
(174, 0, 'glapras', 'Galang Satria Prasadana', 'Galang Satria Prasadana telah menyelesaikan tugas Al-Halq huruf Hamzah ()', 'glaprasAl-HalqHamzah.webm', 'Al-Halq', 'Hamzah', '2020-08-23 13:06:42', 0),
(175, 0, 'glapras', 'Galang Satria Prasadana', 'Galang Satria Prasadana telah menyelesaikan tugas Al-Halq huruf Haa ()', 'glaprasAl-HalqHaa.webm', 'Al-Halq', 'Haa', '2020-08-23 13:06:45', 0),
(176, 0, 'glapras', 'Galang Satria Prasadana', 'Galang Satria Prasadana telah menyelesaikan tugas Al-Halq huruf Ghoin ()', 'glaprasAl-HalqGhoin.webm', 'Al-Halq', 'Ghoin', '2020-08-23 13:06:49', 0),
(177, 0, 'glapras', 'Galang Satria Prasadana', 'Galang Satria Prasadana telah menyelesaikan tugas Al-Halq huruf Ain ()', 'glaprasAl-HalqAin.webm', 'Al-Halq', 'Ain', '2020-08-23 13:06:51', 0),
(178, 0, 'glapras', 'Galang Satria Prasadana', 'Galang Satria Prasadana telah menyelesaikan tugas Al-Halq huruf Kho ()', 'glaprasAl-HalqKho.webm', 'Al-Halq', 'Kho', '2020-08-23 13:06:54', 0),
(179, 0, 'glapras', 'Galang Satria Prasadana', 'Galang Satria Prasadana telah menyelesaikan tugas Al-Halq huruf Ha ()', 'glaprasAl-HalqHa.webm', 'Al-Halq', 'Ha', '2020-08-23 13:06:56', 0),
(180, 0, 'bammss98', 'bambang subarna', 'bambang subarna telah menyelesaikan tugas Al-Halq huruf Hamzah ()', 'bammss98Al-HalqHamzah.webm', 'Al-Halq', 'Hamzah', '2020-08-23 13:06:58', 0),
(181, 0, 'bammss98', 'bambang subarna', 'bambang subarna telah menyelesaikan tugas Al-Halq huruf Haa ()', 'bammss98Al-HalqHaa.webm', 'Al-Halq', 'Haa', '2020-08-23 13:07:01', 0),
(182, 0, 'bammss98', 'bambang subarna', 'bambang subarna telah menyelesaikan tugas Al-Halq huruf Ghoin ()', 'bammss98Al-HalqGhoin.webm', 'Al-Halq', 'Ghoin', '2020-08-23 13:07:03', 0),
(183, 0, 'bammss98', 'bambang subarna', 'bambang subarna telah menyelesaikan tugas Al-Halq huruf Ain ()', 'bammss98Al-HalqAin.webm', 'Al-Halq', 'Ain', '2020-08-23 13:07:05', 0),
(184, 0, 'bammss98', 'bambang subarna', 'bambang subarna telah menyelesaikan tugas Al-Halq huruf Kho ()', 'bammss98Al-HalqKho.webm', 'Al-Halq', 'Kho', '2020-08-23 13:07:08', 0),
(185, 0, 'bammss98', 'bambang subarna', 'bambang subarna telah menyelesaikan tugas Al-Halq huruf Ha ()', 'bammss98Al-HalqHa.webm', 'Al-Halq', 'Ha', '2020-08-23 13:07:10', 0),
(186, 173, 'mahasiswa', 'Mahasiswa', 'Sifat huruf kurang jelas', NULL, 'Al-Halq', 'Ha', '2020-08-23 22:41:41', 0),
(187, 185, 'hildaaa', 'Hilda Aulia Safitri', 'Menurut saya suaranya sudah cukup jelas, tapi sifat hurufnya masih belum benar', NULL, 'Al-Halq', 'Ha', '2020-08-25 22:04:55', 0),
(188, 185, 'rzafiar', 'Rayhan Zafiar', 'Ada suara yang lain di akhir video', NULL, 'Al-Halq', 'Ha', '2020-08-25 22:05:37', 0),
(189, 185, 'faisal', 'Muhamad Faisal', 'Tempat keluar hurufnya sudah bener, keren', NULL, 'Al-Halq', 'Ha', '2020-08-25 22:06:31', 0),
(190, 185, 'anggi19', 'Aghnia Ziyan Nabilah', 'Sifat hurufnya kurang jelas, malah seperti huruf kho', NULL, 'Al-Halq', 'Ha', '2020-08-25 22:07:35', 0),
(191, 0, 'Amellyamnr', 'Amellya Mustikaningtyas Rishan', 'Amellya Mustikaningtyas Rishan telah menyelesaikan tugas Al-Jauf huruf Ya ()', 'AmellyamnrAl-JaufYa.webm', 'Al-Jauf', 'Ya', '2020-08-27 13:26:12', 0),
(192, 0, 'Amellyamnr', 'Amellya Mustikaningtyas Rishan', 'Amellya Mustikaningtyas Rishan telah menyelesaikan tugas Al-Jauf huruf Wawu ()', 'AmellyamnrAl-JaufWawu.webm', 'Al-Jauf', 'Wawu', '2020-08-27 13:26:33', 0),
(193, 0, 'Amellyamnr', 'Amellya Mustikaningtyas Rishan', 'Amellya Mustikaningtyas Rishan telah menyelesaikan tugas Al-Jauf huruf Alif ()', 'AmellyamnrAl-JaufAlif.webm', 'Al-Jauf', 'Alif', '2020-08-27 13:26:48', 0),
(194, 0, 'Rapiip', 'Muhammad Rafif Rizqullah', 'Muhammad Rafif Rizqullah telah menyelesaikan tugas Al-Jauf huruf Ya ()', 'RapiipAl-JaufYa.webm', 'Al-Jauf', 'Ya', '2020-08-27 13:27:00', 0),
(195, 0, 'Rapiip', 'Muhammad Rafif Rizqullah', 'Muhammad Rafif Rizqullah telah menyelesaikan tugas Al-Jauf huruf Wawu ()', 'RapiipAl-JaufWawu.webm', 'Al-Jauf', 'Wawu', '2020-08-27 13:27:16', 0),
(196, 0, 'Rapiip', 'Muhammad Rafif Rizqullah', 'Muhammad Rafif Rizqullah telah menyelesaikan tugas Al-Jauf huruf Alif ()', 'RapiipAl-JaufAlif.webm', 'Al-Jauf', 'Alif', '2020-08-27 13:27:32', 0),
(197, 0, 'Sofifr', 'Sofi Fauziah Rahmawati', 'Sofi Fauziah Rahmawati telah menyelesaikan tugas Al-Jauf huruf Ya ()', 'SofifrAl-JaufYa.webm', 'Al-Jauf', 'Ya', '2020-08-27 13:27:48', 0),
(198, 0, 'Sofifr', 'Sofi Fauziah Rahmawati', 'Sofi Fauziah Rahmawati telah menyelesaikan tugas Al-Jauf huruf Wawu ()', 'SofifrAl-JaufWawu.webm', 'Al-Jauf', 'Wawu', '2020-08-27 13:27:59', 0),
(199, 0, 'Sofifr', 'Sofi Fauziah Rahmawati', 'Sofi Fauziah Rahmawati telah menyelesaikan tugas Al-Jauf huruf Alif ()', 'SofifrAl-JaufAlif.webm', 'Al-Jauf', 'Alif', '2020-08-27 13:28:56', 0),
(200, 0, 'BossIns', 'Rizal Muharan', 'Rizal Muharan telah menyelesaikan tugas Al-Jauf huruf Ya ()', 'BossInsAl-JaufYa.webm', 'Al-Jauf', 'Ya', '2020-08-27 13:29:33', 0),
(201, 0, 'BossIns', 'Rizal Muharan', 'Rizal Muharan telah menyelesaikan tugas Al-Jauf huruf Wawu ()', 'BossInsAl-JaufWawu.webm', 'Al-Jauf', 'Wawu', '2020-08-27 13:31:05', 0),
(202, 0, 'BossIns', 'Rizal Muharan', 'Rizal Muharan telah menyelesaikan tugas Al-Jauf huruf Alif ()', 'BossInsAl-JaufAlif.webm', 'Al-Jauf', 'Alif', '2020-08-27 13:32:38', 0),
(203, 0, 'alihasanash', 'Ali Hasan Ash Siddiq', 'Ali Hasan Ash Siddiq telah menyelesaikan tugas Al-Jauf huruf Ya ()', 'alihasanashAl-JaufYa.webm', 'Al-Jauf', 'Ya', '2020-08-27 13:32:46', 0),
(204, 0, 'alihasanash', 'Ali Hasan Ash Siddiq', 'Ali Hasan Ash Siddiq telah menyelesaikan tugas Al-Jauf huruf Wawu ()', 'alihasanashAl-JaufWawu.webm', 'Al-Jauf', 'Wawu', '2020-08-27 13:32:54', 0),
(205, 0, 'alihasanash', 'Ali Hasan Ash Siddiq', 'Ali Hasan Ash Siddiq telah menyelesaikan tugas Al-Jauf huruf Alif ()', 'alihasanashAl-JaufAlif.webm', 'Al-Jauf', 'Alif', '2020-08-27 13:33:03', 0),
(206, 0, 'Yolanandasp', 'Yola Nanda Sekar Prima', 'Yola Nanda Sekar Prima telah menyelesaikan tugas Al-Jauf huruf Ya ()', 'YolanandaspAl-JaufYa.webm', 'Al-Jauf', 'Ya', '2020-08-27 13:33:14', 0),
(207, 0, 'Yolanandasp', 'Yola Nanda Sekar Prima', 'Yola Nanda Sekar Prima telah menyelesaikan tugas Al-Jauf huruf Wawu ()', 'YolanandaspAl-JaufWawu.webm', 'Al-Jauf', 'Wawu', '2020-08-27 13:33:22', 0),
(208, 0, 'Yolanandasp', 'Yola Nanda Sekar Prima', 'Yola Nanda Sekar Prima telah menyelesaikan tugas Al-Jauf huruf Alif ()', 'YolanandaspAl-JaufAlif.webm', 'Al-Jauf', 'Alif', '2020-08-27 13:33:28', 0),
(209, 0, 'renraleerning', 'Renra Noviana', 'Renra Noviana telah menyelesaikan tugas Al-Jauf huruf Ya ()', 'renraleerningAl-JaufYa.webm', 'Al-Jauf', 'Ya', '2020-08-27 13:33:35', 0),
(210, 0, 'renraleerning', 'Renra Noviana', 'Renra Noviana telah menyelesaikan tugas Al-Jauf huruf Wawu ()', 'renraleerningAl-JaufWawu.webm', 'Al-Jauf', 'Wawu', '2020-08-27 13:33:42', 0),
(211, 0, 'renraleerning', 'Renra Noviana', 'Renra Noviana telah menyelesaikan tugas Al-Jauf huruf Alif ()', 'renraleerningAl-JaufAlif.webm', 'Al-Jauf', 'Alif', '2020-08-27 13:33:49', 0);

-- --------------------------------------------------------

--
-- Table structure for table `materi`
--

CREATE TABLE `materi` (
  `id_materi` tinyint(1) NOT NULL,
  `nama_materi` char(20) NOT NULL,
  `arab_materi` char(30) CHARACTER SET utf8 COLLATE utf8_unicode_ci NOT NULL,
  `uraian_materi` text CHARACTER SET utf8 COLLATE utf8_unicode_ci NOT NULL,
  `tipstrik_materi` char(255) DEFAULT NULL,
  `gambar` text DEFAULT NULL
) ENGINE=InnoDB DEFAULT CHARSET=latin1;

--
-- Dumping data for table `materi`
--

INSERT INTO `materi` (`id_materi`, `nama_materi`, `arab_materi`, `uraian_materi`, `tipstrik_materi`, `gambar`) VALUES
(1, 'Al-Jauf', '()', 'Al Jauf merupakan tempat keluarnya huruf yang berada di rongga tenggorokan atau rongga mulut.', '', NULL),
(2, 'Al-Halq', '()', 'Tempat keluar bunyi huruf hijaiyah yang terletak pada kerongkongan / tenggorokan.', NULL, NULL),
(3, 'Al-Lisan', '()', 'Tempat keluarnya huruf hijaiyah yang terletak pada lidah dan merupakan tempat keluarnya huruf yang paling banyak.', '', NULL),
(4, 'Asy-Syafatain', '()', 'Tempat keluarnya huruf hijaiyah yang terletak pada kedua bibir.', '', NULL),
(5, 'Al-Khaisyum', '()', 'Tempat keluarnya huruf hijaiyah yang terletak pada janur hidung.', 'Jika kita menutup hidung ketika membunyikan huruf tersebut, maka huruf tersebut tidak dapat terdengar dengan jelas.', NULL),
(6, 'Pengertian & Manfaat', '', '<b>Pengertian</b><br>\r\n\r\n   kata dari jamak bentuk    yang artinya secara bahasa adalah tempat keluar. Adapun secara istilah adalah tempat keluarnya huruf-huruf hijaiyah untuk membedakan dari satu huruf dengan huruf yang lainnya.<br><br>\r\n\r\n<b>Manfaat</b><br>\r\nManfaat mempelajari makhraj huruf adalah:<br>\r\n1. Agar benar dan jelas dalam mengucapkan huruf hijaiyah.<br>\r\n2. Agar membacakan al-quran dengan sangat fasih.<br>\r\n3. Agar terjaga dari lahjah selain lahjah Arab yang shahih (lahjah Quraish).<br>\r\n4. Agar setiap qori mengetahui setiap alasan dari hukum-hukum dalam ilmu tajwid seperti hokum idzhar, idghom, iqlab, ikhfa dan lain sebagainya.', NULL, 'pengertian.jpg');

-- --------------------------------------------------------

--
-- Table structure for table `penilaiancreateplay`
--

CREATE TABLE `penilaiancreateplay` (
  `id` int(11) NOT NULL,
  `id_user` int(11) NOT NULL,
  `id_materi` tinyint(1) NOT NULL,
  `id_submateri` tinyint(1) NOT NULL,
  `tempat` tinyint(4) NOT NULL,
  `sifat` tinyint(4) NOT NULL,
  `suara` tinyint(4) NOT NULL
) ENGINE=InnoDB DEFAULT CHARSET=latin1;

--
-- Dumping data for table `penilaiancreateplay`
--

INSERT INTO `penilaiancreateplay` (`id`, `id_user`, `id_materi`, `id_submateri`, `tempat`, `sifat`, `suara`) VALUES
(1, 24, 1, 1, 2, 2, 2),
(2, 24, 1, 28, 3, 3, 3),
(3, 24, 1, 32, 3, 2, 3),
(4, 24, 2, 6, 4, 3, 4),
(5, 24, 2, 18, 3, 3, 4),
(6, 24, 2, 19, 3, 2, 3),
(7, 24, 2, 30, 3, 2, 4),
(8, 24, 2, 31, 3, 3, 3),
(9, 24, 4, 2, 4, 4, 4),
(10, 24, 4, 20, 3, 3, 3),
(11, 24, 4, 24, 2, 2, 4),
(12, 24, 4, 29, 3, 2, 4),
(13, 24, 5, 25, 3, 2, 4),
(14, 24, 5, 27, 3, 3, 3),
(15, 34, 1, 1, 3, 2, 3),
(16, 34, 1, 28, 3, 2, 3),
(17, 34, 1, 32, 2, 2, 2),
(18, 34, 2, 6, 3, 3, 3),
(19, 34, 2, 7, 2, 2, 3),
(20, 34, 2, 18, 3, 3, 2),
(21, 34, 2, 19, 3, 3, 3),
(22, 34, 2, 30, 3, 2, 3),
(23, 34, 2, 31, 3, 3, 2),
(24, 34, 4, 2, 3, 2, 2),
(25, 34, 4, 20, 3, 2, 2),
(26, 23, 1, 1, 3, 1, 1),
(27, 34, 4, 24, 3, 3, 3),
(28, 34, 4, 29, 3, 3, 3),
(29, 34, 5, 25, 3, 3, 2),
(30, 23, 1, 28, 2, 2, 3),
(31, 34, 5, 27, 3, 2, 3),
(32, 23, 1, 32, 2, 2, 3),
(33, 33, 1, 32, 3, 3, 4),
(34, 23, 2, 6, 1, 2, 2),
(35, 23, 2, 7, 3, 3, 3),
(36, 24, 3, 3, 3, 3, 3),
(37, 24, 3, 4, 3, 2, 4),
(38, 24, 3, 5, 4, 2, 4),
(39, 33, 1, 28, 4, 3, 3),
(40, 24, 3, 8, 3, 2, 3),
(41, 24, 3, 9, 3, 3, 3),
(42, 23, 2, 18, 2, 3, 4),
(43, 24, 3, 10, 3, 3, 3),
(44, 33, 1, 1, 2, 2, 3),
(45, 24, 3, 11, 3, 3, 3),
(46, 24, 3, 12, 3, 3, 4),
(47, 33, 2, 6, 2, 2, 2),
(48, 24, 3, 13, 4, 2, 4),
(49, 33, 2, 7, 2, 2, 3),
(50, 24, 3, 14, 3, 3, 3),
(51, 24, 3, 15, 3, 2, 3),
(52, 33, 2, 18, 3, 2, 3),
(53, 24, 3, 16, 3, 3, 3),
(54, 24, 3, 17, 3, 3, 3),
(55, 33, 2, 19, 3, 3, 3),
(56, 24, 3, 21, 3, 3, 3),
(57, 33, 2, 30, 3, 2, 3),
(58, 24, 3, 23, 3, 3, 4),
(59, 33, 2, 31, 3, 3, 4),
(60, 24, 3, 26, 3, 3, 3),
(61, 23, 2, 19, 2, 2, 3),
(62, 24, 3, 33, 3, 3, 3),
(63, 33, 3, 3, 4, 3, 3),
(64, 33, 3, 4, 4, 2, 3),
(65, 33, 3, 5, 2, 2, 3),
(66, 33, 3, 8, 3, 2, 3),
(67, 23, 2, 30, 3, 2, 3),
(68, 33, 3, 9, 3, 4, 3),
(69, 23, 2, 31, 2, 1, 1),
(70, 34, 3, 3, 3, 3, 2),
(71, 34, 3, 4, 3, 3, 2),
(72, 34, 3, 5, 3, 2, 3),
(73, 34, 3, 8, 3, 2, 3),
(74, 23, 3, 3, 2, 1, 2),
(75, 34, 3, 9, 3, 2, 2),
(76, 34, 3, 10, 3, 2, 3),
(77, 34, 3, 11, 3, 3, 3),
(78, 34, 3, 12, 3, 3, 2),
(79, 34, 3, 13, 3, 3, 4),
(80, 34, 3, 14, 3, 2, 3),
(81, 23, 3, 4, 2, 2, 3),
(82, 34, 3, 15, 3, 3, 4),
(83, 34, 3, 16, 3, 3, 2),
(84, 34, 3, 17, 2, 2, 2),
(85, 23, 3, 5, 1, 1, 2),
(86, 34, 3, 21, 3, 3, 3),
(87, 34, 3, 22, 3, 3, 3),
(88, 34, 3, 23, 4, 4, 4),
(89, 34, 3, 26, 3, 3, 3),
(90, 34, 3, 33, 4, 4, 4),
(91, 23, 3, 8, 2, 2, 4),
(92, 23, 5, 25, 3, 2, 4),
(93, 23, 5, 27, 3, 3, 4),
(94, 23, 4, 2, 2, 2, 3),
(95, 23, 4, 20, 2, 2, 2),
(96, 23, 4, 24, 3, 2, 3),
(97, 23, 4, 29, 2, 2, 3),
(98, 23, 3, 33, 2, 1, 2),
(99, 23, 3, 26, 2, 2, 2),
(100, 33, 3, 10, 2, 2, 2),
(101, 23, 3, 23, 3, 2, 3),
(102, 33, 3, 11, 3, 2, 3),
(103, 23, 3, 22, 2, 1, 2),
(104, 33, 3, 12, 2, 2, 2),
(105, 23, 3, 21, 2, 2, 3),
(106, 23, 3, 17, 1, 2, 2),
(107, 23, 3, 16, 1, 1, 2),
(108, 23, 3, 15, 2, 2, 2),
(109, 23, 3, 14, 3, 2, 3),
(110, 23, 3, 9, 2, 2, 2),
(111, 23, 3, 10, 3, 2, 4),
(112, 23, 3, 11, 2, 2, 3),
(113, 23, 3, 12, 2, 2, 2),
(114, 23, 3, 13, 1, 1, 1),
(115, 33, 3, 13, 2, 2, 3),
(116, 33, 3, 14, 2, 2, 2),
(117, 33, 3, 15, 3, 2, 4),
(118, 33, 3, 16, 2, 2, 2),
(119, 33, 3, 17, 4, 2, 3),
(120, 33, 3, 21, 3, 2, 2),
(121, 33, 3, 22, 2, 2, 3),
(122, 33, 3, 23, 4, 2, 3),
(123, 33, 3, 26, 3, 3, 3),
(124, 33, 3, 33, 3, 2, 3),
(125, 33, 4, 2, 4, 3, 4),
(126, 33, 4, 20, 3, 2, 2),
(127, 33, 4, 24, 3, 3, 3),
(128, 33, 4, 29, 2, 2, 3),
(129, 33, 5, 25, 3, 2, 2),
(130, 33, 5, 27, 2, 2, 2),
(131, 6, 1, 1, 1, 1, 1),
(132, 6, 1, 28, 3, 1, 1),
(133, 38, 2, 6, 2, 3, 3),
(134, 38, 2, 7, 2, 3, 4),
(135, 38, 2, 18, 2, 2, 2),
(136, 38, 2, 19, 2, 3, 3),
(137, 38, 2, 30, 2, 2, 2),
(138, 38, 2, 31, 2, 2, 2),
(139, 7, 2, 6, 3, 2, 3),
(140, 37, 2, 6, 1, 1, 1),
(141, 37, 2, 7, 2, 2, 2),
(142, 37, 2, 18, 2, 2, 3),
(143, 37, 2, 19, 2, 2, 1),
(144, 37, 2, 30, 2, 1, 2),
(145, 37, 2, 31, 1, 2, 3),
(146, 40, 2, 6, 2, 2, 2),
(147, 40, 2, 7, 3, 3, 3),
(148, 40, 2, 18, 2, 2, 2),
(149, 40, 2, 19, 2, 2, 2),
(150, 40, 2, 30, 2, 2, 2),
(151, 40, 2, 31, 2, 2, 2),
(152, 36, 2, 6, 3, 3, 4),
(153, 36, 2, 7, 3, 2, 4),
(154, 36, 2, 18, 3, 3, 4),
(155, 36, 2, 19, 3, 3, 4),
(156, 36, 2, 30, 3, 3, 4),
(157, 36, 2, 31, 3, 2, 4),
(158, 42, 2, 6, 2, 2, 3),
(159, 42, 2, 7, 2, 2, 3),
(160, 42, 2, 18, 2, 2, 3),
(161, 42, 2, 19, 2, 2, 3),
(162, 42, 2, 30, 2, 2, 3),
(163, 42, 2, 31, 2, 2, 3),
(164, 39, 2, 6, 3, 3, 3),
(165, 39, 2, 7, 4, 4, 4),
(166, 39, 2, 18, 2, 3, 3),
(167, 39, 2, 19, 3, 3, 3),
(168, 39, 2, 30, 3, 3, 3),
(169, 39, 2, 31, 3, 3, 3),
(170, 43, 2, 6, 3, 2, 3),
(171, 43, 2, 7, 2, 3, 3),
(172, 43, 2, 18, 2, 3, 2),
(173, 43, 2, 19, 2, 2, 2),
(174, 43, 2, 30, 3, 2, 3),
(175, 43, 2, 31, 2, 2, 3),
(176, 6, 5, 25, 1, 1, 1),
(177, 6, 5, 27, 1, 1, 1),
(178, 45, 2, 7, 2, 3, 3),
(179, 45, 5, 25, 2, 1, 2),
(180, 47, 1, 1, 2, 2, 2),
(181, 48, 1, 32, 2, 2, 4),
(182, 49, 1, 1, 2, 2, 3),
(183, 49, 1, 28, 3, 3, 3),
(184, 49, 1, 32, 3, 3, 3),
(185, 52, 1, 1, 2, 2, 2),
(186, 52, 1, 28, 2, 2, 2),
(187, 52, 1, 32, 2, 2, 2),
(188, 51, 1, 1, 3, 3, 2),
(189, 51, 1, 28, 3, 3, 2),
(190, 51, 1, 32, 3, 3, 2),
(191, 50, 1, 1, 2, 2, 1),
(192, 50, 1, 28, 2, 2, 2),
(193, 50, 1, 32, 2, 2, 2),
(194, 54, 1, 1, 3, 3, 3),
(195, 54, 1, 28, 2, 2, 1),
(196, 54, 1, 32, 3, 3, 4),
(197, 55, 1, 1, 2, 2, 2),
(198, 55, 1, 28, 2, 2, 2),
(199, 55, 1, 32, 2, 2, 2);

-- --------------------------------------------------------

--
-- Table structure for table `penilaianreflect`
--

CREATE TABLE `penilaianreflect` (
  `id` int(11) NOT NULL,
  `id_user` int(11) NOT NULL,
  `id_penilai` int(11) NOT NULL,
  `id_posting` int(11) NOT NULL,
  `video_materi` char(20) NOT NULL,
  `video_submateri` char(20) NOT NULL,
  `tempat` tinyint(4) NOT NULL,
  `sifat` tinyint(4) NOT NULL,
  `suara` tinyint(4) NOT NULL,
  `saran_guru` varchar(1000) CHARACTER SET utf8 COLLATE utf8_unicode_ci DEFAULT NULL
) ENGINE=InnoDB DEFAULT CHARSET=latin1;

--
-- Dumping data for table `penilaianreflect`
--

INSERT INTO `penilaianreflect` (`id`, `id_user`, `id_penilai`, `id_posting`, `video_materi`, `video_submateri`, `tempat`, `sifat`, `suara`, `saran_guru`) VALUES
(1, 33, 4, 106, 'Al-Jauf', 'Alif', 3, 3, 4, ''),
(2, 33, 4, 107, 'Al-Jauf', 'Wawu', 3, 3, 3, ''),
(3, 33, 4, 108, 'Al-Jauf', 'Ya', 3, 3, 3, ''),
(4, 33, 4, 114, 'Al-Halq', 'Ha', 3, 3, 3, ''),
(5, 33, 4, 113, 'Al-Halq', 'Kho', 3, 2, 3, ''),
(6, 33, 4, 112, 'Al-Halq', 'Ain', 2, 3, 3, ''),
(7, 33, 4, 111, 'Al-Halq', 'Ghoin', 3, 3, 3, ''),
(8, 33, 4, 110, 'Al-Halq', 'Haa', 3, 2, 3, ''),
(9, 33, 4, 109, 'Al-Halq', 'Hamzah', 3, 2, 3, ''),
(10, 33, 4, 132, 'Al-Lisan', 'Ta', 3, 3, 3, ''),
(11, 33, 4, 131, 'Al-Lisan', 'Tsa', 3, 2, 3, ''),
(12, 33, 4, 130, 'Al-Lisan', 'Jim', 3, 3, 3, ''),
(13, 33, 4, 129, 'Al-Lisan', 'Dal', 3, 2, 3, ''),
(14, 33, 4, 128, 'Al-Lisan', 'Dzal', 3, 3, 3, ''),
(15, 33, 4, 127, 'Al-Lisan', 'Ro', 3, 2, 3, ''),
(16, 33, 4, 126, 'Al-Lisan', 'Zayy', 3, 3, 3, ''),
(17, 23, 5, 73, 'Al-Jauf', 'Alif', 2, 3, 2, 'kurang terdengar'),
(18, 33, 4, 125, 'Al-Lisan', 'Sin', 3, 2, 3, ''),
(19, 33, 4, 124, 'Al-Lisan', 'Syin', 3, 3, 3, ''),
(20, 33, 4, 123, 'Al-Lisan', 'Shod', 3, 2, 3, ''),
(21, 23, 5, 74, 'Al-Jauf', 'Wawu', 2, 2, 1, 'kurang terdengar'),
(22, 33, 4, 122, 'Al-Lisan', 'Dhod', 3, 3, 3, ''),
(23, 33, 4, 121, 'Al-Lisan', 'Tho', 3, 2, 3, ''),
(24, 33, 4, 120, 'Al-Lisan', 'Zho', 3, 3, 3, ''),
(25, 33, 4, 119, 'Al-Lisan', 'Qof', 3, 2, 3, ''),
(26, 33, 4, 118, 'Al-Lisan', 'Kaf', 3, 3, 3, ''),
(27, 33, 4, 117, 'Al-Lisan', 'Lam', 3, 2, 3, ''),
(28, 33, 4, 116, 'Al-Lisan', 'Nun', 3, 3, 3, ''),
(29, 23, 5, 75, 'Al-Jauf', 'Ya', 2, 2, 1, 'kurang terdengar'),
(30, 33, 4, 115, 'Al-Lisan', 'Ya', 3, 2, 3, ''),
(31, 33, 4, 136, 'Asy-Syafatain', 'Ba', 3, 3, 3, ''),
(32, 23, 5, 81, 'Al-Halq', 'Ha', 3, 3, 2, ''),
(33, 33, 4, 135, 'Asy-Syafatain', 'Fa', 3, 2, 3, ''),
(34, 33, 4, 134, 'Asy-Syafatain', 'Mim', 3, 3, 3, ''),
(35, 33, 4, 133, 'Asy-Syafatain', 'Wawu', 2, 3, 3, ''),
(36, 23, 5, 80, 'Al-Halq', 'Kho', 2, 2, 3, ''),
(37, 33, 4, 138, 'Al-Khaisyum', 'Mim', 3, 2, 3, ''),
(38, 33, 4, 137, 'Al-Khaisyum', 'Nun', 2, 3, 3, ''),
(39, 23, 5, 79, 'Al-Halq', 'Ain', 2, 2, 2, ''),
(40, 23, 5, 78, 'Al-Halq', 'Ghoin', 3, 3, 3, ''),
(41, 23, 5, 77, 'Al-Halq', 'Haa', 2, 2, 2, ''),
(42, 23, 5, 76, 'Al-Halq', 'Hamzah', 3, 3, 3, ''),
(43, 23, 5, 99, 'Al-Lisan', 'Ta', 3, 3, 3, ''),
(44, 23, 5, 98, 'Al-Lisan', 'Tsa', 3, 2, 3, ''),
(45, 23, 5, 97, 'Al-Lisan', 'Jim', 3, 3, 3, ''),
(46, 23, 5, 96, 'Al-Lisan', 'Dal', 3, 3, 3, ''),
(47, 23, 5, 86, 'Al-Lisan', 'Dzal', 3, 3, 4, ''),
(48, 23, 5, 85, 'Al-Lisan', 'Ro', 3, 2, 3, ''),
(49, 23, 5, 84, 'Al-Lisan', 'Zayy', 3, 3, 3, ''),
(50, 23, 5, 83, 'Al-Lisan', 'Sin', 3, 3, 2, ''),
(51, 23, 5, 82, 'Al-Lisan', 'Syin', 3, 3, 3, ''),
(52, 23, 5, 87, 'Al-Lisan', 'Shod', 3, 2, 3, ''),
(53, 23, 5, 88, 'Al-Lisan', 'Dhod', 3, 3, 3, ''),
(54, 23, 5, 89, 'Al-Lisan', 'Tho', 3, 3, 3, ''),
(55, 23, 5, 90, 'Al-Lisan', 'Zho', 3, 2, 4, ''),
(56, 23, 5, 91, 'Al-Lisan', 'Qof', 3, 3, 4, ''),
(57, 23, 5, 92, 'Al-Lisan', 'Kaf', 3, 2, 3, ''),
(58, 23, 5, 93, 'Al-Lisan', 'Lam', 2, 2, 3, ''),
(59, 23, 5, 94, 'Al-Lisan', 'Nun', 3, 3, 3, ''),
(60, 23, 5, 95, 'Al-Lisan', 'Ya', 2, 2, 3, ''),
(61, 23, 5, 103, 'Asy-Syafatain', 'Ba', 3, 3, 3, ''),
(62, 23, 5, 102, 'Asy-Syafatain', 'Fa', 3, 3, 3, ''),
(63, 23, 5, 101, 'Asy-Syafatain', 'Mim', 3, 2, 3, ''),
(64, 23, 5, 100, 'Asy-Syafatain', 'Wawu', 3, 2, 3, ''),
(65, 23, 5, 105, 'Al-Khaisyum', 'Mim', 3, 3, 3, ''),
(66, 23, 5, 104, 'Al-Khaisyum', 'Nun', 3, 3, 4, ''),
(67, 34, 3, 9, 'Al-Jauf', 'Alif', 3, 3, 2, ''),
(68, 34, 3, 8, 'Al-Jauf', 'Wawu', 3, 2, 3, ''),
(69, 34, 3, 7, 'Al-Jauf', 'Ya', 3, 3, 4, ''),
(70, 34, 3, 15, 'Al-Halq', 'Ha', 3, 3, 2, ''),
(71, 34, 3, 14, 'Al-Halq', 'Kho', 3, 3, 3, ''),
(72, 34, 3, 13, 'Al-Halq', 'Ain', 3, 2, 3, ''),
(73, 34, 3, 12, 'Al-Halq', 'Ghoin', 3, 2, 4, ''),
(74, 34, 3, 11, 'Al-Halq', 'Haa', 2, 3, 3, ''),
(75, 34, 3, 10, 'Al-Halq', 'Hamzah', 3, 3, 2, ''),
(76, 34, 3, 33, 'Al-Lisan', 'Ta', 3, 3, 2, ''),
(77, 34, 3, 32, 'Al-Lisan', 'Tsa', 3, 2, 3, ''),
(78, 34, 3, 31, 'Al-Lisan', 'Jim', 3, 2, 3, ''),
(79, 34, 3, 30, 'Al-Lisan', 'Dal', 2, 3, 3, ''),
(80, 34, 3, 29, 'Al-Lisan', 'Dzal', 3, 3, 4, ''),
(81, 34, 3, 28, 'Al-Lisan', 'Ro', 3, 2, 3, ''),
(82, 34, 3, 27, 'Al-Lisan', 'Zayy', 3, 3, 3, ''),
(83, 34, 3, 26, 'Al-Lisan', 'Sin', 3, 3, 2, ''),
(84, 34, 3, 25, 'Al-Lisan', 'Syin', 2, 3, 4, ''),
(85, 34, 3, 24, 'Al-Lisan', 'Shod', 3, 3, 2, ''),
(86, 34, 3, 23, 'Al-Lisan', 'Dhod', 3, 3, 4, ''),
(87, 34, 3, 22, 'Al-Lisan', 'Tho', 3, 2, 3, ''),
(88, 34, 3, 21, 'Al-Lisan', 'Zho', 3, 3, 2, ''),
(89, 34, 3, 20, 'Al-Lisan', 'Qof', 3, 3, 3, ''),
(90, 34, 3, 19, 'Al-Lisan', 'Kaf', 3, 2, 3, ''),
(91, 34, 3, 18, 'Al-Lisan', 'Lam', 3, 2, 3, ''),
(92, 34, 3, 17, 'Al-Lisan', 'Nun', 3, 2, 3, ''),
(93, 34, 3, 16, 'Al-Lisan', 'Ya', 3, 2, 4, ''),
(94, 34, 3, 37, 'Asy-Syafatain', 'Ba', 3, 4, 4, ''),
(95, 34, 3, 36, 'Asy-Syafatain', 'Fa', 3, 3, 4, ''),
(96, 34, 3, 35, 'Asy-Syafatain', 'Mim', 3, 2, 3, ''),
(97, 34, 3, 34, 'Asy-Syafatain', 'Wawu', 3, 3, 3, ''),
(98, 34, 3, 39, 'Al-Khaisyum', 'Mim', 3, 4, 3, ''),
(99, 34, 3, 38, 'Al-Khaisyum', 'Nun', 3, 3, 4, ''),
(100, 24, 2, 48, 'Al-Halq', 'Ha', 3, 3, 3, ''),
(101, 24, 2, 42, 'Al-Jauf', 'Alif', 4, 3, 4, ''),
(102, 24, 2, 41, 'Al-Jauf', 'Wawu', 4, 3, 4, ''),
(103, 24, 2, 40, 'Al-Jauf', 'Ya', 3, 2, 4, ''),
(104, 24, 2, 47, 'Al-Halq', 'Kho', 3, 3, 3, ''),
(105, 24, 2, 46, 'Al-Halq', 'Ain', 3, 3, 3, ''),
(106, 24, 2, 45, 'Al-Halq', 'Ghoin', 3, 2, 4, ''),
(107, 24, 2, 44, 'Al-Halq', 'Haa', 3, 3, 4, ''),
(108, 24, 2, 43, 'Al-Halq', 'Hamzah', 3, 2, 3, ''),
(109, 24, 2, 66, 'Al-Lisan', 'Ta', 3, 3, 4, ''),
(110, 24, 2, 65, 'Al-Lisan', 'Tsa', 3, 2, 3, ''),
(111, 24, 2, 64, 'Al-Lisan', 'Jim', 3, 3, 3, ''),
(112, 24, 2, 63, 'Al-Lisan', 'Dal', 2, 3, 4, ''),
(113, 24, 2, 62, 'Al-Lisan', 'Dzal', 3, 2, 3, ''),
(114, 24, 2, 61, 'Al-Lisan', 'Ro', 3, 3, 3, ''),
(115, 24, 2, 60, 'Al-Lisan', 'Zayy', 3, 3, 3, ''),
(116, 24, 2, 59, 'Al-Lisan', 'Sin', 3, 3, 3, ''),
(117, 24, 2, 58, 'Al-Lisan', 'Syin', 3, 3, 3, ''),
(118, 24, 2, 57, 'Al-Lisan', 'Shod', 3, 3, 3, ''),
(119, 24, 2, 56, 'Al-Lisan', 'Dhod', 3, 3, 4, ''),
(120, 24, 2, 55, 'Al-Lisan', 'Tho', 3, 3, 2, ''),
(121, 24, 2, 54, 'Al-Lisan', 'Zho', 3, 2, 3, ''),
(122, 24, 2, 53, 'Al-Lisan', 'Qof', 3, 3, 3, ''),
(123, 24, 2, 52, 'Al-Lisan', 'Kaf', 3, 3, 3, ''),
(124, 24, 2, 51, 'Al-Lisan', 'Lam', 3, 3, 3, ''),
(125, 24, 2, 50, 'Al-Lisan', 'Nun', 3, 3, 3, ''),
(126, 24, 2, 49, 'Al-Lisan', 'Ya', 3, 3, 3, ''),
(127, 24, 2, 70, 'Asy-Syafatain', 'Ba', 3, 3, 3, ''),
(128, 24, 2, 69, 'Asy-Syafatain', 'Fa', 3, 3, 3, ''),
(129, 24, 2, 68, 'Asy-Syafatain', 'Mim', 4, 3, 4, ''),
(130, 24, 2, 67, 'Asy-Syafatain', 'Wawu', 3, 3, 3, ''),
(131, 24, 2, 72, 'Al-Khaisyum', 'Mim', 3, 2, 4, ''),
(132, 24, 2, 71, 'Al-Khaisyum', 'Nun', 3, 2, 3, '');

-- --------------------------------------------------------

--
-- Table structure for table `penilaianshare`
--

CREATE TABLE `penilaianshare` (
  `id` int(11) NOT NULL,
  `id_user` int(11) NOT NULL,
  `id_penilai` int(11) NOT NULL,
  `id_posting` int(11) NOT NULL,
  `video_materi` char(20) NOT NULL,
  `video_submateri` char(20) NOT NULL,
  `tempat` tinyint(4) NOT NULL,
  `sifat` tinyint(4) NOT NULL,
  `suara` tinyint(4) NOT NULL
) ENGINE=InnoDB DEFAULT CHARSET=latin1;

--
-- Dumping data for table `penilaianshare`
--

INSERT INTO `penilaianshare` (`id`, `id_user`, `id_penilai`, `id_posting`, `video_materi`, `video_submateri`, `tempat`, `sifat`, `suara`) VALUES
(1, 34, 23, 37, 'Asy-Syafatain', 'Ba', 2, 2, 2),
(2, 24, 34, 72, 'Al-Khaisyum', 'Mim', 3, 3, 3),
(3, 24, 34, 71, 'Al-Khaisyum', 'Nun', 2, 3, 3),
(4, 24, 34, 70, 'Asy-Syafatain', 'Ba', 3, 4, 3),
(5, 24, 34, 69, 'Asy-Syafatain', 'Fa', 3, 4, 3),
(6, 24, 34, 68, 'Asy-Syafatain', 'Mim', 3, 4, 3),
(7, 24, 34, 67, 'Asy-Syafatain', 'Wawu', 4, 3, 3),
(8, 24, 34, 66, 'Al-Lisan', 'Ta', 3, 4, 3),
(9, 24, 34, 65, 'Al-Lisan', 'Tsa', 3, 3, 3),
(10, 24, 34, 64, 'Al-Lisan', 'Jim', 3, 2, 3),
(11, 24, 34, 63, 'Al-Lisan', 'Dal', 3, 3, 3),
(12, 24, 34, 62, 'Al-Lisan', 'Dzal', 3, 3, 3),
(13, 24, 34, 61, 'Al-Lisan', 'Ro', 3, 4, 2),
(14, 24, 34, 60, 'Al-Lisan', 'Zayy', 3, 4, 3),
(15, 24, 34, 59, 'Al-Lisan', 'Sin', 3, 3, 3),
(16, 24, 34, 58, 'Al-Lisan', 'Syin', 3, 3, 3),
(17, 24, 34, 58, 'Al-Lisan', 'Syin', 3, 3, 3),
(18, 24, 34, 57, 'Al-Lisan', 'Shod', 3, 2, 3),
(19, 24, 34, 56, 'Al-Lisan', 'Dhod', 3, 3, 3),
(20, 24, 34, 55, 'Al-Lisan', 'Tho', 3, 4, 3),
(21, 24, 34, 54, 'Al-Lisan', 'Zho', 3, 4, 2),
(22, 24, 34, 53, 'Al-Lisan', 'Qof', 3, 2, 3),
(23, 24, 34, 52, 'Al-Lisan', 'Kaf', 4, 3, 3),
(24, 24, 34, 51, 'Al-Lisan', 'Lam', 3, 3, 3),
(25, 24, 34, 50, 'Al-Lisan', 'Nun', 3, 2, 3),
(26, 24, 34, 50, 'Al-Lisan', 'Nun', 3, 2, 3),
(27, 24, 34, 50, 'Al-Lisan', 'Nun', 3, 2, 3),
(28, 24, 34, 49, 'Al-Lisan', 'Ya', 3, 2, 3),
(29, 24, 34, 48, 'Al-Halq', 'Ha', 3, 2, 3),
(30, 24, 34, 47, 'Al-Halq', 'Kho', 3, 3, 2),
(31, 24, 34, 46, 'Al-Halq', 'Ain', 3, 3, 3),
(32, 24, 34, 45, 'Al-Halq', 'Ghoin', 3, 2, 3),
(33, 23, 34, 105, 'Al-Khaisyum', 'Mim', 3, 3, 3),
(34, 23, 34, 104, 'Al-Khaisyum', 'Nun', 3, 3, 3),
(35, 23, 34, 103, 'Asy-Syafatain', 'Ba', 2, 3, 3),
(36, 23, 34, 102, 'Asy-Syafatain', 'Fa', 3, 2, 3),
(37, 23, 34, 101, 'Asy-Syafatain', 'Mim', 4, 3, 2),
(38, 23, 34, 100, 'Asy-Syafatain', 'Wawu', 3, 2, 3),
(39, 23, 34, 99, 'Al-Lisan', 'Ta', 3, 2, 3),
(40, 23, 34, 98, 'Al-Lisan', 'Tsa', 3, 4, 3),
(41, 34, 23, 7, 'Al-Jauf', 'Ya', 3, 2, 4),
(42, 23, 34, 97, 'Al-Lisan', 'Jim', 3, 3, 2),
(43, 34, 23, 8, 'Al-Jauf', 'Wawu', 2, 2, 3),
(44, 34, 23, 9, 'Al-Jauf', 'Alif', 3, 3, 3),
(45, 23, 34, 96, 'Al-Lisan', 'Dal', 3, 2, 2),
(46, 34, 23, 10, 'Al-Halq', 'Hamzah', 3, 2, 4),
(47, 23, 34, 95, 'Al-Lisan', 'Ya', 3, 2, 3),
(48, 34, 23, 11, 'Al-Halq', 'Haa', 3, 3, 4),
(49, 23, 34, 94, 'Al-Lisan', 'Nun', 3, 2, 4),
(50, 23, 34, 93, 'Al-Lisan', 'Lam', 2, 3, 4),
(51, 23, 34, 92, 'Al-Lisan', 'Kaf', 2, 3, 2),
(52, 23, 34, 91, 'Al-Lisan', 'Qof', 3, 2, 3),
(53, 34, 23, 12, 'Al-Halq', 'Ghoin', 3, 2, 4),
(54, 23, 34, 90, 'Al-Lisan', 'Zho', 3, 4, 2),
(55, 23, 34, 89, 'Al-Lisan', 'Tho', 3, 4, 2),
(56, 23, 34, 88, 'Al-Lisan', 'Dhod', 3, 3, 3),
(57, 23, 34, 87, 'Al-Lisan', 'Shod', 3, 2, 3),
(58, 34, 23, 13, 'Al-Halq', 'Ain', 2, 2, 4),
(59, 23, 34, 86, 'Al-Lisan', 'Dzal', 3, 4, 3),
(60, 23, 34, 85, 'Al-Lisan', 'Ro', 2, 3, 4),
(61, 23, 34, 84, 'Al-Lisan', 'Zayy', 2, 3, 3),
(62, 34, 23, 14, 'Al-Halq', 'Kho', 3, 3, 3),
(63, 34, 23, 15, 'Al-Halq', 'Ha', 2, 3, 4),
(64, 34, 23, 16, 'Al-Lisan', 'Ya', 4, 3, 4),
(65, 23, 34, 83, 'Al-Lisan', 'Sin', 3, 4, 2),
(66, 23, 34, 82, 'Al-Lisan', 'Syin', 4, 3, 2),
(67, 23, 34, 81, 'Al-Halq', 'Ha', 2, 3, 2),
(68, 23, 34, 80, 'Al-Halq', 'Kho', 1, 3, 2),
(69, 34, 23, 17, 'Al-Lisan', 'Nun', 3, 2, 3),
(70, 23, 34, 79, 'Al-Halq', 'Ain', 3, 2, 3),
(71, 34, 23, 18, 'Al-Lisan', 'Lam', 3, 3, 3),
(72, 23, 34, 78, 'Al-Halq', 'Ghoin', 3, 2, 4),
(73, 23, 34, 77, 'Al-Halq', 'Haa', 2, 3, 3),
(74, 34, 23, 19, 'Al-Lisan', 'Kaf', 3, 3, 4),
(75, 23, 34, 76, 'Al-Halq', 'Hamzah', 2, 3, 3),
(76, 23, 34, 75, 'Al-Jauf', 'Ya', 2, 3, 3),
(77, 34, 23, 20, 'Al-Lisan', 'Qof', 2, 2, 4),
(78, 23, 34, 74, 'Al-Jauf', 'Wawu', 3, 4, 3),
(79, 23, 34, 73, 'Al-Jauf', 'Alif', 3, 3, 3),
(80, 34, 23, 21, 'Al-Lisan', 'Zho', 3, 3, 3),
(81, 34, 23, 22, 'Al-Lisan', 'Tho', 3, 3, 2),
(82, 34, 23, 23, 'Al-Lisan', 'Dhod', 3, 2, 2),
(83, 24, 34, 44, 'Al-Halq', 'Haa', 3, 2, 3),
(84, 24, 34, 43, 'Al-Halq', 'Hamzah', 3, 3, 3),
(85, 34, 23, 24, 'Al-Lisan', 'Shod', 3, 3, 3),
(86, 34, 23, 25, 'Al-Lisan', 'Syin', 3, 3, 2),
(87, 34, 23, 26, 'Al-Lisan', 'Sin', 3, 3, 4),
(88, 34, 23, 27, 'Al-Lisan', 'Zayy', 3, 3, 3),
(89, 34, 23, 28, 'Al-Lisan', 'Ro', 3, 3, 3),
(90, 34, 23, 29, 'Al-Lisan', 'Dzal', 2, 2, 3),
(91, 34, 23, 30, 'Al-Lisan', 'Dal', 3, 3, 3),
(92, 34, 23, 31, 'Al-Lisan', 'Jim', 3, 3, 2),
(93, 34, 23, 32, 'Al-Lisan', 'Tsa', 3, 3, 2),
(94, 34, 23, 33, 'Al-Lisan', 'Ta', 3, 3, 3),
(95, 34, 23, 34, 'Asy-Syafatain', 'Wawu', 3, 3, 3),
(96, 34, 23, 35, 'Asy-Syafatain', 'Mim', 3, 3, 3),
(97, 34, 23, 36, 'Asy-Syafatain', 'Fa', 3, 4, 3),
(98, 34, 23, 38, 'Al-Khaisyum', 'Nun', 3, 3, 3),
(99, 34, 23, 39, 'Al-Khaisyum', 'Mim', 3, 3, 3),
(100, 33, 34, 138, 'Al-Khaisyum', 'Mim', 3, 3, 3),
(101, 33, 34, 137, 'Al-Khaisyum', 'Nun', 3, 4, 2),
(102, 33, 34, 136, 'Asy-Syafatain', 'Ba', 3, 3, 3),
(103, 33, 34, 135, 'Asy-Syafatain', 'Fa', 3, 3, 2),
(104, 33, 34, 134, 'Asy-Syafatain', 'Mim', 4, 3, 3),
(105, 33, 34, 133, 'Asy-Syafatain', 'Wawu', 2, 3, 3),
(106, 33, 34, 132, 'Al-Lisan', 'Ta', 2, 2, 3),
(107, 33, 34, 131, 'Al-Lisan', 'Tsa', 3, 2, 2),
(108, 33, 34, 130, 'Al-Lisan', 'Jim', 3, 2, 2),
(109, 33, 34, 129, 'Al-Lisan', 'Dal', 3, 2, 2),
(110, 33, 34, 128, 'Al-Lisan', 'Dzal', 3, 3, 3),
(111, 33, 34, 127, 'Al-Lisan', 'Ro', 2, 4, 3),
(112, 33, 34, 126, 'Al-Lisan', 'Zayy', 3, 4, 3),
(113, 33, 34, 125, 'Al-Lisan', 'Sin', 3, 3, 4),
(114, 34, 33, 7, 'Al-Jauf', 'Ya', 3, 3, 3),
(115, 33, 34, 124, 'Al-Lisan', 'Syin', 3, 2, 3),
(116, 33, 34, 123, 'Al-Lisan', 'Shod', 3, 2, 4),
(117, 34, 33, 8, 'Al-Jauf', 'Wawu', 3, 3, 3),
(118, 33, 34, 122, 'Al-Lisan', 'Dhod', 4, 3, 2),
(119, 33, 34, 122, 'Al-Lisan', 'Dhod', 4, 3, 2),
(120, 33, 34, 121, 'Al-Lisan', 'Tho', 3, 2, 3),
(121, 33, 34, 120, 'Al-Lisan', 'Zho', 3, 3, 4),
(122, 34, 33, 9, 'Al-Jauf', 'Alif', 3, 3, 3),
(123, 33, 34, 119, 'Al-Lisan', 'Qof', 2, 3, 3),
(124, 34, 33, 10, 'Al-Halq', 'Hamzah', 3, 3, 3),
(125, 33, 34, 118, 'Al-Lisan', 'Kaf', 3, 3, 3),
(126, 33, 34, 117, 'Al-Lisan', 'Lam', 3, 2, 3),
(127, 33, 34, 116, 'Al-Lisan', 'Nun', 3, 3, 2),
(128, 33, 34, 116, 'Al-Lisan', 'Nun', 3, 3, 2),
(129, 33, 34, 115, 'Al-Lisan', 'Ya', 3, 4, 3),
(130, 33, 34, 114, 'Al-Halq', 'Ha', 3, 3, 2),
(131, 33, 34, 113, 'Al-Halq', 'Kho', 3, 3, 2),
(132, 33, 34, 112, 'Al-Halq', 'Ain', 3, 2, 3),
(133, 33, 34, 111, 'Al-Halq', 'Ghoin', 3, 2, 3),
(134, 33, 34, 110, 'Al-Halq', 'Haa', 3, 3, 3),
(135, 23, 33, 105, 'Al-Khaisyum', 'Mim', 3, 3, 3),
(136, 23, 33, 104, 'Al-Khaisyum', 'Nun', 3, 3, 3),
(137, 33, 34, 109, 'Al-Halq', 'Hamzah', 2, 3, 3),
(138, 24, 23, 40, 'Al-Jauf', 'Ya', 3, 3, 3),
(139, 24, 23, 41, 'Al-Jauf', 'Wawu', 3, 2, 3),
(140, 24, 23, 42, 'Al-Jauf', 'Alif', 2, 2, 3),
(141, 33, 34, 108, 'Al-Jauf', 'Ya', 3, 3, 3),
(142, 23, 33, 103, 'Asy-Syafatain', 'Ba', 3, 3, 3),
(143, 24, 23, 43, 'Al-Halq', 'Hamzah', 3, 2, 3),
(144, 23, 33, 102, 'Asy-Syafatain', 'Fa', 4, 3, 3),
(145, 24, 23, 44, 'Al-Halq', 'Haa', 3, 3, 4),
(146, 23, 33, 101, 'Asy-Syafatain', 'Mim', 2, 3, 3),
(147, 33, 34, 107, 'Al-Jauf', 'Wawu', 3, 3, 4),
(148, 23, 33, 100, 'Asy-Syafatain', 'Wawu', 3, 2, 3),
(149, 33, 34, 106, 'Al-Jauf', 'Alif', 3, 3, 2),
(150, 23, 33, 99, 'Al-Lisan', 'Ta', 3, 3, 3),
(151, 23, 33, 98, 'Al-Lisan', 'Tsa', 3, 3, 3),
(152, 24, 23, 45, 'Al-Halq', 'Ghoin', 3, 3, 3),
(153, 23, 33, 97, 'Al-Lisan', 'Jim', 4, 3, 3),
(154, 23, 33, 96, 'Al-Lisan', 'Dal', 2, 3, 3),
(155, 24, 23, 46, 'Al-Halq', 'Ain', 2, 2, 3),
(156, 23, 33, 95, 'Al-Lisan', 'Ya', 3, 2, 3),
(157, 23, 33, 94, 'Al-Lisan', 'Nun', 3, 3, 3),
(158, 24, 23, 47, 'Al-Halq', 'Kho', 3, 3, 3),
(159, 24, 23, 48, 'Al-Halq', 'Ha', 3, 2, 2),
(160, 24, 23, 49, 'Al-Lisan', 'Ya', 2, 2, 3),
(161, 23, 33, 93, 'Al-Lisan', 'Lam', 3, 3, 3),
(162, 24, 23, 50, 'Al-Lisan', 'Nun', 3, 3, 4),
(163, 24, 23, 51, 'Al-Lisan', 'Lam', 3, 3, 3),
(164, 23, 33, 92, 'Al-Lisan', 'Kaf', 3, 2, 3),
(165, 24, 23, 52, 'Al-Lisan', 'Kaf', 3, 2, 3),
(166, 23, 33, 91, 'Al-Lisan', 'Qof', 3, 3, 3),
(167, 24, 23, 53, 'Al-Lisan', 'Qof', 2, 3, 3),
(168, 23, 33, 90, 'Al-Lisan', 'Zho', 2, 3, 3),
(169, 23, 33, 89, 'Al-Lisan', 'Tho', 3, 3, 2),
(170, 23, 33, 88, 'Al-Lisan', 'Dhod', 3, 3, 3),
(171, 24, 23, 54, 'Al-Lisan', 'Zho', 2, 3, 3),
(172, 23, 33, 87, 'Al-Lisan', 'Shod', 3, 3, 3),
(173, 24, 23, 55, 'Al-Lisan', 'Tho', 2, 3, 3),
(174, 23, 33, 86, 'Al-Lisan', 'Dzal', 2, 2, 3),
(175, 24, 23, 56, 'Al-Lisan', 'Dhod', 2, 2, 3),
(176, 23, 33, 85, 'Al-Lisan', 'Ro', 3, 3, 3),
(177, 24, 23, 57, 'Al-Lisan', 'Shod', 3, 3, 3),
(178, 23, 33, 84, 'Al-Lisan', 'Zayy', 2, 3, 3),
(179, 24, 23, 58, 'Al-Lisan', 'Syin', 3, 2, 2),
(180, 23, 33, 83, 'Al-Lisan', 'Sin', 3, 3, 2),
(181, 23, 33, 82, 'Al-Lisan', 'Syin', 3, 3, 3),
(182, 24, 23, 59, 'Al-Lisan', 'Sin', 3, 3, 3),
(183, 23, 33, 81, 'Al-Halq', 'Ha', 3, 3, 3),
(184, 24, 23, 60, 'Al-Lisan', 'Zayy', 3, 2, 2),
(185, 23, 33, 79, 'Al-Halq', 'Ain', 2, 2, 3),
(186, 23, 33, 78, 'Al-Halq', 'Ghoin', 3, 3, 3),
(187, 24, 23, 61, 'Al-Lisan', 'Ro', 3, 1, 3),
(188, 23, 33, 77, 'Al-Halq', 'Haa', 2, 3, 3),
(189, 24, 23, 62, 'Al-Lisan', 'Dzal', 2, 2, 3),
(190, 23, 33, 76, 'Al-Halq', 'Hamzah', 3, 3, 2),
(191, 24, 23, 63, 'Al-Lisan', 'Dal', 2, 2, 3),
(192, 23, 33, 75, 'Al-Jauf', 'Ya', 3, 3, 3),
(193, 23, 33, 74, 'Al-Jauf', 'Wawu', 3, 3, 3),
(194, 24, 23, 64, 'Al-Lisan', 'Jim', 3, 3, 3),
(195, 24, 23, 65, 'Al-Lisan', 'Tsa', 3, 3, 3),
(196, 24, 33, 72, 'Al-Khaisyum', 'Mim', 3, 2, 3),
(197, 24, 33, 71, 'Al-Khaisyum', 'Nun', 3, 3, 3),
(198, 24, 33, 70, 'Asy-Syafatain', 'Ba', 2, 3, 3),
(199, 24, 23, 66, 'Al-Lisan', 'Ta', 3, 3, 3),
(200, 24, 33, 69, 'Asy-Syafatain', 'Fa', 3, 3, 2),
(201, 24, 23, 67, 'Asy-Syafatain', 'Wawu', 2, 2, 3),
(202, 24, 33, 68, 'Asy-Syafatain', 'Mim', 3, 3, 3),
(203, 24, 23, 68, 'Asy-Syafatain', 'Mim', 3, 3, 3),
(204, 24, 33, 67, 'Asy-Syafatain', 'Wawu', 3, 3, 3),
(205, 24, 33, 65, 'Al-Lisan', 'Tsa', 3, 2, 3),
(206, 24, 23, 69, 'Asy-Syafatain', 'Fa', 3, 2, 4),
(207, 24, 33, 64, 'Al-Lisan', 'Jim', 3, 3, 3),
(208, 24, 23, 70, 'Asy-Syafatain', 'Ba', 3, 3, 3),
(209, 24, 33, 63, 'Al-Lisan', 'Dal', 2, 3, 3),
(210, 24, 23, 71, 'Al-Khaisyum', 'Nun', 3, 3, 3),
(211, 24, 33, 62, 'Al-Lisan', 'Dzal', 3, 3, 2),
(212, 24, 33, 61, 'Al-Lisan', 'Ro', 3, 3, 3),
(213, 24, 23, 72, 'Al-Khaisyum', 'Mim', 3, 2, 3),
(214, 24, 33, 60, 'Al-Lisan', 'Zayy', 3, 3, 3),
(215, 24, 33, 58, 'Al-Lisan', 'Syin', 3, 2, 3),
(216, 24, 33, 57, 'Al-Lisan', 'Shod', 3, 3, 3),
(217, 24, 33, 56, 'Al-Lisan', 'Dhod', 2, 3, 3),
(218, 24, 33, 55, 'Al-Lisan', 'Tho', 3, 3, 2),
(219, 24, 33, 54, 'Al-Lisan', 'Zho', 3, 3, 3),
(220, 24, 33, 53, 'Al-Lisan', 'Qof', 3, 3, 3),
(221, 24, 33, 51, 'Al-Lisan', 'Lam', 3, 2, 3),
(222, 24, 33, 50, 'Al-Lisan', 'Nun', 3, 3, 3),
(223, 24, 33, 49, 'Al-Lisan', 'Ya', 2, 3, 3),
(224, 24, 33, 48, 'Al-Halq', 'Ha', 3, 3, 2),
(225, 24, 33, 47, 'Al-Halq', 'Kho', 3, 3, 3),
(226, 24, 33, 46, 'Al-Halq', 'Ain', 3, 3, 3),
(227, 24, 33, 44, 'Al-Halq', 'Haa', 2, 2, 3),
(228, 24, 33, 43, 'Al-Halq', 'Hamzah', 3, 3, 3),
(229, 24, 33, 42, 'Al-Jauf', 'Alif', 2, 3, 3),
(230, 24, 33, 41, 'Al-Jauf', 'Wawu', 3, 3, 2),
(231, 24, 33, 40, 'Al-Jauf', 'Ya', 3, 3, 3),
(232, 34, 33, 39, 'Al-Khaisyum', 'Mim', 3, 3, 3),
(233, 34, 33, 37, 'Asy-Syafatain', 'Ba', 3, 3, 3),
(234, 23, 33, 80, 'Al-Halq', 'Kho', 2, 2, 3),
(235, 23, 33, 73, 'Al-Jauf', 'Alif', 3, 3, 3),
(236, 24, 33, 66, 'Al-Lisan', 'Ta', 2, 3, 3),
(237, 24, 33, 59, 'Al-Lisan', 'Sin', 3, 3, 2),
(238, 24, 33, 52, 'Al-Lisan', 'Kaf', 3, 3, 3),
(239, 24, 33, 45, 'Al-Halq', 'Ghoin', 3, 3, 3),
(240, 34, 33, 36, 'Asy-Syafatain', 'Fa', 2, 2, 3),
(241, 34, 33, 35, 'Asy-Syafatain', 'Mim', 3, 3, 3),
(242, 34, 33, 34, 'Asy-Syafatain', 'Wawu', 2, 3, 3),
(243, 33, 23, 106, 'Al-Jauf', 'Alif', 3, 2, 3),
(244, 34, 33, 33, 'Al-Lisan', 'Ta', 3, 3, 2),
(245, 34, 33, 32, 'Al-Lisan', 'Tsa', 3, 3, 3),
(246, 34, 33, 31, 'Al-Lisan', 'Jim', 3, 3, 3),
(247, 33, 23, 107, 'Al-Jauf', 'Wawu', 3, 3, 3),
(248, 34, 33, 29, 'Al-Lisan', 'Dzal', 2, 2, 3),
(249, 34, 33, 28, 'Al-Lisan', 'Ro', 3, 3, 3),
(250, 34, 33, 27, 'Al-Lisan', 'Zayy', 2, 3, 3),
(251, 33, 23, 108, 'Al-Jauf', 'Ya', 3, 2, 3),
(252, 34, 33, 26, 'Al-Lisan', 'Sin', 3, 3, 2),
(253, 33, 23, 109, 'Al-Halq', 'Hamzah', 3, 2, 2),
(254, 34, 33, 25, 'Al-Lisan', 'Syin', 3, 3, 3),
(255, 34, 33, 24, 'Al-Lisan', 'Shod', 3, 3, 3),
(256, 33, 23, 110, 'Al-Halq', 'Haa', 3, 2, 3),
(257, 34, 33, 22, 'Al-Lisan', 'Tho', 2, 2, 3),
(258, 34, 33, 21, 'Al-Lisan', 'Zho', 3, 3, 3),
(259, 33, 23, 111, 'Al-Halq', 'Ghoin', 2, 2, 3),
(260, 34, 33, 20, 'Al-Lisan', 'Qof', 2, 3, 3),
(261, 33, 23, 112, 'Al-Halq', 'Ain', 3, 3, 3),
(262, 34, 33, 19, 'Al-Lisan', 'Kaf', 3, 3, 2),
(263, 34, 33, 18, 'Al-Lisan', 'Lam', 3, 3, 3),
(264, 34, 33, 17, 'Al-Lisan', 'Nun', 3, 3, 3),
(265, 33, 23, 113, 'Al-Halq', 'Kho', 3, 3, 2),
(266, 34, 33, 15, 'Al-Halq', 'Ha', 2, 2, 3),
(267, 33, 23, 114, 'Al-Halq', 'Ha', 3, 3, 3),
(268, 34, 33, 14, 'Al-Halq', 'Kho', 3, 3, 3),
(269, 33, 23, 115, 'Al-Lisan', 'Ya', 3, 2, 3),
(270, 34, 33, 13, 'Al-Halq', 'Ain', 2, 3, 3),
(271, 34, 33, 12, 'Al-Halq', 'Ghoin', 3, 3, 2),
(272, 33, 23, 116, 'Al-Lisan', 'Nun', 3, 3, 3),
(273, 34, 33, 11, 'Al-Halq', 'Haa', 3, 3, 3),
(274, 34, 33, 38, 'Al-Khaisyum', 'Nun', 3, 3, 3),
(275, 33, 23, 117, 'Al-Lisan', 'Lam', 3, 3, 3),
(276, 34, 33, 23, 'Al-Lisan', 'Dhod', 2, 2, 3),
(277, 33, 23, 118, 'Al-Lisan', 'Kaf', 2, 2, 3),
(278, 34, 33, 16, 'Al-Lisan', 'Ya', 3, 3, 3),
(279, 33, 23, 119, 'Al-Lisan', 'Qof', 3, 3, 3),
(280, 34, 33, 30, 'Al-Lisan', 'Dal', 2, 3, 3),
(281, 33, 23, 120, 'Al-Lisan', 'Zho', 3, 3, 3),
(282, 33, 23, 121, 'Al-Lisan', 'Tho', 3, 3, 3),
(283, 33, 23, 122, 'Al-Lisan', 'Dhod', 3, 3, 3),
(284, 33, 23, 123, 'Al-Lisan', 'Shod', 3, 3, 2),
(285, 33, 23, 124, 'Al-Lisan', 'Syin', 3, 3, 2),
(286, 33, 23, 125, 'Al-Lisan', 'Sin', 3, 2, 3),
(287, 33, 23, 126, 'Al-Lisan', 'Zayy', 3, 2, 3),
(288, 33, 23, 127, 'Al-Lisan', 'Ro', 3, 3, 3),
(289, 33, 23, 128, 'Al-Lisan', 'Dzal', 2, 3, 2),
(290, 33, 23, 129, 'Al-Lisan', 'Dal', 3, 3, 3),
(291, 33, 23, 130, 'Al-Lisan', 'Jim', 2, 2, 3),
(292, 33, 23, 131, 'Al-Lisan', 'Tsa', 3, 3, 3),
(293, 33, 23, 132, 'Al-Lisan', 'Ta', 3, 3, 3),
(294, 33, 23, 133, 'Asy-Syafatain', 'Wawu', 3, 3, 3),
(295, 33, 23, 134, 'Asy-Syafatain', 'Mim', 3, 3, 3),
(296, 33, 23, 135, 'Asy-Syafatain', 'Fa', 2, 2, 3),
(297, 33, 23, 136, 'Asy-Syafatain', 'Ba', 3, 3, 3),
(298, 33, 23, 137, 'Al-Khaisyum', 'Nun', 3, 3, 3),
(299, 33, 23, 138, 'Al-Khaisyum', 'Mim', 3, 3, 3),
(300, 33, 24, 138, 'Al-Khaisyum', 'Mim', 3, 2, 3),
(301, 33, 24, 137, 'Al-Khaisyum', 'Nun', 3, 3, 3),
(302, 33, 24, 136, 'Asy-Syafatain', 'Ba', 4, 3, 3),
(303, 33, 24, 135, 'Asy-Syafatain', 'Fa', 3, 2, 4),
(304, 33, 24, 134, 'Asy-Syafatain', 'Mim', 3, 3, 3),
(305, 33, 24, 133, 'Asy-Syafatain', 'Wawu', 3, 3, 3),
(306, 33, 24, 132, 'Al-Lisan', 'Ta', 3, 2, 3),
(307, 33, 24, 131, 'Al-Lisan', 'Tsa', 3, 3, 3),
(308, 33, 24, 130, 'Al-Lisan', 'Jim', 3, 3, 4),
(309, 33, 24, 129, 'Al-Lisan', 'Dal', 3, 3, 3),
(310, 33, 24, 128, 'Al-Lisan', 'Dzal', 3, 3, 3),
(311, 33, 24, 127, 'Al-Lisan', 'Ro', 3, 3, 4),
(312, 33, 24, 126, 'Al-Lisan', 'Zayy', 3, 2, 3),
(313, 33, 24, 125, 'Al-Lisan', 'Sin', 3, 3, 3),
(314, 33, 24, 124, 'Al-Lisan', 'Syin', 3, 2, 3),
(315, 33, 24, 124, 'Al-Lisan', 'Syin', 3, 2, 3),
(316, 33, 24, 123, 'Al-Lisan', 'Shod', 3, 2, 4),
(317, 33, 24, 122, 'Al-Lisan', 'Dhod', 3, 2, 3),
(318, 33, 24, 121, 'Al-Lisan', 'Tho', 3, 3, 3),
(319, 33, 24, 121, 'Al-Lisan', 'Tho', 3, 3, 3),
(320, 33, 24, 120, 'Al-Lisan', 'Zho', 3, 3, 3),
(321, 33, 24, 119, 'Al-Lisan', 'Qof', 3, 3, 4),
(322, 33, 24, 118, 'Al-Lisan', 'Kaf', 3, 2, 4),
(323, 33, 24, 117, 'Al-Lisan', 'Lam', 3, 3, 4),
(324, 33, 24, 116, 'Al-Lisan', 'Nun', 3, 3, 3),
(325, 33, 24, 115, 'Al-Lisan', 'Ya', 3, 3, 3),
(326, 33, 24, 114, 'Al-Halq', 'Ha', 3, 3, 3),
(327, 33, 24, 113, 'Al-Halq', 'Kho', 3, 3, 4),
(328, 33, 24, 112, 'Al-Halq', 'Ain', 3, 3, 3),
(329, 33, 24, 111, 'Al-Halq', 'Ghoin', 4, 3, 4),
(330, 33, 24, 110, 'Al-Halq', 'Haa', 3, 3, 4),
(331, 33, 24, 109, 'Al-Halq', 'Hamzah', 3, 3, 3),
(332, 33, 24, 108, 'Al-Jauf', 'Ya', 3, 3, 4),
(333, 33, 24, 107, 'Al-Jauf', 'Wawu', 4, 2, 3),
(334, 33, 24, 106, 'Al-Jauf', 'Alif', 3, 2, 3),
(335, 23, 24, 105, 'Al-Khaisyum', 'Mim', 3, 2, 4),
(336, 23, 24, 104, 'Al-Khaisyum', 'Nun', 3, 3, 3),
(337, 23, 24, 103, 'Asy-Syafatain', 'Ba', 3, 2, 3),
(338, 23, 24, 102, 'Asy-Syafatain', 'Fa', 3, 3, 4),
(339, 23, 24, 101, 'Asy-Syafatain', 'Mim', 4, 2, 4),
(340, 23, 24, 100, 'Asy-Syafatain', 'Wawu', 3, 3, 3),
(341, 23, 24, 99, 'Al-Lisan', 'Ta', 2, 3, 4),
(342, 23, 24, 98, 'Al-Lisan', 'Tsa', 3, 3, 3),
(343, 23, 24, 97, 'Al-Lisan', 'Jim', 3, 3, 4),
(344, 23, 24, 96, 'Al-Lisan', 'Dal', 3, 3, 3),
(345, 23, 24, 95, 'Al-Lisan', 'Ya', 3, 3, 4),
(346, 23, 24, 94, 'Al-Lisan', 'Nun', 3, 2, 3),
(347, 23, 24, 93, 'Al-Lisan', 'Lam', 3, 2, 2),
(348, 23, 24, 92, 'Al-Lisan', 'Kaf', 3, 3, 3),
(349, 23, 24, 91, 'Al-Lisan', 'Qof', 3, 3, 3),
(350, 23, 24, 90, 'Al-Lisan', 'Zho', 3, 3, 3),
(351, 23, 24, 89, 'Al-Lisan', 'Tho', 3, 2, 3),
(352, 23, 24, 88, 'Al-Lisan', 'Dhod', 3, 2, 3),
(353, 23, 24, 87, 'Al-Lisan', 'Shod', 3, 3, 3),
(354, 23, 24, 86, 'Al-Lisan', 'Dzal', 3, 2, 3),
(355, 23, 24, 85, 'Al-Lisan', 'Ro', 2, 3, 3),
(356, 23, 24, 84, 'Al-Lisan', 'Zayy', 3, 3, 3),
(357, 23, 24, 83, 'Al-Lisan', 'Sin', 3, 3, 3),
(358, 23, 24, 82, 'Al-Lisan', 'Syin', 3, 3, 3),
(359, 23, 24, 81, 'Al-Halq', 'Ha', 3, 3, 3),
(360, 23, 24, 80, 'Al-Halq', 'Kho', 3, 3, 3),
(361, 23, 24, 79, 'Al-Halq', 'Ain', 3, 2, 4),
(362, 23, 24, 78, 'Al-Halq', 'Ghoin', 3, 3, 3),
(363, 23, 24, 77, 'Al-Halq', 'Haa', 3, 3, 3),
(364, 23, 24, 76, 'Al-Halq', 'Hamzah', 3, 3, 3),
(365, 23, 24, 75, 'Al-Jauf', 'Ya', 3, 3, 3),
(366, 23, 24, 74, 'Al-Jauf', 'Wawu', 3, 3, 3),
(367, 23, 24, 73, 'Al-Jauf', 'Alif', 3, 3, 3),
(368, 34, 24, 39, 'Al-Khaisyum', 'Mim', 3, 3, 3),
(369, 34, 24, 38, 'Al-Khaisyum', 'Nun', 3, 2, 4),
(370, 34, 24, 37, 'Asy-Syafatain', 'Ba', 2, 3, 4),
(371, 34, 24, 36, 'Asy-Syafatain', 'Fa', 3, 3, 3),
(372, 34, 24, 35, 'Asy-Syafatain', 'Mim', 3, 3, 4),
(373, 34, 24, 34, 'Asy-Syafatain', 'Wawu', 3, 2, 2),
(374, 34, 24, 33, 'Al-Lisan', 'Ta', 3, 3, 3),
(375, 34, 24, 32, 'Al-Lisan', 'Tsa', 3, 3, 3),
(376, 34, 24, 31, 'Al-Lisan', 'Jim', 3, 3, 3),
(377, 34, 24, 30, 'Al-Lisan', 'Dal', 3, 3, 3),
(378, 34, 24, 29, 'Al-Lisan', 'Dzal', 3, 3, 3),
(379, 34, 24, 28, 'Al-Lisan', 'Ro', 3, 3, 3),
(380, 34, 24, 27, 'Al-Lisan', 'Zayy', 3, 3, 3),
(381, 34, 24, 26, 'Al-Lisan', 'Sin', 3, 3, 3),
(382, 34, 24, 25, 'Al-Lisan', 'Syin', 3, 3, 3),
(383, 34, 24, 24, 'Al-Lisan', 'Shod', 3, 3, 3),
(384, 34, 24, 23, 'Al-Lisan', 'Dhod', 3, 3, 3),
(385, 34, 24, 22, 'Al-Lisan', 'Tho', 3, 3, 4),
(386, 34, 24, 21, 'Al-Lisan', 'Zho', 3, 3, 3),
(387, 34, 24, 20, 'Al-Lisan', 'Qof', 3, 3, 3),
(388, 34, 24, 19, 'Al-Lisan', 'Kaf', 3, 3, 4),
(389, 34, 24, 18, 'Al-Lisan', 'Lam', 3, 3, 3),
(390, 34, 24, 17, 'Al-Lisan', 'Nun', 3, 3, 3),
(391, 34, 24, 16, 'Al-Lisan', 'Ya', 3, 3, 3),
(392, 34, 24, 15, 'Al-Halq', 'Ha', 3, 2, 3),
(393, 34, 24, 14, 'Al-Halq', 'Kho', 3, 3, 4),
(394, 34, 24, 13, 'Al-Halq', 'Ain', 3, 2, 3),
(395, 34, 24, 12, 'Al-Halq', 'Ghoin', 4, 3, 4),
(396, 34, 24, 11, 'Al-Halq', 'Haa', 3, 3, 4),
(397, 34, 24, 10, 'Al-Halq', 'Hamzah', 3, 3, 4),
(398, 34, 24, 9, 'Al-Jauf', 'Alif', 3, 4, 4),
(399, 34, 24, 8, 'Al-Jauf', 'Wawu', 3, 2, 4),
(400, 34, 24, 7, 'Al-Jauf', 'Ya', 3, 3, 3),
(401, 24, 34, 40, 'Al-Jauf', 'Ya', 3, 3, 2),
(402, 24, 34, 41, 'Al-Jauf', 'Wawu', 3, 2, 3),
(403, 24, 34, 42, 'Al-Jauf', 'Alif', 2, 3, 3),
(404, 8, 7, 140, 'Al-Halq', 'Kho', 3, 2, 3),
(405, 6, 23, 143, 'Al-Jauf', 'Wawu', 1, 1, 1),
(406, 6, 23, 142, 'Al-Jauf', 'Wawu', 1, 4, 3),
(407, 40, 45, 173, 'Al-Halq', 'Ha', 3, 2, 3),
(408, 38, 34, 185, 'Al-Halq', 'Ha', 3, 2, 3),
(409, 38, 36, 185, 'Al-Halq', 'Ha', 3, 2, 3),
(410, 38, 37, 185, 'Al-Halq', 'Ha', 2, 2, 3),
(411, 38, 39, 185, 'Al-Halq', 'Ha', 2, 2, 2),
(412, 38, 39, 185, 'Al-Halq', 'Ha', 2, 2, 2),
(413, 38, 40, 185, 'Al-Halq', 'Ha', 3, 2, 2),
(414, 38, 42, 185, 'Al-Halq', 'Ha', 3, 2, 4),
(415, 38, 43, 185, 'Al-Halq', 'Ha', 2, 2, 2),
(416, 38, 24, 185, 'Al-Halq', 'Ha', 3, 3, 3);

-- --------------------------------------------------------

--
-- Table structure for table `ranking`
--

CREATE TABLE `ranking` (
  `id` int(11) NOT NULL,
  `id_user` int(11) NOT NULL,
  `video_materi` char(20) NOT NULL,
  `video_submateri` char(20) NOT NULL,
  `nilai_akhir` float NOT NULL,
  `jumlah_video` int(11) NOT NULL,
  `jumlah_penilai` int(11) NOT NULL
) ENGINE=InnoDB DEFAULT CHARSET=latin1;

--
-- Dumping data for table `ranking`
--

INSERT INTO `ranking` (`id`, `id_user`, `video_materi`, `video_submateri`, `nilai_akhir`, `jumlah_video`, `jumlah_penilai`) VALUES
(1, 34, 'Asy-Syafatain', 'Ba', 2.66667, 1, 3),
(2, 24, 'Al-Lisan', 'Ta', 3, 1, 3),
(3, 24, 'Al-Lisan', 'Tsa', 2.88889, 1, 3),
(4, 24, 'Al-Lisan', 'Jim', 2.88889, 1, 3),
(5, 24, 'Al-Lisan', 'Dal', 2.66667, 1, 3),
(6, 24, 'Al-Lisan', 'Dzal', 2.66667, 1, 3),
(7, 24, 'Al-Lisan', 'Ro', 2.77778, 1, 3),
(8, 24, 'Al-Lisan', 'Zayy', 2.88889, 1, 3),
(9, 24, 'Al-Lisan', 'Sin', 2.88889, 1, 3),
(10, 24, 'Al-Lisan', 'Syin', 2.75, 1, 4),
(11, 24, 'Al-Lisan', 'Shod', 2.88889, 1, 3),
(12, 24, 'Al-Lisan', 'Dhod', 2.66667, 1, 3),
(13, 24, 'Al-Lisan', 'Tho', 2.88889, 1, 3),
(14, 24, 'Al-Lisan', 'Zho', 2.88889, 1, 3),
(15, 24, 'Al-Lisan', 'Qof', 2.77778, 1, 3),
(16, 24, 'Al-Lisan', 'Kaf', 3, 1, 3),
(17, 24, 'Al-Lisan', 'Lam', 2.88889, 1, 3),
(18, 24, 'Asy-Syafatain', 'Ba', 3, 1, 3),
(19, 24, 'Asy-Syafatain', 'Fa', 3, 1, 3),
(20, 24, 'Asy-Syafatain', 'Mim', 3.11111, 1, 3),
(21, 24, 'Asy-Syafatain', 'Wawu', 2.88889, 1, 3),
(22, 24, 'Al-Khaisyum', 'Mim', 2.77778, 1, 3),
(23, 24, 'Al-Khaisyum', 'Nun', 2.88889, 1, 3),
(24, 24, 'Al-Halq', 'Ha', 2.55556, 1, 3),
(25, 24, 'Al-Halq', 'Kho', 2.88889, 1, 3),
(26, 24, 'Al-Halq', 'Ain', 2.77778, 1, 3),
(27, 24, 'Al-Halq', 'Ghoin', 2.88889, 1, 3),
(28, 24, 'Al-Lisan', 'Nun', 2.86667, 1, 5),
(29, 24, 'Al-Lisan', 'Ya', 2.55556, 1, 3),
(30, 23, 'Al-Jauf', 'Alif', 3, 1, 3),
(31, 23, 'Al-Jauf', 'Wawu', 3.11111, 1, 3),
(32, 23, 'Al-Jauf', 'Ya', 2.88889, 1, 3),
(33, 23, 'Al-Halq', 'Ha', 2.77778, 1, 3),
(34, 23, 'Al-Halq', 'Kho', 2.44444, 1, 3),
(35, 23, 'Al-Halq', 'Ain', 2.66667, 1, 3),
(36, 23, 'Al-Halq', 'Ghoin', 3, 1, 3),
(37, 23, 'Al-Halq', 'Haa', 2.77778, 1, 3),
(38, 23, 'Al-Halq', 'Hamzah', 2.77778, 1, 3),
(39, 23, 'Al-Lisan', 'Ta', 2.88889, 1, 3),
(40, 23, 'Al-Lisan', 'Tsa', 3.11111, 1, 3),
(41, 23, 'Al-Lisan', 'Jim', 3.11111, 1, 3),
(42, 23, 'Al-Lisan', 'Dal', 2.66667, 1, 3),
(43, 23, 'Al-Lisan', 'Dzal', 2.77778, 1, 3),
(44, 23, 'Al-Lisan', 'Ro', 2.88889, 1, 3),
(45, 23, 'Al-Lisan', 'Zayy', 2.77778, 1, 3),
(46, 23, 'Al-Lisan', 'Sin', 2.88889, 1, 3),
(47, 23, 'Al-Lisan', 'Syin', 3, 1, 3),
(48, 23, 'Al-Lisan', 'Shod', 2.88889, 1, 3),
(49, 23, 'Al-Lisan', 'Dhod', 2.88889, 1, 3),
(50, 23, 'Al-Lisan', 'Tho', 2.77778, 1, 3),
(51, 23, 'Al-Lisan', 'Zho', 2.88889, 1, 3),
(52, 23, 'Al-Lisan', 'Qof', 2.88889, 1, 3),
(53, 23, 'Al-Lisan', 'Kaf', 2.66667, 1, 3),
(54, 23, 'Al-Lisan', 'Lam', 2.77778, 1, 3),
(55, 23, 'Al-Lisan', 'Nun', 2.88889, 1, 3),
(56, 23, 'Al-Lisan', 'Ya', 2.88889, 1, 3),
(57, 23, 'Asy-Syafatain', 'Ba', 2.77778, 1, 3),
(58, 23, 'Asy-Syafatain', 'Fa', 3.11111, 1, 3),
(59, 23, 'Asy-Syafatain', 'Mim', 3, 1, 3),
(60, 23, 'Asy-Syafatain', 'Wawu', 2.77778, 1, 3),
(61, 23, 'Al-Khaisyum', 'Mim', 3, 1, 3),
(62, 23, 'Al-Khaisyum', 'Nun', 3, 1, 3),
(63, 24, 'Al-Jauf', 'Alif', 2.55556, 1, 3),
(64, 24, 'Al-Jauf', 'Wawu', 2.66667, 1, 3),
(65, 24, 'Al-Jauf', 'Ya', 2.88889, 1, 3),
(66, 24, 'Al-Halq', 'Haa', 2.77778, 1, 3),
(67, 24, 'Al-Halq', 'Hamzah', 2.88889, 1, 3),
(68, 33, 'Al-Jauf', 'Alif', 2.66667, 1, 3),
(69, 33, 'Al-Jauf', 'Wawu', 3.11111, 1, 3),
(70, 33, 'Al-Jauf', 'Ya', 3, 1, 3),
(71, 33, 'Al-Halq', 'Ha', 2.88889, 1, 3),
(72, 33, 'Al-Halq', 'Kho', 2.88889, 1, 3),
(73, 33, 'Al-Halq', 'Ain', 2.88889, 1, 3),
(74, 33, 'Al-Halq', 'Ghoin', 2.88889, 1, 3),
(75, 33, 'Al-Halq', 'Haa', 3, 1, 3),
(76, 33, 'Al-Halq', 'Hamzah', 2.66667, 1, 3),
(77, 33, 'Al-Lisan', 'Ta', 2.66667, 1, 3),
(78, 33, 'Al-Lisan', 'Tsa', 2.77778, 1, 3),
(79, 33, 'Al-Lisan', 'Jim', 2.66667, 1, 3),
(80, 33, 'Al-Lisan', 'Dal', 2.77778, 1, 3),
(81, 33, 'Al-Lisan', 'Dzal', 2.77778, 1, 3),
(82, 33, 'Al-Lisan', 'Ro', 3.11111, 1, 3),
(83, 33, 'Al-Lisan', 'Zayy', 2.88889, 1, 3),
(84, 33, 'Al-Lisan', 'Sin', 3, 1, 3),
(85, 33, 'Al-Lisan', 'Syin', 2.66667, 1, 4),
(86, 33, 'Al-Lisan', 'Shod', 2.88889, 1, 3),
(87, 33, 'Al-Lisan', 'Dhod', 2.91667, 1, 4),
(88, 33, 'Al-Lisan', 'Tho', 2.91667, 1, 4),
(89, 33, 'Al-Lisan', 'Zho', 3.11111, 1, 3),
(90, 33, 'Al-Lisan', 'Qof', 3, 1, 3),
(91, 33, 'Al-Lisan', 'Kaf', 2.77778, 1, 3),
(92, 33, 'Al-Lisan', 'Lam', 3, 1, 3),
(93, 33, 'Al-Lisan', 'Nun', 2.83333, 1, 4),
(94, 33, 'Al-Lisan', 'Ya', 3, 1, 3),
(95, 33, 'Asy-Syafatain', 'Ba', 3.11111, 1, 3),
(96, 33, 'Asy-Syafatain', 'Fa', 2.66667, 1, 3),
(97, 33, 'Asy-Syafatain', 'Mim', 3.11111, 1, 3),
(98, 33, 'Asy-Syafatain', 'Wawu', 2.88889, 1, 3),
(99, 33, 'Al-Khaisyum', 'Mim', 2.88889, 1, 3),
(100, 33, 'Al-Khaisyum', 'Nun', 3, 1, 3),
(101, 34, 'Al-Jauf', 'Alif', 3.22222, 1, 3),
(102, 34, 'Al-Jauf', 'Wawu', 2.77778, 1, 3),
(103, 34, 'Al-Jauf', 'Ya', 3, 1, 3),
(104, 34, 'Al-Halq', 'Ha', 2.66667, 1, 3),
(105, 34, 'Al-Halq', 'Kho', 3.11111, 1, 3),
(106, 34, 'Al-Halq', 'Ain', 2.66667, 1, 3),
(107, 34, 'Al-Halq', 'Ghoin', 3.11111, 1, 3),
(108, 34, 'Al-Halq', 'Haa', 3.22222, 1, 3),
(109, 34, 'Al-Halq', 'Hamzah', 3.11111, 1, 3),
(110, 34, 'Al-Lisan', 'Ta', 2.88889, 1, 3),
(111, 34, 'Al-Lisan', 'Tsa', 2.88889, 1, 3),
(112, 34, 'Al-Lisan', 'Jim', 2.88889, 1, 3),
(113, 34, 'Al-Lisan', 'Dal', 2.88889, 1, 3),
(114, 34, 'Al-Lisan', 'Dzal', 2.55556, 1, 3),
(115, 34, 'Al-Lisan', 'Ro', 3, 1, 3),
(116, 34, 'Al-Lisan', 'Zayy', 2.88889, 1, 3),
(117, 34, 'Al-Lisan', 'Sin', 3, 1, 3),
(118, 34, 'Al-Lisan', 'Syin', 2.88889, 1, 3),
(119, 34, 'Al-Lisan', 'Shod', 3, 1, 3),
(120, 34, 'Al-Lisan', 'Dhod', 2.55556, 1, 3),
(121, 34, 'Al-Lisan', 'Tho', 2.77778, 1, 3),
(122, 34, 'Al-Lisan', 'Zho', 3, 1, 3),
(123, 34, 'Al-Lisan', 'Qof', 2.77778, 1, 3),
(124, 34, 'Al-Lisan', 'Kaf', 3.11111, 1, 3),
(125, 34, 'Al-Lisan', 'Lam', 3, 1, 3),
(126, 34, 'Al-Lisan', 'Nun', 2.88889, 1, 3),
(127, 34, 'Al-Lisan', 'Ya', 3.22222, 1, 3),
(128, 34, 'Asy-Syafatain', 'Fa', 2.88889, 1, 3),
(129, 34, 'Asy-Syafatain', 'Mim', 3.11111, 1, 3),
(130, 34, 'Asy-Syafatain', 'Wawu', 2.66667, 1, 3),
(131, 34, 'Al-Khaisyum', 'Mim', 3, 1, 3),
(132, 34, 'Al-Khaisyum', 'Nun', 3, 1, 3),
(133, 8, 'Al-Halq', 'Kho', 2.66667, 1, 1),
(134, 6, 'Al-Jauf', 'Wawu', 1.83333, 2, 2),
(135, 40, 'Al-Halq', 'Ha', 2.66667, 1, 1),
(136, 38, 'Al-Halq', 'Ha', 2.44444, 1, 9);

-- --------------------------------------------------------

--
-- Table structure for table `rekaman_evaluasi`
--

CREATE TABLE `rekaman_evaluasi` (
  `id` int(11) NOT NULL,
  `username` int(11) NOT NULL,
  `guru` int(11) DEFAULT NULL,
  `status` char(100) NOT NULL,
  `pesan_guru` varchar(300) CHARACTER SET utf8 COLLATE utf8_unicode_ci DEFAULT NULL,
  `nilai` tinyint(1) DEFAULT NULL,
  `video` text CHARACTER SET utf8 COLLATE utf8_unicode_ci NOT NULL
) ENGINE=InnoDB DEFAULT CHARSET=latin1;

--
-- Dumping data for table `rekaman_evaluasi`
--

INSERT INTO `rekaman_evaluasi` (`id`, `username`, `guru`, `status`, `pesan_guru`, `nilai`, `video`) VALUES
(1, 34, 3, 'Sudah diperiksa', 'Sudah Cukup Bagus', 80, 'faisalevaluasi.webm'),
(2, 24, 2, 'Sudah diperiksa', 'bagus', 80, 'hildaaaevaluasi.webm'),
(3, 23, 5, 'Sudah diperiksa', 'alhamdulillah, namun suaranya kurang keras', 80, 'iqbaleeevaluasi.webm'),
(4, 33, 4, 'Sudah diperiksa', 'Cukup baik', 80, 'rifqitrevaluasi.webm');

-- --------------------------------------------------------

--
-- Table structure for table `rekaman_tugas`
--

CREATE TABLE `rekaman_tugas` (
  `id` int(11) NOT NULL,
  `username` int(11) NOT NULL,
  `guru` int(11) DEFAULT NULL,
  `materi` tinyint(1) NOT NULL,
  `submateri` tinyint(1) NOT NULL,
  `status` char(100) NOT NULL,
  `pesan_guru` varchar(300) CHARACTER SET utf8 COLLATE utf8_unicode_ci DEFAULT NULL,
  `video` text CHARACTER SET utf8 COLLATE utf8_unicode_ci NOT NULL,
  `video_guru` text CHARACTER SET utf8 COLLATE utf8_unicode_ci DEFAULT NULL
) ENGINE=InnoDB DEFAULT CHARSET=latin1;

--
-- Dumping data for table `rekaman_tugas`
--

INSERT INTO `rekaman_tugas` (`id`, `username`, `guru`, `materi`, `submateri`, `status`, `pesan_guru`, `video`, `video_guru`) VALUES
(1, 24, 2, 1, 1, 'Sudah benar', 'bagus', 'hildaaaAl-JaufAlif.webm', NULL),
(2, 24, 2, 1, 28, 'Sudah benar', 'bagus', 'hildaaaAl-JaufWawu.webm', NULL),
(3, 24, 2, 1, 32, 'Sudah benar', 'bagus', 'hildaaaAl-JaufYa.webm', NULL),
(4, 24, 2, 2, 6, 'Sudah benar', 'bagus', 'hildaaaAl-HalqHa.webm', NULL),
(5, 24, 2, 2, 7, 'Sudah benar', 'bagus', 'hildaaaAl-HalqKho.webm', NULL),
(6, 24, 2, 2, 18, 'Sudah benar', 'bagus', 'hildaaaAl-HalqAin.webm', NULL),
(7, 24, 2, 2, 19, 'Sudah benar', 'bagus', 'hildaaaAl-HalqGhoin.webm', NULL),
(8, 24, 2, 2, 30, 'Sudah benar', 'bagus', 'hildaaaAl-HalqHaa.webm', NULL),
(9, 24, 2, 2, 31, 'Sudah benar', 'bagus', 'hildaaaAl-HalqHamzah.webm', NULL),
(10, 24, 2, 4, 2, 'Sudah benar', 'bagus', 'hildaaaAsy-SyafatainBa.webm', NULL),
(11, 24, 2, 4, 20, 'Sudah benar', 'bagus', 'hildaaaAsy-SyafatainFa.webm', NULL),
(12, 24, 2, 4, 24, 'Sudah benar', 'bagus', 'hildaaaAsy-SyafatainMim.webm', NULL),
(13, 24, 2, 4, 29, 'Sudah benar', 'bagus', 'hildaaaAsy-SyafatainWawu.webm', NULL),
(14, 24, 2, 5, 25, 'Sudah benar', 'bagus', 'hildaaaAl-KhaisyumMim.webm', NULL),
(15, 24, 2, 5, 27, 'Sudah benar', 'bagus', 'hildaaaAl-KhaisyumNun.webm', NULL),
(16, 34, 3, 1, 1, 'Sudah benar', 'bagus', 'faisalAl-JaufAlif.webm', NULL),
(17, 34, 3, 1, 28, 'Sudah benar', 'bagus', 'faisalAl-JaufWawu.webm', NULL),
(18, 34, 3, 1, 32, 'Sudah benar', 'bagus', 'faisalAl-JaufYa.webm', NULL),
(19, 34, 3, 2, 6, 'Sudah benar', 'bagus', 'faisalAl-HalqHa.webm', NULL),
(20, 34, 3, 2, 7, 'Sudah benar', 'bagus', 'faisalAl-HalqKho.webm', NULL),
(21, 34, 3, 2, 18, 'Sudah benar', 'bagus', 'faisalAl-HalqAin.webm', NULL),
(22, 34, 3, 2, 19, 'Sudah benar', 'bagus', 'faisalAl-HalqGhoin.webm', NULL),
(23, 34, 3, 2, 30, 'Sudah benar', 'bagus', 'faisalAl-HalqHaa.webm', NULL),
(24, 34, 3, 2, 31, 'Sudah benar', 'bagus', 'faisalAl-HalqHamzah.webm', NULL),
(25, 34, 3, 4, 2, 'Sudah benar', 'bagus', 'faisalAsy-SyafatainBa.webm', NULL),
(26, 34, 3, 4, 20, 'Sudah benar', 'bagus', 'faisalAsy-SyafatainFa.webm', NULL),
(27, 23, 5, 1, 1, 'Sudah benar', '', 'iqbaleeAl-JaufAlif.webm', NULL),
(28, 34, 3, 4, 24, 'Sudah benar', 'bagus', 'faisalAsy-SyafatainMim.webm', NULL),
(29, 34, 3, 4, 29, 'Sudah benar', 'bagus', 'faisalAsy-SyafatainWawu.webm', NULL),
(30, 34, 3, 5, 25, 'Sudah benar', 'bagus', 'faisalAl-KhaisyumMim.webm', NULL),
(31, 23, 5, 1, 28, 'Sudah benar', '', 'iqbaleeAl-JaufWawu.webm', NULL),
(32, 34, 3, 5, 27, 'Sudah benar', 'bagus', 'faisalAl-KhaisyumNun.webm', NULL),
(33, 23, 5, 1, 32, 'Sudah benar', '', 'iqbaleeAl-JaufYa.webm', NULL),
(34, 33, 4, 1, 32, 'Sudah benar', '', 'rifqitrAl-JaufYa.webm', NULL),
(35, 23, 5, 2, 6, 'Sudah benar', '', 'iqbaleeAl-HalqHa.webm', NULL),
(36, 23, 5, 2, 7, 'Sudah benar', '', 'iqbaleeAl-HalqKho.webm', NULL),
(37, 24, 2, 3, 3, 'Sudah benar', 'bagus', 'hildaaaAl-LisanTa.webm', NULL),
(38, 24, 2, 3, 4, 'Sudah benar', 'bagus', 'hildaaaAl-LisanTsa.webm', NULL),
(39, 24, 2, 3, 5, 'Sudah benar', 'bagus', 'hildaaaAl-LisanJim.webm', NULL),
(40, 33, 4, 1, 28, 'Sudah benar', '', 'rifqitrAl-JaufWawu.webm', NULL),
(41, 24, 2, 3, 8, 'Sudah benar', 'bagus', 'hildaaaAl-LisanDal.webm', NULL),
(42, 24, 2, 3, 9, 'Sudah benar', 'bagus', 'hildaaaAl-LisanDzal.webm', NULL),
(43, 23, 5, 2, 18, 'Sudah benar', '', 'iqbaleeAl-HalqAin.webm', NULL),
(44, 24, 2, 3, 10, 'Sudah benar', 'bagus', 'hildaaaAl-LisanRo.webm', NULL),
(45, 33, 4, 1, 1, 'Sudah benar', '', 'rifqitrAl-JaufAlif.webm', NULL),
(46, 24, 2, 3, 11, 'Sudah benar', 'bagus', 'hildaaaAl-LisanZayy.webm', NULL),
(47, 24, 2, 3, 12, 'Sudah benar', 'bagus', 'hildaaaAl-LisanSin.webm', NULL),
(48, 33, 4, 2, 6, 'Sudah benar', '', 'rifqitrAl-HalqHa.webm', NULL),
(49, 24, 2, 3, 13, 'Sudah benar', 'bagus', 'hildaaaAl-LisanSyin.webm', NULL),
(50, 33, 4, 2, 7, 'Sudah benar', '', 'rifqitrAl-HalqKho.webm', NULL),
(51, 24, 2, 3, 14, 'Sudah benar', 'bagus', 'hildaaaAl-LisanShod.webm', NULL),
(52, 24, 2, 3, 15, 'Sudah benar', 'bagus', 'hildaaaAl-LisanDhod.webm', NULL),
(53, 33, 4, 2, 18, 'Sudah benar', '', 'rifqitrAl-HalqAin.webm', NULL),
(54, 24, 2, 3, 16, 'Sudah benar', 'bagus', 'hildaaaAl-LisanTho.webm', NULL),
(55, 24, 2, 3, 17, 'Sudah benar', 'bagus', 'hildaaaAl-LisanZho.webm', NULL),
(56, 33, 4, 2, 19, 'Sudah benar', '', 'rifqitrAl-HalqGhoin.webm', NULL),
(57, 24, 2, 3, 21, 'Sudah benar', 'bagus', 'hildaaaAl-LisanQof.webm', NULL),
(58, 24, 2, 3, 22, 'Sudah benar', 'bagus', 'hildaaaAl-LisanKaf.webm', NULL),
(59, 33, 4, 2, 30, 'Sudah benar', '', 'rifqitrAl-HalqHaa.webm', NULL),
(60, 24, 2, 3, 23, 'Sudah benar', 'bagus', 'hildaaaAl-LisanLam.webm', NULL),
(61, 33, 4, 2, 31, 'Sudah benar', '', 'rifqitrAl-HalqHamzah.webm', NULL),
(62, 24, 2, 3, 26, 'Sudah benar', 'bagus', 'hildaaaAl-LisanNun.webm', NULL),
(63, 23, 5, 2, 19, 'Sudah benar', '', 'iqbaleeAl-HalqGhoin.webm', NULL),
(64, 33, 4, 3, 3, 'Sudah benar', '', 'rifqitrAl-LisanTa.webm', NULL),
(65, 24, 2, 3, 33, 'Sudah benar', 'bagus', 'hildaaaAl-LisanYa.webm', NULL),
(66, 33, 4, 3, 4, 'Sudah benar', '', 'rifqitrAl-LisanTsa.webm', NULL),
(67, 33, 4, 3, 5, 'Sudah benar', '', 'rifqitrAl-LisanJim.webm', NULL),
(68, 33, 4, 3, 8, 'Sudah benar', '', 'rifqitrAl-LisanDal.webm', NULL),
(69, 23, 5, 2, 30, 'Sudah benar', '', 'iqbaleeAl-HalqHaa.webm', NULL),
(70, 33, 4, 3, 9, 'Sudah benar', '', 'rifqitrAl-LisanDzal.webm', NULL),
(71, 23, 5, 2, 31, 'Sudah benar', '', 'iqbaleeAl-HalqHamzah.webm', NULL),
(72, 34, 3, 3, 3, 'Sudah benar', 'bagus', 'faisalAl-LisanTa.webm', NULL),
(73, 34, 3, 3, 4, 'Sudah benar', 'bagus', 'faisalAl-LisanTsa.webm', NULL),
(74, 34, 3, 3, 5, 'Sudah benar', 'bagus', 'faisalAl-LisanJim.webm', NULL),
(75, 34, 3, 3, 8, 'Sudah benar', 'bagus', 'faisalAl-LisanDal.webm', NULL),
(76, 23, 5, 3, 3, 'Sudah benar', '', 'iqbaleeAl-LisanTa.webm', NULL),
(77, 34, 3, 3, 9, 'Sudah benar', 'bagus', 'faisalAl-LisanDzal.webm', NULL),
(78, 34, 3, 3, 10, 'Sudah benar', 'bagus', 'faisalAl-LisanRo.webm', NULL),
(79, 34, 3, 3, 11, 'Sudah benar', 'bagus', 'faisalAl-LisanZayy.webm', NULL),
(80, 34, 3, 3, 12, 'Sudah benar', 'bagus', 'faisalAl-LisanSin.webm', NULL),
(81, 34, 3, 3, 13, 'Sudah benar', 'bagus', 'faisalAl-LisanSyin.webm', NULL),
(82, 34, 3, 3, 14, 'Sudah benar', 'bagus', 'faisalAl-LisanShod.webm', NULL),
(83, 23, 5, 3, 4, 'Sudah benar', '', 'iqbaleeAl-LisanTsa.webm', NULL),
(84, 34, 3, 3, 15, 'Sudah benar', 'bagus', 'faisalAl-LisanDhod.webm', NULL),
(85, 34, 3, 3, 16, 'Sudah benar', 'bagus', 'faisalAl-LisanTho.webm', NULL),
(86, 23, 5, 3, 5, 'Sudah benar', '', 'iqbaleeAl-LisanJim.webm', NULL),
(87, 34, 3, 3, 17, 'Sudah benar', 'bagus', 'faisalAl-LisanZho.webm', NULL),
(88, 34, 3, 3, 21, 'Sudah benar', 'bagus', 'faisalAl-LisanQof.webm', NULL),
(89, 34, 3, 3, 22, 'Sudah benar', 'bagus', 'faisalAl-LisanKaf.webm', NULL),
(90, 34, 3, 3, 23, 'Sudah benar', 'bagus', 'faisalAl-LisanLam.webm', NULL),
(91, 34, 3, 3, 26, 'Sudah benar', 'bagus', 'faisalAl-LisanNun.webm', NULL),
(92, 34, 3, 3, 33, 'Sudah benar', 'bagus', 'faisalAl-LisanYa.webm', NULL),
(93, 23, 5, 3, 8, 'Sudah benar', '', 'iqbaleeAl-LisanDal.webm', NULL),
(94, 23, 5, 5, 25, 'Sudah benar', '', 'iqbaleeAl-KhaisyumMim.webm', NULL),
(95, 23, 5, 5, 27, 'Sudah benar', '', 'iqbaleeAl-KhaisyumNun.webm', NULL),
(96, 23, 5, 4, 2, 'Sudah benar', '', 'iqbaleeAsy-SyafatainBa.webm', NULL),
(97, 23, 5, 4, 20, 'Sudah benar', '', 'iqbaleeAsy-SyafatainFa.webm', NULL),
(98, 23, 5, 4, 24, 'Sudah benar', '', 'iqbaleeAsy-SyafatainMim.webm', NULL),
(99, 23, 5, 4, 29, 'Sudah benar', '', 'iqbaleeAsy-SyafatainWawu.webm', NULL),
(100, 23, 5, 3, 33, 'Sudah benar', '', 'iqbaleeAl-LisanYa.webm', NULL),
(101, 23, 5, 3, 26, 'Sudah benar', '', 'iqbaleeAl-LisanNun.webm', NULL),
(102, 33, 4, 3, 10, 'Sudah benar', '', 'rifqitrAl-LisanRo.webm', NULL),
(103, 23, 5, 3, 23, 'Sudah benar', '', 'iqbaleeAl-LisanLam.webm', NULL),
(104, 33, 4, 3, 11, 'Sudah benar', '', 'rifqitrAl-LisanZayy.webm', NULL),
(105, 23, 5, 3, 22, 'Sudah benar', '', 'iqbaleeAl-LisanKaf.webm', NULL),
(106, 33, 4, 3, 12, 'Sudah benar', '', 'rifqitrAl-LisanSin.webm', NULL),
(107, 23, 5, 3, 21, 'Sudah benar', '', 'iqbaleeAl-LisanQof.webm', NULL),
(108, 23, 5, 3, 17, 'Sudah benar', '', 'iqbaleeAl-LisanZho.webm', NULL),
(109, 23, 5, 3, 16, 'Sudah benar', '', 'iqbaleeAl-LisanTho.webm', NULL),
(110, 23, 5, 3, 15, 'Sudah benar', '', 'iqbaleeAl-LisanDhod.webm', NULL),
(111, 23, 5, 3, 14, 'Sudah benar', '', 'iqbaleeAl-LisanShod.webm', NULL),
(112, 23, 5, 3, 9, 'Sudah benar', '', 'iqbaleeAl-LisanDzal.webm', NULL),
(113, 23, 5, 3, 10, 'Sudah benar', '', 'iqbaleeAl-LisanRo.webm', NULL),
(114, 23, 5, 3, 11, 'Sudah benar', '', 'iqbaleeAl-LisanZayy.webm', NULL),
(115, 23, 5, 3, 12, 'Sudah benar', '', 'iqbaleeAl-LisanSin.webm', NULL),
(116, 23, 5, 3, 13, 'Sudah benar', '', 'iqbaleeAl-LisanSyin.webm', NULL),
(117, 33, 4, 3, 13, 'Sudah benar', '', 'rifqitrAl-LisanSyin.webm', NULL),
(118, 33, 4, 3, 14, 'Sudah benar', '', 'rifqitrAl-LisanShod.webm', NULL),
(119, 33, 4, 3, 15, 'Sudah benar', '', 'rifqitrAl-LisanDhod.webm', NULL),
(120, 33, 4, 3, 16, 'Sudah benar', '', 'rifqitrAl-LisanTho.webm', NULL),
(121, 33, 4, 3, 17, 'Sudah benar', '', 'rifqitrAl-LisanZho.webm', NULL),
(122, 33, 4, 3, 21, 'Sudah benar', '', 'rifqitrAl-LisanQof.webm', NULL),
(123, 33, 4, 3, 22, 'Sudah benar', '', 'rifqitrAl-LisanKaf.webm', NULL),
(124, 33, 4, 3, 23, 'Sudah benar', '', 'rifqitrAl-LisanLam.webm', NULL),
(125, 33, 4, 3, 26, 'Sudah benar', '', 'rifqitrAl-LisanNun.webm', NULL),
(126, 33, 4, 3, 33, 'Sudah benar', '', 'rifqitrAl-LisanYa.webm', NULL),
(127, 33, 4, 4, 2, 'Sudah benar', '', 'rifqitrAsy-SyafatainBa.webm', NULL),
(128, 33, 4, 4, 20, 'Sudah benar', '', 'rifqitrAsy-SyafatainFa.webm', NULL),
(129, 33, 4, 4, 24, 'Sudah benar', '', 'rifqitrAsy-SyafatainMim.webm', NULL),
(130, 33, 4, 4, 29, 'Sudah benar', '', 'rifqitrAsy-SyafatainWawu.webm', NULL),
(131, 33, 4, 5, 25, 'Sudah benar', '', 'rifqitrAl-KhaisyumMim.webm', NULL),
(132, 33, 4, 5, 27, 'Sudah benar', '', 'rifqitrAl-KhaisyumNun.webm', NULL),
(133, 6, 4, 1, 1, 'Sudah benar', '', '20200001Al-JaufAlif.webm', NULL),
(134, 8, 4, 2, 7, 'Sudah benar', '', '20200003Al-HalqKho.webm', NULL),
(135, 38, 44, 2, 6, 'Sudah benar', '', 'bammss98Al-HalqHa.webm', NULL),
(136, 38, 44, 2, 7, 'Sudah benar', '', 'bammss98Al-HalqKho.webm', NULL),
(137, 38, 44, 2, 18, 'Sudah benar', '', 'bammss98Al-HalqAin.webm', NULL),
(138, 38, 44, 2, 19, 'Sudah benar', '', 'bammss98Al-HalqGhoin.webm', NULL),
(139, 38, 44, 2, 30, 'Sudah benar', '', 'bammss98Al-HalqHaa.webm', NULL),
(140, 38, 44, 2, 31, 'Sudah benar', '', 'bammss98Al-HalqHamzah.webm', NULL),
(141, 7, NULL, 2, 6, 'Sudah dikerjakan. Menunggu penilaian guru', NULL, '20200002Al-HalqHa.webm', NULL),
(142, 37, 44, 2, 6, 'Sudah benar', '', 'glaprasAl-HalqHa.webm', NULL),
(143, 37, 44, 2, 7, 'Sudah benar', '', 'glaprasAl-HalqKho.webm', NULL),
(144, 37, 44, 2, 18, 'Sudah benar', '', 'glaprasAl-HalqAin.webm', NULL),
(145, 37, 44, 2, 19, 'Sudah benar', '', 'glaprasAl-HalqGhoin.webm', NULL),
(146, 37, 44, 2, 30, 'Sudah benar', '', 'glaprasAl-HalqHaa.webm', NULL),
(147, 37, 44, 2, 31, 'Sudah benar', '', 'glaprasAl-HalqHamzah.webm', NULL),
(148, 40, 44, 2, 6, 'Sudah benar', '', 'rzafiarAl-HalqHa.webm', NULL),
(149, 40, 44, 2, 7, 'Sudah benar', '', 'rzafiarAl-HalqKho.webm', NULL),
(150, 40, 44, 2, 18, 'Sudah benar', '', 'rzafiarAl-HalqAin.webm', NULL),
(151, 40, 44, 2, 19, 'Sudah benar', '', 'rzafiarAl-HalqGhoin.webm', NULL),
(152, 40, 44, 2, 30, 'Sudah benar', '', 'rzafiarAl-HalqHaa.webm', NULL),
(153, 40, 44, 2, 31, 'Sudah benar', '', 'rzafiarAl-HalqHamzah.webm', NULL),
(154, 36, 44, 2, 6, 'Sudah benar', '', 'hitnesmuhAl-HalqHa.webm', NULL),
(155, 36, 44, 2, 7, 'Sudah benar', '', 'hitnesmuhAl-HalqKho.webm', NULL),
(156, 36, 44, 2, 18, 'Sudah benar', '', 'hitnesmuhAl-HalqAin.webm', NULL),
(157, 36, 44, 2, 19, 'Sudah benar', '', 'hitnesmuhAl-HalqGhoin.webm', NULL),
(158, 36, 44, 2, 30, 'Sudah benar', '', 'hitnesmuhAl-HalqHaa.webm', NULL),
(159, 36, 44, 2, 31, 'Sudah benar', '', 'hitnesmuhAl-HalqHamzah.webm', NULL),
(160, 42, 44, 2, 6, 'Sudah benar', '', 'wandayud69Al-HalqHa.webm', NULL),
(161, 42, 44, 2, 7, 'Sudah benar', '', 'wandayud69Al-HalqKho.webm', NULL),
(162, 42, 44, 2, 18, 'Sudah benar', '', 'wandayud69Al-HalqAin.webm', NULL),
(163, 42, 44, 2, 19, 'Sudah benar', '', 'wandayud69Al-HalqGhoin.webm', NULL),
(164, 42, 44, 2, 30, 'Sudah benar', '', 'wandayud69Al-HalqHaa.webm', NULL),
(165, 42, 44, 2, 31, 'Sudah benar', '', 'wandayud69Al-HalqHamzah.webm', NULL),
(166, 39, 44, 2, 6, 'Sudah benar', '', 'Bagjafajar09Al-HalqHa.webm', NULL),
(167, 39, 44, 2, 7, 'Sudah benar', '', 'Bagjafajar09Al-HalqKho.webm', NULL),
(168, 39, 44, 2, 18, 'Sudah benar', '', 'Bagjafajar09Al-HalqAin.webm', NULL),
(169, 39, 44, 2, 19, 'Sudah benar', '', 'Bagjafajar09Al-HalqGhoin.webm', NULL),
(170, 39, 44, 2, 30, 'Sudah benar', '', 'Bagjafajar09Al-HalqHaa.webm', NULL),
(171, 39, 44, 2, 31, 'Sudah benar', '', 'Bagjafajar09Al-HalqHamzah.webm', NULL),
(172, 43, 44, 2, 6, 'Sudah benar', '', 'anggi19Al-HalqHa.webm', NULL),
(173, 43, 44, 2, 7, 'Sudah benar', '', 'anggi19Al-HalqKho.webm', NULL),
(174, 43, 44, 2, 18, 'Sudah benar', '', 'anggi19Al-HalqAin.webm', NULL),
(175, 43, 44, 2, 19, 'Sudah benar', '', 'anggi19Al-HalqGhoin.webm', NULL),
(176, 43, 44, 2, 30, 'Sudah benar', '', 'anggi19Al-HalqHaa.webm', NULL),
(177, 43, 44, 2, 31, 'Sudah benar', '', 'anggi19Al-HalqHamzah.webm', NULL),
(178, 6, NULL, 5, 25, 'Sudah dikerjakan. Menunggu penilaian guru', NULL, '20200001Al-KhaisyumMim.webm', NULL),
(179, 6, 5, 5, 27, 'Belum benar', 'sifat ghunnahnya masih belum terdengar, coba Anda lebih dengungkan', '20200001Al-KhaisyumNun.webm', 'koreksi20200001Al-KhaisyumNun.webm'),
(180, 45, NULL, 2, 7, 'Sudah dikerjakan. Menunggu penilaian guru', NULL, 'mahasiswaAl-HalqKho.webm', NULL),
(181, 45, 5, 5, 25, 'Belum benar', 'suara masih belum terdengar dengan jelas', 'mahasiswaAl-KhaisyumMim.webm', 'koreksimahasiswaAl-KhaisyumMim.webm'),
(182, 47, NULL, 1, 1, 'Sudah dikerjakan. Menunggu penilaian guru', NULL, 'A_djo11Al-JaufAlif.webm', NULL),
(183, 48, 44, 1, 1, 'Sudah benar', '', 'renraleerningAl-JaufAlif.webm', NULL),
(184, 48, 44, 1, 28, 'Sudah benar', '', 'renraleerningAl-JaufWawu.webm', NULL),
(185, 48, 44, 1, 32, 'Sudah benar', '', 'renraleerningAl-JaufYa.webm', NULL),
(186, 49, 44, 1, 1, 'Sudah benar', '', 'YolanandaspAl-JaufAlif.webm', NULL),
(187, 49, 44, 1, 28, 'Sudah benar', '', 'YolanandaspAl-JaufWawu.webm', NULL),
(188, 49, 44, 1, 32, 'Sudah benar', '', 'YolanandaspAl-JaufYa.webm', NULL),
(189, 52, 44, 1, 1, 'Sudah benar', '', 'alihasanashAl-JaufAlif.webm', NULL),
(190, 52, 44, 1, 28, 'Sudah benar', '', 'alihasanashAl-JaufWawu.webm', NULL),
(191, 52, 44, 1, 32, 'Sudah benar', '', 'alihasanashAl-JaufYa.webm', NULL),
(192, 51, 44, 1, 1, 'Sudah benar', '', 'BossInsAl-JaufAlif.webm', NULL),
(193, 51, 44, 1, 28, 'Sudah benar', '', 'BossInsAl-JaufWawu.webm', NULL),
(194, 51, 3, 1, 32, 'Sudah benar', '', 'BossInsAl-JaufYa.webm', NULL),
(195, 50, 3, 1, 1, 'Sudah benar', '', 'SofifrAl-JaufAlif.webm', NULL),
(196, 50, 3, 1, 28, 'Sudah benar', '', 'SofifrAl-JaufWawu.webm', NULL),
(197, 50, 3, 1, 32, 'Sudah benar', '', 'SofifrAl-JaufYa.webm', NULL),
(198, 54, 3, 1, 1, 'Sudah benar', '', 'RapiipAl-JaufAlif.webm', NULL),
(199, 54, 3, 1, 28, 'Sudah benar', '', 'RapiipAl-JaufWawu.webm', NULL),
(200, 54, 3, 1, 32, 'Sudah benar', '', 'RapiipAl-JaufYa.webm', NULL),
(201, 55, 3, 1, 1, 'Sudah benar', '', 'AmellyamnrAl-JaufAlif.webm', NULL),
(202, 55, 3, 1, 28, 'Sudah benar', '', 'AmellyamnrAl-JaufWawu.webm', NULL),
(203, 55, 3, 1, 32, 'Sudah benar', '', 'AmellyamnrAl-JaufYa.webm', NULL);

-- --------------------------------------------------------

--
-- Table structure for table `reported_post`
--

CREATE TABLE `reported_post` (
  `id_posting` int(11) NOT NULL,
  `status_posting` int(11) NOT NULL,
  `username_user` char(20) NOT NULL,
  `nama_user` char(50) NOT NULL,
  `isi_posting` varchar(200) NOT NULL,
  `video` text CHARACTER SET utf8 COLLATE utf8_unicode_ci DEFAULT NULL,
  `waktu_posting` timestamp NOT NULL DEFAULT current_timestamp() ON UPDATE current_timestamp(),
  `edit_status` tinyint(1) NOT NULL DEFAULT 0
) ENGINE=InnoDB DEFAULT CHARSET=latin1;

-- --------------------------------------------------------

--
-- Table structure for table `reporter_post`
--

CREATE TABLE `reporter_post` (
  `id` int(11) NOT NULL,
  `id_posting` int(11) NOT NULL,
  `id_user` int(11) NOT NULL
) ENGINE=InnoDB DEFAULT CHARSET=latin1;

-- --------------------------------------------------------

--
-- Table structure for table `soal`
--

CREATE TABLE `soal` (
  `id` int(11) NOT NULL,
  `materi` char(30) NOT NULL,
  `huruf` char(30) DEFAULT NULL,
  `pertanyaan` varchar(1000) CHARACTER SET utf8 COLLATE utf8_unicode_ci NOT NULL,
  `p1` varchar(1000) CHARACTER SET utf8 COLLATE utf8_unicode_ci NOT NULL,
  `p2` varchar(1000) CHARACTER SET utf8 COLLATE utf8_unicode_ci NOT NULL,
  `p3` varchar(1000) CHARACTER SET utf8 COLLATE utf8_unicode_ci NOT NULL,
  `p4` varchar(1000) CHARACTER SET utf8 COLLATE utf8_unicode_ci NOT NULL,
  `p5` varchar(1000) CHARACTER SET utf8 COLLATE utf8_unicode_ci NOT NULL,
  `jawaban` char(2) NOT NULL
) ENGINE=InnoDB DEFAULT CHARSET=latin1;

--
-- Dumping data for table `soal`
--

INSERT INTO `soal` (`id`, `materi`, `huruf`, `pertanyaan`, `p1`, `p2`, `p3`, `p4`, `p5`, `jawaban`) VALUES
(1, 'Pengertian & Manfaat', NULL, 'Makharijul Huruf artinya', 'Tempat-tempat keluarnya huruf hijaiah', 'Tempat-tempat berubahnya huruf hijaiah', 'Tempat-tempat hilangnya huruf hijaiah', 'Tempat-tempat berkumpulnya huruf hijaiah', 'Tempat datangnya huruf hijaiah', 'a'),
(2, 'Pengertian & Manfaat', NULL, '1. Untuk membedakan antara huruf yang sama atau berdekatan di dalam makhraj<br>\r\n2. Untuk Mengetahui kuat dan lemahnya dari setiap huruf, serta untuk mengetahui mana huruf yang boleh di idgomkan atau tidak.<br>\r\n3. Untuk memperindah dalam pengucapan huruf  huruf<br>\r\n4. Untuk mengetahui bahasa arab<br><br>\r\n\r\nYang merupakan manfaat mempelajari makhraj huruf adalah\r\n', '1 dan 2', '4', '3 dan 4', '1, 2, dan 4', '1, 2, dan 3', 'e'),
(3, 'Al-Halq', NULL, 'Al-Halq merupakan tempat keluarnya huruf hijaiyah yang berasal dari', 'Hidung', 'Lidah', 'Tenggorokan', 'Bibir', 'Gigi', 'c'),
(4, 'Al-Halq', NULL, 'Jumlah huruf yang keluar lewat tenggorokan adalah...', '4 huruf', '5 huruf', '6 huruf', '7 huruf', '8 huruf', 'c'),
(26, 'Al-Lisan', NULL, 'Al-Lisan merupakan tempat keluarnya huruf hijaiyah yang berasal dari', 'Hidung', 'Lidah', 'Tenggorokan', 'Bibir', 'Gigi', 'b'),
(27, 'Al-Lisan', NULL, 'Jumlah huruf Al-Lisan adalah...', '14 huruf', '15 huruf', '16 huruf', '17 huruf', '18 huruf', 'e'),
(28, 'Al-Lisan', 'Jim', 'Huruf jim merupakan huruf al-lisan yang keluar dari', 'Pangkal lidah', 'Tengah lidah', 'Pinggir lidah', 'Ujung Lidah', 'Lidah dan gigi', 'b'),
(29, 'Al-Lisan', 'Jim', 'Dibawah ini yang bukan sifat yang dimiliki huruf jim adalah', 'Al-Jahr', 'Al-Ishmat', 'Ar-Rakhawah', 'As-Siddah', 'Al-Istifal', 'c'),
(30, 'Al-Lisan', 'Ta', '<img style=\"width:30%;height:auto;\" src=\"https://mpmh.sayagi.my.id/assets/img/soal/PBXEMaSU.png\"><br>Cara membaca huruf ta adalah', 'Ujung lidah menempel ke ujung gigi seri atas', 'Ujung lidah menempel ke gusi bagian atas', 'Ujung lidah menempel ke ujung gigi seri bawah', 'Ujung lidah menempel ke pangkal gigi seri atas', 'Ujung lidah masuk sedikit ke bagian punggung dari ujung lidah yang menempel kegusi bagian atas', 'd'),
(31, 'Al-Lisan', 'Ta', 'Al-hams merupakan sifat yang mengalir dari nafas/udara. Dibawah ini merupakan huruf Al-lisan yang mempunyai sifat al-hams kecuali\r\n', 'Ta', 'Ha', 'Kha', '\'Ain', 'Fa', 'a'),
(32, 'Al-Lisan', 'Tsa', '<img style=\"width:30%;height:auto;\" src=\"https://mpmh.sayagi.my.id/assets/img/soal/uJKGnHlI.png\"><br>Cara membaca huruf tsa adalah', 'Ujung lidah menempel ke ujung gigi seri atas', 'Ujung lidah menempel ke gusi bagian atas', 'Ujung lidah menempel ke ujung gigi seri bawah', 'Ujung lidah menempel ke pangkal gigi seri atas', 'Ujung lidah masuk sedikit ke bagian punggung dari ujung lidah yang menempel kegusi bagian atas', 'a'),
(33, 'Al-Lisan', 'Tsa', 'Dibawah ini yang merupakan sifat yang dimiliki huruf tsa adalah', 'Al-Jahr', 'At-Tawasuth', 'Ar-Rakhawah', 'As-Siddah', 'Al-Istila', 'c'),
(34, 'Al-Lisan', 'Dal', 'Huruf dal merupakan huruf al-lisan yang keluar dari', 'Pangkal lidah', 'Tengah lidah', 'Pinggir lidah', 'Ujung lidah', 'Lidah dan gigi\r\n', 'd'),
(35, 'Al-Lisan', 'Dal', 'As-Sidah merupakan sifat yang dimiliki huruf dal yang artinya', 'Tertahannya suara', 'Suara', 'Terdamparnya lidah', 'Pangkal lidah naik', 'Sulit', 'a'),
(36, 'Al-Lisan', 'Kaf', '<img style=\"width:30%;height:auto;\" src=\"https://mpmh.sayagi.my.id/assets/img/soal/WfwsiYzG.png\"><br>Perhatikan gambar diatas!\r\nHuruf yang keluar dari pangkal lidah seperti pada gambar diatas adalah ', 'Kaf', 'Lam', 'Mim', 'Wawu', 'Ta', 'a'),
(37, 'Al-Lisan', 'Kaf', 'Dibawah ini yang merupakan sifat dari huruf kaf adalah', 'At-Tawasuth', 'Asy-Syidah', 'Ar-Rakhawah', 'Al-Jahr', 'Al-Istila', 'b'),
(38, 'Al-Lisan', 'Lam', 'Huruf al-lisan yang mahroj nya keluar dari pinggir lidah adalah', 'Alif', 'Ba', 'Mim', 'Lam', 'Ya', 'd'),
(39, 'Al-Lisan', 'Lam', 'Huruf dibawah ini yang mempunyai sifat At-Tawasuth adalah', 'Ba', 'Tsa', 'Lam', 'Kho', 'Alif', 'c'),
(40, 'Al-Lisan', 'Dzal', 'Cara membaca huruf Dzal () adalah pertemuan antara ujung lidah dengan ujung gigi seri atas, Manakah gambar di bawah ini yang mengilustrasikan cara pembacannya', '<img style=\"width:100%;height:auto;\" src=\"https://mpmh.sayagi.my.id/assets/img/soal/REOFtlBN.png\">', '<img style=\"width:100%;height:auto;\" src=\"https://mpmh.sayagi.my.id/assets/img/soal/gSRnxkio.png\">', '<img style=\"width:100%;height:auto;\" src=\"https://mpmh.sayagi.my.id/assets/img/soal/otEHIPau.png\">', '<img style=\"width:100%;height:auto;\" src=\"https://mpmh.sayagi.my.id/assets/img/soal/BCnLEQVv.png\">', '<img style=\"width:100%;height:auto;\" src=\"https://mpmh.sayagi.my.id/assets/img/soal/YnMNdjqy.png\">', 'e'),
(41, 'Al-Lisan', 'Dzal', 'Dilihat dari nafas atau udara, huruf dzal () termasuk kedalam sifat', 'Al-Ittibaq', 'Al-Infitah', 'Al-Ishmat', 'Al-Idzlaq', 'Al-Jahr', 'e'),
(42, 'Al-Lisan', 'Ro', '<img style=\"width:30%;height:auto;\" src=\"https://mpmh.sayagi.my.id/assets/img/soal/OieBWImf.png\"><br>Gambar diatas merupakan ilustrasi cara membaca huruf Ro (), Penjelaskan cara membacanya adalah...', 'Keluar dari pangkal tenggorokan', 'Pertemuan ujung lidah dengan gusi bagian atas', 'Pertemuan antara lidah dengan gigi atas', 'Pertemuan antara bibir atas dan bawah dengan menekannya', 'Menempelkan gigi atas dan bawah', 'b'),
(43, 'Al-Lisan', 'Ro', 'Dilihat dari suara, huruf Ro () termasuk kedalam sifat', 'Ar-Rakhawah', 'At-Tawasuth', 'As-Syiddah', 'Al-Istifal', 'Al- Jahr', 'b'),
(44, 'Al-Lisan', 'Zayy', '<img style=\"width:30%;height:auto;\" src=\"https://mpmh.sayagi.my.id/assets/img/soal/eoYuBCrZ.png\"><br>Gambar diatas merupakan ilustrasi cara membaca huruf Zay (), Penjelaskan cara membacanya adalah...\r\n', 'Bertemunya bibir atas dan bibir bawah', 'Bertemunya gigi atas dan gigi bawah', 'Pertemuan antara ujung lidah dengan bagian dalam gigi seri bagian bawah', 'Ujung lidah bertemu dengan langit bagian ujung', 'Ujung lidah bertemu dengan gigi bagian atas', 'c'),
(45, 'Al-Lisan', 'Zayy', 'Dilihat dari posisi pangkal lidah, huruf Zay () termasuk kedalam sifat', 'Al-Istifal', 'Al-Hams', 'Al-Jahr', 'Al-Istila', 'At-Tawasuth\r\n', 'a'),
(46, 'Al-Lisan', 'Sin', '<img style=\"width:30%;height:auto;\" src=\"https://mpmh.sayagi.my.id/assets/img/soal/FkXybopW.png\"><br>Gambar diatas merupakan ilustrasi cara membaca huruf Sin ()  Penjelaskan cara membacanya adalah...', 'Pertemuan ujung lidah dengan bagian dalam gigi seri bawah', 'Ujung lidah bertemu dengan gigi bagian atas', 'Ujung lidah bertemu dengan langit bagian ujung', 'Pertemuan antara bibir atas dengan bibir bawah', 'Pertemuan antara lidah bawah dengan gigi seri atas', 'a'),
(50, 'Al-Lisan', 'Shod', 'Cara membaca huruf Shod () yang benar adalah adanya pertemuan antara ujung lidah dengan bagian dalam gigi seri bawah. \r\nManakah gambar di bawah ini yang mengilustrasikan cara pembacannya', '<img style=\"width:100%;height:auto;\" src=\"https://mpmh.sayagi.my.id/assets/img/soal/CmuoedxY.png\">', '<img style=\"width:100%;height:auto;\" src=\"https://mpmh.sayagi.my.id/assets/img/soal/pcnGdrbw.png\">', '<img style=\"width:100%;height:auto;\" src=\"https://mpmh.sayagi.my.id/assets/img/soal/qBCmUNgb.png\">', '<img style=\"width:100%;height:auto;\" src=\"https://mpmh.sayagi.my.id/assets/img/soal/yCUPhqAL.png\">', '<img style=\"width:100%;height:auto;\" src=\"https://mpmh.sayagi.my.id/assets/img/soal/RogejnEL.png\">', 'a'),
(51, 'Al-Lisan', 'Shod', 'Makhraj huruf Shod () memiliki sifat membunyikan huruf dengan berdesir bagaikan suara seruling. Sifat tersebut adalah', 'Al-Jahr', 'Al-Rakhawah', 'Asy-Shafir', 'Al-Infitah', 'Al-Ishmat', 'c'),
(52, 'Al-Lisan', 'Dhod', '<img style=\"width:30%;height:auto;\" src=\"https://mpmh.sayagi.my.id/assets/img/soal/FYONqweJ.png\"><br>Berdasarkan ilustrasi di atas, cara membaca huruf Dhod () yang benar adalah', 'Ujung lidah ditekan ke pangkal gigi depan bahagian atas', 'Tepi atau sisi lidah (kiri atau kanan) dirapatkan pada gigi geraham atas (bahagian dalam)', 'Pertemuan ujung lidah yang menempel ke gigi seri bawah', 'Pertemuan ujung lidah yang menempel ke gigi seri atas', 'Pertemuan antara akar lidah dengan langit-langit lunak', 'b'),
(53, 'Al-Lisan', 'Dhod', 'Salah satu sifat huruf Dhod () adalah Al-Jahr, yang berarti', 'Jelas', 'Menyebar', 'Memanjang', 'Samar', 'Tertutup', 'a'),
(54, 'Al-Lisan', 'Tho', 'Cara membaca huruf Tho () yang benar adalah ujung lidah ditekan ke pangkal gigi depan bagian atas.\r\nManakah gambar di bawah ini yang mengilustrasikan cara pembacannya\r\n', '<img style=\"width:100%;height:auto;\" src=\"https://mpmh.sayagi.my.id/assets/img/soal/OFRaoTLv.png\">', '<img style=\"width:100%;height:auto;\" src=\"https://mpmh.sayagi.my.id/assets/img/soal/rjulbXde.png\">', '<img style=\"width:100%;height:auto;\" src=\"https://mpmh.sayagi.my.id/assets/img/soal/mQJvXxtn.png\">', '<img style=\"width:100%;height:auto;\" src=\"https://mpmh.sayagi.my.id/assets/img/soal/fwajPrHk.png\">', '<img style=\"width:100%;height:auto;\" src=\"https://mpmh.sayagi.my.id/assets/img/soal/jpCgwaXP.png\">', 'b'),
(55, 'Al-Lisan', 'Tho', 'Huruf Tho () memiliki sifat-sifat berikut, kecuali', 'Al-Jahr', 'Syiddah', 'Al-Istilaa', 'Qolqolah', 'Al-Hams', 'e'),
(56, 'Al-Lisan', 'Zho', 'Cara membaca huruf zho () adalah dengan mempertemukan ujung lidah dengan ujung gigi seri atas.\r\nManakah gambar di bawah ini yang mengilustrasikan cara pembacaannya', '<img style=\"width:100%;height:auto;\" src=\"https://mpmh.sayagi.my.id/assets/img/soal/OjbMaTIm.png\">', '<img style=\"width:100%;height:auto;\" src=\"https://mpmh.sayagi.my.id/assets/img/soal/DAwxhIZB.png\">', '<img style=\"width:100%;height:auto;\" src=\"https://mpmh.sayagi.my.id/assets/img/soal/FWqfIDCQ.png\">', '<img style=\"width:100%;height:auto;\" src=\"https://mpmh.sayagi.my.id/assets/img/soal/IWhCLnFY.png\">', '<img style=\"width:100%;height:auto;\" src=\"https://mpmh.sayagi.my.id/assets/img/soal/TpfISqQV.png\">', 'b'),
(57, 'Al-Lisan', 'Zho', 'Huruf zho () memiliki sifat-sifat berikut, kecuali', 'Al-Jahr', 'Ar-Rakhawah', 'At-Tasawut', 'Al-Istifal', 'Al-Istila', 'c'),
(60, 'Al-Jauf', NULL, 'Salah satu bagian dari Makhorijul huruf adalah Al-Jauf. Jauf artinya...', 'Lidah', 'Tenggorokan', 'Rongga Mulut', 'Bibir', 'Gigi', 'c'),
(61, 'Al-Jauf', NULL, 'Berapa jumlah huruf yang keluar dari rongga mulut?', '1 huruf', '2 huruf', '3 huruf', '4 huruf', '5  huruf', 'c'),
(62, 'Al-Jauf', 'Wawu', 'Cara membaca huruf Wawu () yang benar adalah pertemuan antara bibir atas dan bibir bawah dengan sedikit rongga, Manakah gambar di bawah ini yang mengilustrasikan cara pembacannya...', '<img style=\"width:100%;height:auto;\" src=\"https://mpmh.sayagi.my.id/assets/img/soal/yjAicNCo.png\">', '<img style=\"width:100%;height:auto;\" src=\"https://mpmh.sayagi.my.id/assets/img/soal/abFGgQcP.png\">', '<img style=\"width:100%;height:auto\" src=\"https://mpmh.sayagi.my.id/assets/img/soal/xDMheVPY.png\">', '<img style=\"width:100%;height:auto;\" src=\"https://mpmh.sayagi.my.id/assets/img/soal/PhUcESHl.png\">', '<img style=\"width:100%;height:auto;\" src=\"https://mpmh.sayagi.my.id/assets/img/soal/fshnotkG.png\">', 'd'),
(63, 'Al-Jauf', 'Wawu', 'Dilihat dari suara, huruf Wawu () termasuk kedalam sifat', 'Ar-Rakhawah', 'At-Tawasuth', 'As-Syiddah', 'Al-Istifal', 'Al- Jahr', 'a'),
(64, 'Al-Jauf', 'Alif', '<img style=\"width:30%;height:auto;\" src=\"https://mpmh.sayagi.my.id/assets/img/soal/nbojyikZ.png\"><br>Gambar diatas merupakan ilustrasi cara membaca huruf Alif (), Penjelaskan cara membacanya adalah...', 'keluar dari pangkal tenggorokan', 'Ujung lidah menempel pada langit mulut', 'Pertemuan antara lidah dengan gigi atas', 'Pertemuan antara bibir atas dan bawah dengan menekannya', 'Menempelkan gigi atas dan bawah', 'a'),
(65, 'Al-Jauf', 'Alif', 'Dilihat dari posisi lidah dan mulut langit, huruf alif () termasuk kedalam sifat', 'Al-Ittibaq', 'Al-Infitah', 'Al-Ishmat', 'Al-Idzlaq', 'Al-hams', 'b'),
(66, 'Al-Jauf', 'Ya', '<img style=\"width:30%;height:auto;\" src=\"https://mpmh.sayagi.my.id/assets/img/soal/iKZGhqaE.png\"><br>Gambar diatas merupakan ilustrasi cara membaca huruf Ya (), Penjelaskan cara membacanya adalah ...', 'Bertemunya bibir atas dan bibir bawah', 'Bertemunya gigi atas dan gigi bawah', 'Tengah lidah bertemu dengan langit-langit bagian atas', 'Ujung lidah bertemu dengan langit bagian ujung', 'Ujung lidah bertemu dengan gigi bagian atas', 'c'),
(67, 'Al-Jauf', 'Ya', 'Dilihat dari nafas dan udara, huruf ya ( ) termasuk kedalam sifat', 'Al-Istifal', 'Al-Hams', 'Al-Jahr', 'Al-Istila', 'At-tawasuth', 'c'),
(68, 'Al-Halq', 'Haa', '<img style=\"width:30%;height:auto;\" src=\"https://mpmh.sayagi.my.id/assets/img/soal/RscpqGMb.png\"><br>Berdasarkan ilustrasi di atas, cara membaca huruf Ha () yang benar adalah', 'Epiglotis tidak merapat ke dinding tenggorokan ', 'Epiglotis tidak terlalu merapat ke dinding tenggorokan ', 'Pertemuan ujung lidah yang menempel ke gigi seri bawah', 'Pertemuan ujung lidah yang menempel ke gigi seri atas', 'Pertemuan antara akar lidah dengan langit-langit lunak', 'b'),
(69, 'Al-Halq', 'Haa', 'Salah satu sifat Huruf Ha () adalah Al-Hams yang berarti ', 'Samar', 'Lunak', 'Terangkat', 'Jelas', 'Terbuka', 'a'),
(70, 'Al-Halq', 'Kho', 'Cara membaca huruf Kha () yang benar adalah adanya pertemuan antara langit-langit atas bagian belakang dengan akar lidah.\r\nManakah gambar di bawah ini yang mengilustrasikan cara pembacannya', '<img style=\"width:100%;height:auto;\" src=\"https://mpmh.sayagi.my.id/assets/img/soal/hPdXpqyi.png\">', '<img style=\"width:100%;height:auto;\" src=\"https://mpmh.sayagi.my.id/assets/img/soal/MqyEtunA.png\">', '<img style=\"width:100%;height:auto;\" src=\"https://mpmh.sayagi.my.id/assets/img/soal/PFmcLGUX.png\">', '<img style=\"width:100%;height:auto;\" src=\"https://mpmh.sayagi.my.id/assets/img/soal/zaFECsov.png\">', '<img style=\"width:100%;height:auto;\" src=\"https://mpmh.sayagi.my.id/assets/img/soal/RbvjlfMY.png\">', 'd'),
(71, 'Al-Halq', 'Kho', 'Makhraj huruf Kha () memiliki sifat membunyikan huruf dengan berat dan tertahan. Sifat tersebut adalah ', 'Al-Jahr', 'Al-Rakhawah', 'Al-Istilaa', 'Al-Infitah', 'Al-Ishmat', 'e'),
(72, 'Al-Halq', 'Ain', '<img style=\"width:30%;height:auto;\" src=\"https://mpmh.sayagi.my.id/assets/img/soal/ZDjPushU.png\"><br>Berdasarkan ilustrasi di atas, cara membaca huruf Ain () yang benar adalah', 'Epiglotis merapat ke dinding tenggorokan ', 'Epiglotis tidak merapat ke dinding tenggorokan', 'Pertemuan ujung lidah yang menempel ke gigi seri bawah', 'Pertemuan ujung lidah yang menempel ke gigi seri atas', 'Pertemuan antara akar lidah dengan langit-langit lunak', 'a'),
(73, 'Al-Halq', 'Ain', 'Salah satu sifat huruf Ain () adalah al-Tawasuth, yang berarti', 'Menyembunyikan', 'Menyebar', 'Memanjang', 'Berdengung', 'Lunak', 'a'),
(74, 'Al-Halq', 'Ghoin', 'Cara membaca huruf Ghain () yang benar adalah adanya pertemuan antara akar lidah dengan langit-langit lunak. Manakah gambar di bawah ini yang mengilustrasikan cara pembacannya', '<img style=\"width:100%;height:auto;\" src=\"https://mpmh.sayagi.my.id/assets/img/soal/wNGYeRVJ.png\">', '<img style=\"width:100%;height:auto;\" src=\"https://mpmh.sayagi.my.id/assets/img/soal/tgcSpOjG.png\">', '<img style=\"width:100%;height:auto;\" src=\"https://mpmh.sayagi.my.id/assets/img/soal/vmBOsFGn.png\">', '<img style=\"width:100%;height:auto;\" src=\"https://mpmh.sayagi.my.id/assets/img/soal/YgnryxAD.png\">', '<img style=\"width:100%;height:auto;\" src=\"https://mpmh.sayagi.my.id/assets/img/soal/NJkFAcwQ.png\">', 'b'),
(75, 'Al-Halq', 'Ghoin', 'Huruf Ghain () memiliki sifat-sifat berikut, kecuali', 'Al-Jahr', 'Al-Tawasuth', 'Al-Istifal', 'Al-Istilaa', 'Al-Hams', 'e'),
(76, 'Al-Halq', 'Ha', '<img style=\"width:30%;height:auto;\" src=\"https://mpmh.sayagi.my.id/assets/img/soal/TCwoYJnl.png\"><br>Berdasarkan ilustrasi di atas, cara membaca huruf Ha () adalah', 'Epiglotis merapat ke dinding tenggorokan ', 'Pertemuan antara akar lidah dengan', 'Epiglotis tidak merapat ke dinding tenggorokan', 'Pertemuan ujung lidah yang menempel ke gigi seri atas', 'Epiglotis agak sedikit mundur ke belakang', 'e'),
(77, 'Al-Halq', 'Ha', 'Makhraj huruf Ha () memiliki sifat Al-Istifal.Pengertian Al-Istifal adalah', 'Membunyikan huruf dengan menurunkan pangkal lidah ke dasar lidah, sehingga bunyi huruf menjadi rendah, tipis dan ringan', 'Membunyikan huruf dengan berdesis dan nafas terlepas, sehingga bunyi huruf terdengar agak samar', 'Maksudnya ialah membunyikan huruf dengan tidak berdesis dan nafas     tertahan, sehingga bunyi terdengar lebih jelas dan bersih', 'Membunyikan huruf dengan suara tertahan dan lebih kuat tertahannya ketika mati atau waqaf', 'Membunyikan huruf dengan ringan dan lancar', 'a'),
(78, 'Al-Halq', 'Hamzah', '<img style=\"width:30%;height:auto;\" src=\"https://mpmh.sayagi.my.id/assets/img/soal/KDzuwEkr.png\"><br>Berdasarkan ilustrasi di atas, cara membaca huruf Hamzah () yang benar adalah', 'Dengan ujung tenggorokan', 'Dengan pangkal tenggorokan', 'Ujung lidah menempel ke gigi seri bawah', 'Dengan ujung tenggorokan', 'Pertemuan antara akar lidah dengan langit-langit lunak', 'b'),
(79, 'Al-Halq', 'Hamzah', 'Huruf Hamzah () memiliki sifat suara jelas yang lahir dikarenakan tertahannya nafas ketika mengucapkan huruf tersebut. Sifat tersebut disebut', 'Al-Hams', 'Al-Infitah', 'Al-Jahr', 'Al-Istifal', 'Al-Rakhawah', 'c'),
(80, 'Asy-Syafatain', NULL, 'Salah satu tempat keluarnya huruf adalah Asy-Syafatain. Syafatain artinya', 'Hidung', 'Lidah', 'Tenggorokan', 'Bibir', 'Gigi', 'd'),
(81, 'Asy-Syafatain', NULL, 'Jumlah huruf yang keluar lewat bibir adalah', '4', '5', '6', '7', '8', 'a'),
(82, 'Asy-Syafatain', 'Ba', 'Huruf ba ()merupakan huruf yang keluar dari...', 'Hidung', 'Lidah', 'Tenggorokan', 'Bibir', 'Gigi', 'a'),
(83, 'Asy-Syafatain', 'Ba', 'Huruf  asy  syafatain yang mempunyai sifat As  Sidah adalah', 'Ta ()', 'Ba ()', 'Tho ()', 'Dal ()', 'Ja ()', 'b'),
(84, 'Asy-Syafatain', 'Fa', 'Dibawah ini adalah sifat yang dimiliki oleh huruf fa (), kecuali', 'Hams', 'Infitah', 'Qolqolah', 'Istifal', 'Rakhawah', 'c'),
(85, 'Asy-Syafatain', 'Fa', 'Cara membaca huruf fa () yang benar adalah', 'Dengan lidah bagian dalam', 'Dengan pangkal lidah', 'Ujung lidah menempel ke gigi seri bawah', 'Ujung lidah menempel ke gigi seri atas', 'Gigi seri atas menempel ke bibir bawah bagian dalam yang basah', 'e'),
(86, 'Asy-Syafatain', 'Wawu', '<img style=\"width:30%;height:auto;\" src=\"https://mpmh.sayagi.my.id/assets/img/soal/QcNBMqox.png\"><br>Perhatikan gambar diatas!\r\nHuruf asy-syafatain yang dibaca dengan membuka sedikit dua bibir disertai dengan dua bibir menjorok ke depan adalah', 'Mim ()', 'Kaf ()', 'Dal ()', 'Wawu ()', 'Tho ()', 'd'),
(87, 'Asy-Syafatain', 'Wawu', 'Huruf Wawu () mempunyai sifat al-infitah, yang artinya', 'Menempelnya lidah ke langit-lagit atas', 'Terpisahnya lidah dan langit-langit atas', 'Sulit diucapkan', 'Mudah diucapkan', 'Mengalirnya nafas', 'b'),
(88, 'Asy-Syafatain', 'Mim', '<img style=\"width:30%;height:auto;\" src=\"https://mpmh.sayagi.my.id/assets/img/soal/tHirPfhj.png\"><br>Perhatikan gambar diatas!\r\nHuruf asy-syafatain yang dibaca dengan menempelkan kedua bibir tanpa ada tekanan dan disertai dengan gunnah adalah', 'Mim ()', 'Kaf ()', 'Dal ()', 'Wawu ()', 'Tho ()', 'a'),
(89, 'Asy-Syafatain', 'Mim', 'Dibawah ini yang bukan termasuk kedalam sifat al-idzlaq adalah', 'Mim ()', 'Kaf ()', 'Dal ()', 'Wawu ()', 'Tho ()', 'a'),
(90, 'Al-Khaisyum', NULL, 'Al-khaisyum adalah salah satu tempat keluarnya Makhorijul Huruf yang artinya', 'Rongga hidung', 'Tenggorokan', 'Lidah', 'Dua bibir', 'Rongga mulut', 'a'),
(91, 'Al-Khaisyum', NULL, 'Cara membaca makhraj Al-Khaisyum adalah.', 'Idgham', 'Izhar', 'Ikhfa', 'Ghunnah', 'Iqlab', 'd'),
(92, 'Al-Khaisyum', NULL, 'Huruf yang keluar dari makhraj Al-Khaisyum adalah', ',    ', ', ', ', ', ', ', ' , ', 'e'),
(93, 'Al-Khaisyum', 'Mim', '<img style=\"width:30%;height:auto;\" src=\"https://mpmh.sayagi.my.id/assets/img/soal/EhKNsFrB.png\"><br>Gambar diatas merupakan ilustrasi cara membaca huruf mim (), Penjelasan cara membacanya adalah...', 'Pertemuan bibir bawah dan atas disertai dengan ghunnah', 'Pertemuan bibir bawah dan atas disertai dengan idgham', 'Pertemuan bibir bawah dan atas disertai dengan ikhfa', 'Pertemuan bibir bawah dan atas disertai dengan iqlab', 'Pertemuan bibir bawah dan atas disertai dengan izhar', 'a'),
(94, 'Al-Khaisyum', 'Mim', 'Selain memiliki sifat Al Jahr (tertahan nafas), huruf mim () memiliki sifat', 'Al-Hams', 'Ar-Rakhawah', 'As-Siddah', 'At-Tasawut', 'Al-Istila', 'd'),
(96, 'Al-Khaisyum', 'Nun', '<img style=\"width:30%;height:auto;\" src=\"https://mpmh.sayagi.my.id/assets/img/soal/rnsxPZVY.png\"><br>Gambar diatas merupakan ilustrasi cara membaca huruf nun (), Penjelasan cara membacanya keluar dari pertemuan antara ujung lidah dengan.', 'Gusi bagian bawah', 'Gusi bagian atas', 'Langit-langit mulut', 'Gigi bagian atas', 'Gigi bagian bawah', 'a'),
(97, 'Al-Khaisyum', 'Nun', 'Dilihat dari segi suara, huruf Nun () termasuk kedalam sifat. ', 'Al-Hams', 'Ar-Rakhawah', 'As-Siddah', 'At-Tasawut', 'Al-Istila', 'd'),
(98, 'Al-Lisan', 'Ya', '<img style=\"width:30%;height:auto;\" src=\"https://mpmh.sayagi.my.id/assets/img/soal/lEmGeMtI.png\"><br>Berdasarkan ilustrasi di atas, huruf Ya () terletak pada pertemuan antara\r\n', 'Bibir atas dan bibir bawah', 'Gigi atas dan gigi bawah', 'Tengah lidah dengan langit-langit bagian atas', 'Ujung lidah dengan langit bagian ujung', 'Ujung lidah dengan gigi bagian atas', 'c'),
(99, 'Al-Lisan', 'Ya', '1.	Al-Jahr\r\n2.	Al-Rakhawah\r\n3.	Al-Istifal\r\n4.	Al-Infitah\r\n5.	As-Sidah\r\nManakah yang merupakan sifat huruf Ya () ?', '1, 2, dan 3', '1, 3, 4, dan 5', '2, 3, 4, dan 5', '1, 2, 3, dan 4', '1, 2, 3, dan 5', 'd'),
(100, 'Al-Lisan', 'Nun', 'Cara membaca huruf nun () adalah adanya pertemuan antara ujung lidah dengan gusi bagian bawah. \r\nManakah gambar di bawah ini yang mengilustrasikan cara pembacannya', '<img style=\"width:100%;height:auto;\" src=\"https://mpmh.sayagi.my.id/assets/img/soal/GUliLzSN.png\">', '<img style=\"width:100%;height:auto;\" src=\"https://mpmh.sayagi.my.id/assets/img/soal/DscgHRer.PNG\">', '<img style=\"width:100%;height:auto;\" src=\"https://mpmh.sayagi.my.id/assets/img/soal/neyNYBbC.png\">', '<img style=\"width:100%;height:auto;\" src=\"https://mpmh.sayagi.my.id/assets/img/soal/hPWQuiKS.png\">', '<img style=\"width:100%;height:auto;\" src=\"https://mpmh.sayagi.my.id/assets/img/soal/OalgoBDt.png\">', 'b'),
(101, 'Al-Lisan', 'Nun', 'Dibawah ini adalah sifat yang dimiliki oleh huruf nun (), kecuali', 'Jahr', 'Tawasuth', 'Istifal', 'Infitah', 'Rakhawah', 'e'),
(102, 'Al-Lisan', 'Zay', '<img style=\"width:30%;height:auto;\" src=\"https://localhost/mpmhv3/assets/img/soal/gpiAkxRa.png\"><br>Gambar diatas merupakan ilustrasi cara membaca huruf Zay (), Penjelaskan cara membacanya adalah ...', 'Bertemunya bibir atas dan bibir bawah', 'Bertemunya gigi atas dan gigi bawah', 'Pertemuan antara ujung lidah dengan bagian dalam gigi seri bagian bawah', 'Ujung lidah bertemu dengan langit bagian ujung', 'Ujung lidah bertemu dengan gigi bagian atas', 'c'),
(103, 'Al-Lisan', 'Zay', 'Dilihat dari posisi pangkal lidah, huruf Zay () termasuk kedalam sifat.', 'Al-Istifal', 'Al-Hams', 'Al-Jahr', 'Al-Istila', 'At-tawasuth', 'a'),
(104, 'Al-Lisan', 'Sin', 'Dilihat dari posisi lidah dan mulut pada langit, huruf Sin () termasuk kedalam sifat.', 'Al-Ishmat', 'Al-Idzlaq', 'Al-Istifal', 'Al-Ithbaq', 'Al-Infital', 'e'),
(105, 'Al-Lisan', 'Syin', '<img style=\"width:30%;height:auto;\" src=\"https://localhost/mpmhv3/assets/img/soal/GoOAJVHh.png\"><br>Berdasarkan ilustrasi di atas, cara membaca huruf Syin () yang benar adalah', 'Ujung lidah diangkat ke lelangit atas, serta dilengkungkan sehingga terlihat lidah bahagian belakang ', 'Pangkal lidah menyentuh lelangit belakang', 'Pertemuan ujung lidah yang menempel ke gigi seri atas', 'Pertemuan antara langit-langit atas bagian belakang dengan akar lidah', 'Pertemuan antara tengah lidah dengan langit-langit bagian atas', 'e'),
(106, 'Al-Lisan', 'Syin', 'Salah satu sifat Huruf Syin () adalah Al- Infitah yang berarti ', 'Samar', 'Lunak', 'Tertutup', 'Jelas', 'Terbuka', 'e'),
(107, 'Al-Lisan', 'Qof', '<img style=\"width:30%;height:auto;\" src=\"https://localhost/mpmhv3/assets/img/soal/RXJerOUz.png\"><br>Berdasarkan ilustrasi di atas, huruf qof () terletak pada pertemuan antara', 'Ujung lidah dengan langit-langit mulut', 'Tengah lidah dengan langit-langit mulut', 'Ujung lidah dengan gusi bagian atas', 'Pangkal lidah dengan langit-langit lunak', 'Pangkal lidah dengan langit-langit mulut\r\n', 'd'),
(108, 'Al-Lisan', 'Qof', 'Huruf qof () termasuk ke sifat As-Siddah yang artinya.', 'Mengalirnya nafas/udara', 'Terdamparnya lidah', 'Sulit', 'Menempelnya lidah dengan langit-langit', 'Tertahannya suara', 'e');

-- --------------------------------------------------------

--
-- Table structure for table `soaljawaban`
--

CREATE TABLE `soaljawaban` (
  `id` int(11) NOT NULL,
  `id_user` int(11) NOT NULL,
  `id_soal` int(11) NOT NULL,
  `materi` char(30) NOT NULL,
  `huruf` char(30) DEFAULT NULL,
  `jawaban` char(2) NOT NULL,
  `benar` tinyint(1) NOT NULL
) ENGINE=InnoDB DEFAULT CHARSET=latin1;

--
-- Dumping data for table `soaljawaban`
--

INSERT INTO `soaljawaban` (`id`, `id_user`, `id_soal`, `materi`, `huruf`, `jawaban`, `benar`) VALUES
(1, 23, 1, 'Pengertian & Manfaat', '', 'a', 1),
(2, 23, 2, 'Pengertian & Manfaat', '', 'e', 1),
(3, 24, 1, 'Pengertian & Manfaat', '', 'a', 1),
(4, 24, 2, 'Pengertian & Manfaat', '', 'e', 1),
(5, 24, 60, 'Al-Jauf', '', 'c', 1),
(6, 24, 61, 'Al-Jauf', '', 'd', 0),
(7, 24, 3, 'Al-Halq', '', 'c', 1),
(8, 24, 4, 'Al-Halq', '', 'c', 1),
(9, 24, 76, 'Al-Halq', 'Ha', 'b', 0),
(10, 24, 77, 'Al-Halq', 'Ha', 'b', 0),
(11, 23, 60, 'Al-Jauf', '', 'c', 1),
(12, 23, 61, 'Al-Jauf', '', 'c', 1),
(13, 23, 3, 'Al-Halq', '', 'c', 1),
(14, 23, 4, 'Al-Halq', '', 'b', 0),
(17, 23, 80, 'Asy-Syafatain', '', 'd', 1),
(18, 23, 81, 'Asy-Syafatain', '', 'a', 1),
(19, 23, 90, 'Al-Khaisyum', '', 'a', 1),
(20, 23, 91, 'Al-Khaisyum', '', 'd', 1),
(21, 23, 92, 'Al-Khaisyum', '', 'e', 1),
(22, 24, 68, 'Al-Halq', 'Haa', 'b', 1),
(23, 24, 69, 'Al-Halq', 'Haa', 'b', 0),
(24, 24, 70, 'Al-Halq', 'Kho', 'a', 0),
(25, 24, 71, 'Al-Halq', 'Kho', 'e', 1),
(26, 24, 72, 'Al-Halq', 'Ain', 'a', 1),
(27, 24, 73, 'Al-Halq', 'Ain', 'a', 1),
(28, 24, 74, 'Al-Halq', 'Ghoin', 'b', 1),
(29, 24, 75, 'Al-Halq', 'Ghoin', 'e', 1),
(30, 24, 78, 'Al-Halq', 'Hamzah', 'b', 1),
(31, 24, 79, 'Al-Halq', 'Hamzah', 'c', 1),
(32, 24, 62, 'Al-Jauf', 'Wawu', 'd', 1),
(33, 24, 63, 'Al-Jauf', 'Wawu', 'a', 1),
(48, 24, 66, 'Al-Jauf', 'Ya', 'c', 1),
(49, 24, 67, 'Al-Jauf', 'Ya', 'c', 1),
(50, 24, 64, 'Al-Jauf', 'Alif', 'a', 1),
(51, 24, 65, 'Al-Jauf', 'Alif', 'a', 0),
(78, 24, 82, 'Asy-Syafatain', 'Ba', 'd', 0),
(79, 24, 83, 'Asy-Syafatain', 'Ba', 'b', 1),
(82, 24, 84, 'Asy-Syafatain', 'Fa', 'd', 0),
(83, 24, 85, 'Asy-Syafatain', 'Fa', 'e', 1),
(84, 24, 88, 'Asy-Syafatain', 'Mim', 'a', 1),
(85, 24, 89, 'Asy-Syafatain', 'Mim', 'a', 1),
(86, 24, 86, 'Asy-Syafatain', 'Wawu', 'd', 1),
(87, 24, 87, 'Asy-Syafatain', 'Wawu', 'c', 0),
(90, 24, 80, 'Asy-Syafatain', '', 'd', 1),
(91, 24, 81, 'Asy-Syafatain', '', 'b', 0),
(92, 24, 93, 'Al-Khaisyum', 'Mim', 'a', 1),
(93, 24, 94, 'Al-Khaisyum', 'Mim', 'b', 0),
(96, 24, 96, 'Al-Khaisyum', 'Nun', 'b', 0),
(97, 24, 97, 'Al-Khaisyum', 'Nun', 'd', 1),
(98, 24, 90, 'Al-Khaisyum', '', 'a', 1),
(99, 24, 91, 'Al-Khaisyum', '', 'b', 0),
(100, 24, 92, 'Al-Khaisyum', '', 'e', 1),
(121, 23, 64, 'Al-Jauf', 'Alif', 'a', 1),
(122, 23, 65, 'Al-Jauf', 'Alif', 'c', 0),
(123, 23, 62, 'Al-Jauf', 'Wawu', 'd', 1),
(124, 23, 63, 'Al-Jauf', 'Wawu', 'a', 1),
(127, 23, 66, 'Al-Jauf', 'Ya', 'b', 0),
(128, 23, 67, 'Al-Jauf', 'Ya', 'b', 0),
(131, 23, 76, 'Al-Halq', 'Ha', 'd', 0),
(132, 23, 77, 'Al-Halq', 'Ha', 'a', 1),
(143, 23, 70, 'Al-Halq', 'Kho', 'd', 1),
(144, 23, 71, 'Al-Halq', 'Kho', 'e', 1),
(149, 23, 72, 'Al-Halq', 'Ain', 'b', 0),
(150, 23, 73, 'Al-Halq', 'Ain', 'a', 1),
(151, 23, 74, 'Al-Halq', 'Ghoin', 'c', 0),
(152, 23, 75, 'Al-Halq', 'Ghoin', 'e', 1),
(155, 23, 68, 'Al-Halq', 'Haa', 'a', 0),
(156, 23, 69, 'Al-Halq', 'Haa', 'a', 1),
(159, 23, 78, 'Al-Halq', 'Hamzah', 'c', 0),
(160, 23, 79, 'Al-Halq', 'Hamzah', 'c', 1),
(242, 23, 43, 'Al-Lisan', 'Ro', 'c', 0),
(246, 23, 45, 'Al-Lisan', 'Zayy', 'b', 0),
(281, 33, 1, 'Pengertian & Manfaat', '', 'a', 1),
(282, 33, 2, 'Pengertian & Manfaat', '', 'e', 1),
(283, 33, 60, 'Al-Jauf', '', 'c', 1),
(284, 33, 61, 'Al-Jauf', '', 'c', 1),
(285, 34, 1, 'Pengertian & Manfaat', '', 'a', 1),
(286, 34, 2, 'Pengertian & Manfaat', '', 'e', 1),
(287, 33, 64, 'Al-Jauf', 'Alif', 'a', 1),
(288, 33, 65, 'Al-Jauf', 'Alif', 'b', 1),
(289, 33, 62, 'Al-Jauf', 'Wawu', 'd', 1),
(290, 33, 63, 'Al-Jauf', 'Wawu', 'd', 0),
(291, 34, 60, 'Al-Jauf', '', 'c', 1),
(292, 34, 61, 'Al-Jauf', '', 'c', 1),
(293, 33, 66, 'Al-Jauf', 'Ya', 'c', 1),
(294, 33, 67, 'Al-Jauf', 'Ya', 'c', 1),
(295, 33, 3, 'Al-Halq', '', 'c', 1),
(296, 33, 4, 'Al-Halq', '', 'c', 1),
(297, 33, 76, 'Al-Halq', 'Ha', 'e', 1),
(298, 33, 77, 'Al-Halq', 'Ha', 'a', 1),
(299, 33, 70, 'Al-Halq', 'Kho', 'd', 1),
(300, 33, 71, 'Al-Halq', 'Kho', 'd', 0),
(301, 33, 72, 'Al-Halq', 'Ain', 'a', 1),
(302, 33, 73, 'Al-Halq', 'Ain', 'a', 1),
(303, 33, 74, 'Al-Halq', 'Ghoin', 'b', 1),
(304, 33, 75, 'Al-Halq', 'Ghoin', 'e', 1),
(305, 33, 68, 'Al-Halq', 'Haa', 'b', 1),
(306, 33, 69, 'Al-Halq', 'Haa', 'a', 1),
(307, 33, 78, 'Al-Halq', 'Hamzah', 'b', 1),
(308, 33, 79, 'Al-Halq', 'Hamzah', 'c', 1),
(309, 33, 80, 'Asy-Syafatain', '', 'd', 1),
(310, 33, 81, 'Asy-Syafatain', '', 'a', 1),
(311, 33, 82, 'Asy-Syafatain', 'Ba', 'a', 1),
(312, 33, 83, 'Asy-Syafatain', 'Ba', 'b', 1),
(313, 33, 84, 'Asy-Syafatain', 'Fa', 'c', 1),
(314, 33, 85, 'Asy-Syafatain', 'Fa', 'e', 1),
(315, 34, 64, 'Al-Jauf', 'Alif', 'a', 1),
(316, 34, 65, 'Al-Jauf', 'Alif', 'e', 0),
(317, 33, 88, 'Asy-Syafatain', 'Mim', 'a', 1),
(318, 33, 89, 'Asy-Syafatain', 'Mim', 'e', 0),
(319, 33, 86, 'Asy-Syafatain', 'Wawu', 'd', 1),
(320, 33, 87, 'Asy-Syafatain', 'Wawu', 'b', 1),
(321, 34, 62, 'Al-Jauf', 'Wawu', 'd', 1),
(322, 34, 63, 'Al-Jauf', 'Wawu', 'a', 1),
(323, 33, 90, 'Al-Khaisyum', '', 'a', 1),
(324, 33, 91, 'Al-Khaisyum', '', 'd', 1),
(325, 33, 92, 'Al-Khaisyum', '', 'e', 1),
(326, 33, 93, 'Al-Khaisyum', 'Mim', 'a', 1),
(327, 33, 94, 'Al-Khaisyum', 'Mim', 'c', 0),
(328, 33, 96, 'Al-Khaisyum', 'Nun', 'a', 1),
(329, 33, 97, 'Al-Khaisyum', 'Nun', 'd', 1),
(330, 34, 66, 'Al-Jauf', 'Ya', 'c', 1),
(331, 34, 67, 'Al-Jauf', 'Ya', 'c', 1),
(332, 34, 3, 'Al-Halq', '', 'c', 1),
(333, 34, 4, 'Al-Halq', '', 'c', 1),
(334, 34, 76, 'Al-Halq', 'Ha', 'c', 0),
(335, 34, 77, 'Al-Halq', 'Ha', 'e', 0),
(336, 34, 70, 'Al-Halq', 'Kho', 'd', 1),
(337, 34, 71, 'Al-Halq', 'Kho', 'e', 1),
(338, 34, 72, 'Al-Halq', 'Ain', 'a', 1),
(339, 34, 73, 'Al-Halq', 'Ain', 'b', 0),
(340, 34, 74, 'Al-Halq', 'Ghoin', 'b', 1),
(341, 34, 75, 'Al-Halq', 'Ghoin', 'e', 1),
(342, 34, 68, 'Al-Halq', 'Haa', 'b', 1),
(343, 34, 69, 'Al-Halq', 'Haa', 'a', 1),
(344, 34, 78, 'Al-Halq', 'Hamzah', 'a', 0),
(345, 34, 79, 'Al-Halq', 'Hamzah', 'c', 1),
(346, 23, 30, 'Al-Lisan', 'Ta', 'c', 0),
(347, 23, 31, 'Al-Lisan', 'Ta', 'b', 0),
(348, 23, 32, 'Al-Lisan', 'Tsa', 'b', 0),
(349, 23, 33, 'Al-Lisan', 'Tsa', 'c', 1),
(350, 23, 28, 'Al-Lisan', 'Jim', 'b', 1),
(351, 23, 29, 'Al-Lisan', 'Jim', 'c', 1),
(352, 34, 90, 'Al-Khaisyum', '', 'a', 1),
(353, 34, 91, 'Al-Khaisyum', '', 'b', 0),
(354, 34, 92, 'Al-Khaisyum', '', 'e', 1),
(355, 34, 93, 'Al-Khaisyum', 'Mim', 'a', 1),
(356, 34, 94, 'Al-Khaisyum', 'Mim', 'c', 0),
(357, 23, 34, 'Al-Lisan', 'Dal', 'c', 0),
(358, 23, 35, 'Al-Lisan', 'Dal', 'b', 0),
(359, 34, 96, 'Al-Khaisyum', 'Nun', 'a', 1),
(360, 34, 97, 'Al-Khaisyum', 'Nun', 'e', 0),
(361, 23, 40, 'Al-Lisan', 'Dzal', 'd', 0),
(362, 23, 41, 'Al-Lisan', 'Dzal', 'c', 0),
(363, 23, 42, 'Al-Lisan', 'Ro', 'b', 1),
(364, 23, 43, 'Al-Lisan', 'Ro', 'c', 0),
(365, 34, 80, 'Asy-Syafatain', '', 'd', 1),
(366, 34, 81, 'Asy-Syafatain', '', 'a', 1),
(367, 34, 82, 'Asy-Syafatain', 'Ba', 'd', 0),
(368, 34, 83, 'Asy-Syafatain', 'Ba', 'c', 0),
(369, 34, 84, 'Asy-Syafatain', 'Fa', 'c', 1),
(370, 34, 85, 'Asy-Syafatain', 'Fa', 'e', 1),
(371, 34, 88, 'Asy-Syafatain', 'Mim', 'a', 1),
(372, 34, 89, 'Asy-Syafatain', 'Mim', 'e', 0),
(373, 34, 86, 'Asy-Syafatain', 'Wawu', 'd', 1),
(374, 34, 87, 'Asy-Syafatain', 'Wawu', 'd', 0),
(375, 23, 44, 'Al-Lisan', 'Zayy', 'b', 0),
(376, 23, 45, 'Al-Lisan', 'Zayy', 'a', 1),
(377, 23, 46, 'Al-Lisan', 'Sin', 'b', 0),
(378, 23, 104, 'Al-Lisan', 'Sin', 'b', 0),
(379, 23, 105, 'Al-Lisan', 'Syin', 'e', 1),
(380, 23, 106, 'Al-Lisan', 'Syin', 'd', 0),
(381, 23, 50, 'Al-Lisan', 'Shod', 'ti', 0),
(382, 23, 51, 'Al-Lisan', 'Shod', 'ti', 0),
(383, 23, 52, 'Al-Lisan', 'Dhod', 'c', 0),
(384, 23, 53, 'Al-Lisan', 'Dhod', 'a', 1),
(385, 23, 54, 'Al-Lisan', 'Tho', 'b', 1),
(386, 23, 55, 'Al-Lisan', 'Tho', 'e', 1),
(387, 23, 56, 'Al-Lisan', 'Zho', 'ti', 0),
(388, 23, 57, 'Al-Lisan', 'Zho', 'ti', 0),
(389, 23, 107, 'Al-Lisan', 'Qof', 'd', 1),
(390, 23, 108, 'Al-Lisan', 'Qof', 'ti', 0),
(391, 23, 36, 'Al-Lisan', 'Kaf', 'a', 1),
(392, 23, 37, 'Al-Lisan', 'Kaf', 'ti', 0),
(393, 23, 38, 'Al-Lisan', 'Lam', 'ti', 0),
(394, 23, 39, 'Al-Lisan', 'Lam', 'ti', 0),
(395, 23, 100, 'Al-Lisan', 'Nun', 'b', 1),
(396, 23, 101, 'Al-Lisan', 'Nun', 'ti', 0),
(397, 23, 98, 'Al-Lisan', 'Ya', 'c', 1),
(398, 23, 99, 'Al-Lisan', 'Ya', 'd', 1),
(399, 23, 82, 'Asy-Syafatain', 'Ba', 'a', 1),
(400, 23, 83, 'Asy-Syafatain', 'Ba', 'b', 1),
(401, 23, 84, 'Asy-Syafatain', 'Fa', 'c', 1),
(402, 23, 85, 'Asy-Syafatain', 'Fa', 'd', 0),
(403, 23, 88, 'Asy-Syafatain', 'Mim', 'a', 1),
(404, 23, 89, 'Asy-Syafatain', 'Mim', 'ti', 0),
(405, 23, 86, 'Asy-Syafatain', 'Wawu', 'd', 1),
(406, 23, 87, 'Asy-Syafatain', 'Wawu', 'c', 0),
(407, 23, 93, 'Al-Khaisyum', 'Mim', 'a', 1),
(408, 23, 94, 'Al-Khaisyum', 'Mim', 'd', 1),
(409, 23, 96, 'Al-Khaisyum', 'Nun', 'a', 1),
(410, 23, 97, 'Al-Khaisyum', 'Nun', 'ti', 0),
(411, 24, 28, 'Al-Lisan', 'Jim', 'b', 1),
(412, 24, 29, 'Al-Lisan', 'Jim', 'c', 1),
(413, 33, 26, 'Al-Lisan', '', 'b', 1),
(414, 33, 27, 'Al-Lisan', '', 'e', 1),
(415, 24, 30, 'Al-Lisan', 'Ta', 'd', 1),
(416, 24, 31, 'Al-Lisan', 'Ta', 'a', 1),
(417, 33, 30, 'Al-Lisan', 'Ta', 'd', 1),
(418, 33, 31, 'Al-Lisan', 'Ta', 'a', 1),
(419, 33, 32, 'Al-Lisan', 'Tsa', 'a', 1),
(420, 33, 33, 'Al-Lisan', 'Tsa', 'c', 1),
(421, 24, 32, 'Al-Lisan', 'Tsa', 'b', 0),
(422, 24, 33, 'Al-Lisan', 'Tsa', 'c', 1),
(423, 33, 28, 'Al-Lisan', 'Jim', 'b', 1),
(424, 33, 29, 'Al-Lisan', 'Jim', 'c', 1),
(425, 33, 34, 'Al-Lisan', 'Dal', 'd', 1),
(426, 33, 35, 'Al-Lisan', 'Dal', 'a', 1),
(427, 24, 34, 'Al-Lisan', 'Dal', 'd', 1),
(428, 24, 35, 'Al-Lisan', 'Dal', 'b', 0),
(429, 33, 40, 'Al-Lisan', 'Dzal', 'e', 1),
(430, 33, 41, 'Al-Lisan', 'Dzal', 'd', 0),
(431, 33, 42, 'Al-Lisan', 'Ro', 'e', 0),
(432, 33, 43, 'Al-Lisan', 'Ro', 'b', 1),
(433, 33, 44, 'Al-Lisan', 'Zayy', 'c', 1),
(434, 33, 45, 'Al-Lisan', 'Zayy', 'a', 1),
(435, 33, 46, 'Al-Lisan', 'Sin', 'a', 1),
(436, 33, 104, 'Al-Lisan', 'Sin', 'c', 0),
(437, 33, 105, 'Al-Lisan', 'Syin', 'e', 1),
(438, 33, 106, 'Al-Lisan', 'Syin', 'e', 1),
(439, 33, 50, 'Al-Lisan', 'Shod', 'a', 1),
(440, 33, 51, 'Al-Lisan', 'Shod', 'c', 1),
(441, 33, 52, 'Al-Lisan', 'Dhod', 'b', 1),
(442, 33, 53, 'Al-Lisan', 'Dhod', 'b', 0),
(443, 33, 54, 'Al-Lisan', 'Tho', 'b', 1),
(444, 33, 55, 'Al-Lisan', 'Tho', 'e', 1),
(445, 24, 36, 'Al-Lisan', 'Kaf', 'a', 1),
(446, 24, 37, 'Al-Lisan', 'Kaf', 'b', 1),
(447, 33, 56, 'Al-Lisan', 'Zho', 'b', 1),
(448, 33, 57, 'Al-Lisan', 'Zho', 'b', 0),
(449, 33, 107, 'Al-Lisan', 'Qof', 'd', 1),
(450, 33, 108, 'Al-Lisan', 'Qof', 'e', 1),
(451, 33, 36, 'Al-Lisan', 'Kaf', 'a', 1),
(452, 33, 37, 'Al-Lisan', 'Kaf', 'b', 1),
(453, 24, 40, 'Al-Lisan', 'Dzal', 'e', 1),
(454, 24, 41, 'Al-Lisan', 'Dzal', 'e', 1),
(455, 33, 38, 'Al-Lisan', 'Lam', 'd', 1),
(456, 33, 39, 'Al-Lisan', 'Lam', 'ti', 0),
(457, 33, 100, 'Al-Lisan', 'Nun', 'c', 0),
(458, 33, 101, 'Al-Lisan', 'Nun', 'd', 0),
(459, 24, 42, 'Al-Lisan', 'Ro', 'b', 1),
(460, 24, 43, 'Al-Lisan', 'Ro', 'b', 1),
(461, 24, 44, 'Al-Lisan', 'Zayy', 'c', 1),
(462, 24, 45, 'Al-Lisan', 'Zayy', 'b', 0),
(463, 24, 46, 'Al-Lisan', 'Sin', 'a', 1),
(464, 24, 104, 'Al-Lisan', 'Sin', 'e', 1),
(465, 33, 100, 'Al-Lisan', 'Nun', 'c', 0),
(466, 33, 101, 'Al-Lisan', 'Nun', 'd', 0),
(467, 33, 98, 'Al-Lisan', 'Ya', 'b', 0),
(468, 33, 99, 'Al-Lisan', 'Ya', 'e', 0),
(469, 24, 105, 'Al-Lisan', 'Syin', 'e', 1),
(470, 24, 106, 'Al-Lisan', 'Syin', 'e', 1),
(471, 24, 50, 'Al-Lisan', 'Shod', 'a', 1),
(472, 24, 51, 'Al-Lisan', 'Shod', 'a', 0),
(473, 24, 52, 'Al-Lisan', 'Dhod', 'b', 1),
(474, 24, 53, 'Al-Lisan', 'Dhod', 'b', 0),
(475, 24, 54, 'Al-Lisan', 'Tho', 'b', 1),
(476, 24, 55, 'Al-Lisan', 'Tho', 'e', 1),
(477, 24, 56, 'Al-Lisan', 'Zho', 'b', 1),
(478, 24, 57, 'Al-Lisan', 'Zho', 'c', 1),
(479, 24, 107, 'Al-Lisan', 'Qof', 'd', 1),
(480, 24, 108, 'Al-Lisan', 'Qof', 'e', 1),
(481, 24, 98, 'Al-Lisan', 'Ya', 'c', 1),
(482, 24, 99, 'Al-Lisan', 'Ya', 'd', 1),
(483, 24, 100, 'Al-Lisan', 'Nun', 'b', 1),
(484, 24, 101, 'Al-Lisan', 'Nun', 'e', 1),
(485, 34, 26, 'Al-Lisan', '', 'b', 1),
(486, 34, 27, 'Al-Lisan', '', 'e', 1),
(487, 24, 38, 'Al-Lisan', 'Lam', 'd', 1),
(488, 24, 39, 'Al-Lisan', 'Lam', 'c', 1),
(489, 34, 30, 'Al-Lisan', 'Ta', 'd', 1),
(490, 34, 31, 'Al-Lisan', 'Ta', 'd', 0),
(491, 34, 32, 'Al-Lisan', 'Tsa', 'a', 1),
(492, 34, 33, 'Al-Lisan', 'Tsa', 'a', 0),
(493, 34, 28, 'Al-Lisan', 'Jim', 'b', 1),
(494, 34, 29, 'Al-Lisan', 'Jim', 'e', 0),
(495, 34, 34, 'Al-Lisan', 'Dal', 'd', 1),
(496, 34, 35, 'Al-Lisan', 'Dal', 'a', 1),
(497, 34, 40, 'Al-Lisan', 'Dzal', 'e', 1),
(498, 34, 41, 'Al-Lisan', 'Dzal', 'e', 1),
(499, 34, 42, 'Al-Lisan', 'Ro', 'b', 1),
(500, 34, 43, 'Al-Lisan', 'Ro', 'a', 0),
(501, 34, 44, 'Al-Lisan', 'Zayy', 'c', 1),
(502, 34, 45, 'Al-Lisan', 'Zayy', 'b', 0),
(503, 34, 46, 'Al-Lisan', 'Sin', 'a', 1),
(504, 34, 104, 'Al-Lisan', 'Sin', 'b', 0),
(505, 34, 105, 'Al-Lisan', 'Syin', 'e', 1),
(506, 34, 106, 'Al-Lisan', 'Syin', 'a', 0),
(507, 34, 50, 'Al-Lisan', 'Shod', 'a', 1),
(508, 34, 51, 'Al-Lisan', 'Shod', 'c', 1),
(509, 34, 52, 'Al-Lisan', 'Dhod', 'b', 1),
(510, 34, 53, 'Al-Lisan', 'Dhod', 'ti', 0),
(511, 34, 54, 'Al-Lisan', 'Tho', 'b', 1),
(512, 34, 55, 'Al-Lisan', 'Tho', 'e', 1),
(513, 34, 56, 'Al-Lisan', 'Zho', 'b', 1),
(514, 34, 57, 'Al-Lisan', 'Zho', 'a', 0),
(515, 34, 107, 'Al-Lisan', 'Qof', 'd', 1),
(516, 34, 108, 'Al-Lisan', 'Qof', 'b', 0),
(517, 34, 36, 'Al-Lisan', 'Kaf', 'a', 1),
(518, 34, 37, 'Al-Lisan', 'Kaf', 'd', 0),
(519, 34, 38, 'Al-Lisan', 'Lam', 'e', 0),
(520, 34, 39, 'Al-Lisan', 'Lam', 'a', 0),
(521, 34, 100, 'Al-Lisan', 'Nun', 'a', 0),
(522, 34, 101, 'Al-Lisan', 'Nun', 'b', 0),
(523, 34, 98, 'Al-Lisan', 'Ya', 'd', 0),
(524, 34, 99, 'Al-Lisan', 'Ya', 'e', 0),
(525, 6, 1, 'Pengertian & Manfaat', '', 'a', 1),
(526, 6, 2, 'Pengertian & Manfaat', '', 'c', 0),
(527, 6, 60, 'Al-Jauf', '', 'c', 1),
(528, 6, 61, 'Al-Jauf', '', 'c', 1),
(529, 6, 64, 'Al-Jauf', 'Alif', 'a', 1),
(530, 6, 65, 'Al-Jauf', 'Alif', 'a', 0),
(531, 8, 1, 'Pengertian & Manfaat', '', 'a', 1),
(532, 8, 2, 'Pengertian & Manfaat', '', 'e', 1),
(533, 8, 70, 'Al-Halq', 'Kho', 'd', 1),
(534, 8, 71, 'Al-Halq', 'Kho', 'a', 0),
(535, 8, 3, 'Al-Halq', '', 'c', 1),
(536, 8, 4, 'Al-Halq', '', 'c', 1),
(537, 8, 60, 'Al-Jauf', '', 'c', 1),
(538, 8, 61, 'Al-Jauf', '', 'c', 1),
(539, 8, 64, 'Al-Jauf', 'Alif', 'c', 0),
(540, 8, 65, 'Al-Jauf', 'Alif', 'c', 0),
(541, 6, 62, 'Al-Jauf', 'Wawu', 'a', 0),
(542, 6, 63, 'Al-Jauf', 'Wawu', 'b', 0),
(543, 36, 1, 'Pengertian & Manfaat', '', 'a', 1),
(544, 36, 2, 'Pengertian & Manfaat', '', 'e', 1),
(545, 36, 3, 'Al-Halq', '', 'c', 1),
(546, 36, 4, 'Al-Halq', '', 'c', 1),
(547, 37, 1, 'Pengertian & Manfaat', '', 'a', 1),
(548, 37, 2, 'Pengertian & Manfaat', '', 'e', 1),
(549, 37, 3, 'Al-Halq', '', 'c', 1),
(550, 37, 4, 'Al-Halq', '', 'c', 1),
(551, 37, 76, 'Al-Halq', 'Ha', 'e', 1),
(552, 37, 77, 'Al-Halq', 'Ha', 'a', 1),
(553, 37, 70, 'Al-Halq', 'Kho', 'd', 1),
(554, 37, 71, 'Al-Halq', 'Kho', 'e', 1),
(555, 37, 72, 'Al-Halq', 'Ain', 'a', 1),
(556, 37, 73, 'Al-Halq', 'Ain', 'a', 1),
(557, 38, 1, 'Pengertian & Manfaat', '', 'a', 1),
(558, 38, 2, 'Pengertian & Manfaat', '', 'e', 1),
(559, 38, 3, 'Al-Halq', '', 'c', 1),
(560, 38, 4, 'Al-Halq', '', 'c', 1),
(561, 38, 76, 'Al-Halq', 'Ha', 'e', 1),
(562, 38, 77, 'Al-Halq', 'Ha', 'a', 1),
(563, 38, 70, 'Al-Halq', 'Kho', 'd', 1),
(564, 38, 71, 'Al-Halq', 'Kho', 'e', 1),
(565, 38, 72, 'Al-Halq', 'Ain', 'a', 1),
(566, 38, 73, 'Al-Halq', 'Ain', 'a', 1),
(567, 38, 74, 'Al-Halq', 'Ghoin', 'c', 0),
(568, 38, 75, 'Al-Halq', 'Ghoin', 'e', 1),
(569, 38, 68, 'Al-Halq', 'Haa', 'a', 0),
(570, 38, 69, 'Al-Halq', 'Haa', 'b', 0),
(571, 38, 78, 'Al-Halq', 'Hamzah', 'b', 1),
(572, 38, 79, 'Al-Halq', 'Hamzah', 'c', 1),
(573, 7, 1, 'Pengertian & Manfaat', '', 'c', 0),
(574, 7, 2, 'Pengertian & Manfaat', '', 'c', 0),
(575, 7, 3, 'Al-Halq', '', 'c', 1),
(576, 7, 4, 'Al-Halq', '', 'c', 1),
(577, 7, 76, 'Al-Halq', 'Ha', 'e', 1),
(578, 7, 77, 'Al-Halq', 'Ha', 'e', 0),
(579, 37, 74, 'Al-Halq', 'Ghoin', 'b', 1),
(580, 37, 75, 'Al-Halq', 'Ghoin', 'e', 1),
(581, 37, 68, 'Al-Halq', 'Haa', 'a', 0),
(582, 37, 69, 'Al-Halq', 'Haa', 'b', 0),
(583, 37, 78, 'Al-Halq', 'Hamzah', 'b', 1),
(584, 37, 79, 'Al-Halq', 'Hamzah', 'c', 1),
(585, 40, 1, 'Pengertian & Manfaat', '', 'a', 1),
(586, 40, 2, 'Pengertian & Manfaat', '', 'e', 1),
(587, 40, 3, 'Al-Halq', '', 'c', 1),
(588, 40, 4, 'Al-Halq', '', 'c', 1),
(589, 40, 76, 'Al-Halq', 'Ha', 'e', 1),
(590, 40, 77, 'Al-Halq', 'Ha', 'a', 1),
(591, 40, 70, 'Al-Halq', 'Kho', 'd', 1),
(592, 40, 71, 'Al-Halq', 'Kho', 'e', 1),
(593, 40, 72, 'Al-Halq', 'Ain', 'a', 1),
(594, 40, 73, 'Al-Halq', 'Ain', 'a', 1),
(595, 40, 74, 'Al-Halq', 'Ghoin', 'b', 1),
(596, 40, 75, 'Al-Halq', 'Ghoin', 'e', 1),
(597, 40, 68, 'Al-Halq', 'Haa', 'a', 0),
(598, 40, 69, 'Al-Halq', 'Haa', 'b', 0),
(599, 40, 78, 'Al-Halq', 'Hamzah', 'b', 1),
(600, 40, 79, 'Al-Halq', 'Hamzah', 'c', 1),
(601, 39, 1, 'Pengertian & Manfaat', '', 'a', 1),
(602, 39, 2, 'Pengertian & Manfaat', '', 'e', 1),
(603, 39, 60, 'Al-Jauf', '', 'c', 1),
(604, 39, 61, 'Al-Jauf', '', 'c', 1),
(605, 39, 64, 'Al-Jauf', 'Alif', 'e', 0),
(606, 39, 65, 'Al-Jauf', 'Alif', 'a', 0),
(607, 39, 3, 'Al-Halq', '', 'c', 1),
(608, 39, 4, 'Al-Halq', '', 'c', 1),
(609, 39, 76, 'Al-Halq', 'Ha', 'e', 1),
(610, 39, 77, 'Al-Halq', 'Ha', 'a', 1),
(611, 39, 70, 'Al-Halq', 'Kho', 'd', 1),
(612, 39, 71, 'Al-Halq', 'Kho', 'e', 1),
(613, 36, 76, 'Al-Halq', 'Ha', 'e', 1),
(614, 36, 77, 'Al-Halq', 'Ha', 'a', 1),
(615, 36, 70, 'Al-Halq', 'Kho', 'd', 1),
(616, 36, 71, 'Al-Halq', 'Kho', 'e', 1),
(617, 36, 72, 'Al-Halq', 'Ain', 'a', 1),
(618, 36, 73, 'Al-Halq', 'Ain', 'a', 1),
(619, 36, 74, 'Al-Halq', 'Ghoin', 'b', 1),
(620, 36, 75, 'Al-Halq', 'Ghoin', 'e', 1),
(621, 36, 68, 'Al-Halq', 'Haa', 'b', 1),
(622, 36, 69, 'Al-Halq', 'Haa', 'a', 1),
(623, 36, 78, 'Al-Halq', 'Hamzah', 'b', 1),
(624, 36, 79, 'Al-Halq', 'Hamzah', 'c', 1),
(625, 41, 1, 'Pengertian & Manfaat', '', 'a', 1),
(626, 41, 2, 'Pengertian & Manfaat', '', 'e', 1),
(627, 42, 1, 'Pengertian & Manfaat', '', 'a', 1),
(628, 42, 2, 'Pengertian & Manfaat', '', 'e', 1),
(629, 42, 3, 'Al-Halq', '', 'c', 1),
(630, 42, 4, 'Al-Halq', '', 'c', 1),
(631, 42, 76, 'Al-Halq', 'Ha', 'e', 1),
(632, 42, 77, 'Al-Halq', 'Ha', 'a', 1),
(633, 42, 70, 'Al-Halq', 'Kho', 'd', 1),
(634, 42, 71, 'Al-Halq', 'Kho', 'e', 1),
(635, 42, 72, 'Al-Halq', 'Ain', 'a', 1),
(636, 42, 73, 'Al-Halq', 'Ain', 'a', 1),
(637, 42, 74, 'Al-Halq', 'Ghoin', 'b', 1),
(638, 42, 75, 'Al-Halq', 'Ghoin', 'e', 1),
(639, 42, 68, 'Al-Halq', 'Haa', 'b', 1),
(640, 42, 69, 'Al-Halq', 'Haa', 'a', 1),
(641, 42, 78, 'Al-Halq', 'Hamzah', 'b', 1),
(642, 42, 79, 'Al-Halq', 'Hamzah', 'c', 1),
(643, 39, 72, 'Al-Halq', 'Ain', 'a', 1),
(644, 39, 73, 'Al-Halq', 'Ain', 'a', 1),
(645, 39, 74, 'Al-Halq', 'Ghoin', 'b', 1),
(646, 39, 75, 'Al-Halq', 'Ghoin', 'e', 1),
(647, 39, 68, 'Al-Halq', 'Haa', 'b', 1),
(648, 39, 69, 'Al-Halq', 'Haa', 'a', 1),
(649, 39, 78, 'Al-Halq', 'Hamzah', 'b', 1),
(650, 39, 79, 'Al-Halq', 'Hamzah', 'c', 1),
(651, 43, 1, 'Pengertian & Manfaat', '', 'c', 0),
(652, 43, 2, 'Pengertian & Manfaat', '', 'c', 0),
(653, 43, 3, 'Al-Halq', '', 'c', 1),
(654, 43, 4, 'Al-Halq', '', 'c', 1),
(655, 43, 76, 'Al-Halq', 'Ha', 'e', 1),
(656, 43, 77, 'Al-Halq', 'Ha', 'a', 1),
(657, 43, 70, 'Al-Halq', 'Kho', 'd', 1),
(658, 43, 71, 'Al-Halq', 'Kho', 'e', 1),
(659, 43, 72, 'Al-Halq', 'Ain', 'a', 1),
(660, 43, 73, 'Al-Halq', 'Ain', 'a', 1),
(661, 41, 80, 'Asy-Syafatain', '', 'd', 1),
(662, 41, 81, 'Asy-Syafatain', '', 'a', 1),
(663, 43, 74, 'Al-Halq', 'Ghoin', 'b', 1),
(664, 43, 75, 'Al-Halq', 'Ghoin', 'e', 1),
(665, 43, 68, 'Al-Halq', 'Haa', 'b', 1),
(666, 43, 69, 'Al-Halq', 'Haa', 'a', 1),
(667, 43, 78, 'Al-Halq', 'Hamzah', 'b', 1),
(668, 43, 79, 'Al-Halq', 'Hamzah', 'c', 1),
(669, 6, 90, 'Al-Khaisyum', '', 'a', 1),
(670, 6, 91, 'Al-Khaisyum', '', 'd', 1),
(671, 6, 92, 'Al-Khaisyum', '', 'e', 1),
(672, 6, 93, 'Al-Khaisyum', 'Mim', 'a', 1),
(673, 6, 94, 'Al-Khaisyum', 'Mim', 'b', 0),
(674, 6, 96, 'Al-Khaisyum', 'Nun', 'b', 0),
(675, 6, 97, 'Al-Khaisyum', 'Nun', 'a', 0),
(676, 45, 1, 'Pengertian & Manfaat', '', 'c', 0),
(677, 45, 2, 'Pengertian & Manfaat', '', 'c', 0),
(678, 45, 3, 'Al-Halq', '', 'c', 1),
(679, 45, 4, 'Al-Halq', '', 'c', 1),
(680, 45, 70, 'Al-Halq', 'Kho', 'd', 1),
(681, 45, 71, 'Al-Halq', 'Kho', 'e', 1),
(682, 45, 60, 'Al-Jauf', '', 'c', 1),
(683, 45, 61, 'Al-Jauf', '', 'c', 1),
(684, 45, 64, 'Al-Jauf', 'Alif', 'a', 1),
(685, 45, 65, 'Al-Jauf', 'Alif', 'a', 0),
(686, 45, 76, 'Al-Halq', 'Ha', 'a', 0),
(687, 45, 77, 'Al-Halq', 'Ha', 'c', 0),
(688, 45, 90, 'Al-Khaisyum', '', 'a', 1),
(689, 45, 91, 'Al-Khaisyum', '', 'd', 1),
(690, 45, 92, 'Al-Khaisyum', '', 'e', 1),
(691, 45, 93, 'Al-Khaisyum', 'Mim', 'a', 1),
(692, 45, 94, 'Al-Khaisyum', 'Mim', 'c', 0),
(693, 47, 1, 'Pengertian & Manfaat', '', 'a', 1),
(694, 47, 2, 'Pengertian & Manfaat', '', 'a', 0),
(695, 47, 60, 'Al-Jauf', '', 'b', 0),
(696, 47, 61, 'Al-Jauf', '', 'a', 0),
(697, 47, 64, 'Al-Jauf', 'Alif', 'a', 1),
(698, 47, 65, 'Al-Jauf', 'Alif', 'b', 1),
(699, 48, 1, 'Pengertian & Manfaat', '', 'a', 1),
(700, 48, 2, 'Pengertian & Manfaat', '', 'a', 0),
(701, 48, 64, 'Al-Jauf', 'Alif', 'a', 1),
(702, 48, 65, 'Al-Jauf', 'Alif', 'c', 0),
(703, 48, 60, 'Al-Jauf', '', 'c', 1),
(704, 48, 61, 'Al-Jauf', '', 'c', 1),
(705, 48, 62, 'Al-Jauf', 'Wawu', 'd', 1),
(706, 48, 63, 'Al-Jauf', 'Wawu', 'b', 0),
(707, 48, 66, 'Al-Jauf', 'Ya', 'c', 1),
(708, 48, 67, 'Al-Jauf', 'Ya', 'c', 1),
(709, 49, 1, 'Pengertian & Manfaat', '', 'a', 1),
(710, 49, 2, 'Pengertian & Manfaat', '', 'a', 0),
(711, 49, 60, 'Al-Jauf', '', 'c', 1),
(712, 49, 61, 'Al-Jauf', '', 'c', 1),
(713, 49, 64, 'Al-Jauf', 'Alif', 'ti', 0),
(714, 49, 65, 'Al-Jauf', 'Alif', 'a', 0),
(715, 49, 62, 'Al-Jauf', 'Wawu', 'd', 1),
(716, 49, 63, 'Al-Jauf', 'Wawu', 'a', 1),
(717, 49, 66, 'Al-Jauf', 'Ya', 'c', 1),
(718, 49, 67, 'Al-Jauf', 'Ya', 'd', 0),
(719, 50, 1, 'Pengertian & Manfaat', '', 'a', 1),
(720, 50, 2, 'Pengertian & Manfaat', '', 'a', 0),
(721, 50, 60, 'Al-Jauf', '', 'b', 0),
(722, 50, 61, 'Al-Jauf', '', 'b', 0),
(723, 50, 64, 'Al-Jauf', 'Alif', 'c', 0),
(724, 50, 65, 'Al-Jauf', 'Alif', 'a', 0),
(725, 50, 62, 'Al-Jauf', 'Wawu', 'a', 0),
(726, 50, 63, 'Al-Jauf', 'Wawu', 'a', 1),
(727, 50, 66, 'Al-Jauf', 'Ya', 'a', 0),
(728, 50, 67, 'Al-Jauf', 'Ya', 'a', 0),
(729, 51, 1, 'Pengertian & Manfaat', '', 'a', 1),
(730, 51, 2, 'Pengertian & Manfaat', '', 'd', 0),
(731, 51, 60, 'Al-Jauf', '', 'c', 1),
(732, 51, 61, 'Al-Jauf', '', 'c', 1),
(733, 51, 64, 'Al-Jauf', 'Alif', 'a', 1),
(734, 51, 65, 'Al-Jauf', 'Alif', 'd', 0),
(735, 51, 62, 'Al-Jauf', 'Wawu', 'a', 0),
(736, 51, 63, 'Al-Jauf', 'Wawu', 'a', 1),
(737, 51, 66, 'Al-Jauf', 'Ya', 'c', 1),
(738, 51, 67, 'Al-Jauf', 'Ya', 'e', 0),
(739, 52, 1, 'Pengertian & Manfaat', '', 'a', 1),
(740, 52, 2, 'Pengertian & Manfaat', '', 'a', 0),
(741, 52, 66, 'Al-Jauf', 'Ya', 'c', 1),
(742, 52, 67, 'Al-Jauf', 'Ya', 'c', 1),
(743, 52, 62, 'Al-Jauf', 'Wawu', 'd', 1),
(744, 52, 63, 'Al-Jauf', 'Wawu', 'e', 0),
(745, 52, 64, 'Al-Jauf', 'Alif', 'a', 1),
(746, 52, 65, 'Al-Jauf', 'Alif', 'c', 0),
(747, 53, 1, 'Pengertian & Manfaat', '', 'a', 1),
(748, 53, 2, 'Pengertian & Manfaat', '', 'a', 0),
(749, 53, 60, 'Al-Jauf', '', 'c', 1),
(750, 53, 61, 'Al-Jauf', '', 'c', 1),
(751, 53, 64, 'Al-Jauf', 'Alif', 'a', 1),
(752, 53, 65, 'Al-Jauf', 'Alif', 'b', 1),
(753, 45, 96, 'Al-Khaisyum', 'Nun', 'a', 1),
(754, 45, 97, 'Al-Khaisyum', 'Nun', 'c', 0),
(755, 54, 1, 'Pengertian & Manfaat', '', 'a', 1),
(756, 54, 2, 'Pengertian & Manfaat', '', 'e', 1),
(757, 54, 64, 'Al-Jauf', 'Alif', 'a', 1),
(758, 54, 65, 'Al-Jauf', 'Alif', 'e', 0),
(759, 54, 60, 'Al-Jauf', '', 'b', 0),
(760, 54, 61, 'Al-Jauf', '', 'a', 0),
(761, 54, 62, 'Al-Jauf', 'Wawu', 'd', 1),
(762, 54, 63, 'Al-Jauf', 'Wawu', 'b', 0),
(763, 54, 66, 'Al-Jauf', 'Ya', 'c', 1),
(764, 54, 67, 'Al-Jauf', 'Ya', 'c', 1),
(765, 55, 1, 'Pengertian & Manfaat', '', 'a', 1),
(766, 55, 2, 'Pengertian & Manfaat', '', 'a', 0),
(767, 55, 60, 'Al-Jauf', '', 'c', 1),
(768, 55, 61, 'Al-Jauf', '', 'c', 1),
(769, 55, 64, 'Al-Jauf', 'Alif', 'a', 1),
(770, 55, 65, 'Al-Jauf', 'Alif', 'a', 0),
(771, 55, 62, 'Al-Jauf', 'Wawu', 'a', 0),
(772, 55, 63, 'Al-Jauf', 'Wawu', 'a', 1),
(773, 55, 66, 'Al-Jauf', 'Ya', 'c', 1),
(774, 55, 67, 'Al-Jauf', 'Ya', 'a', 0),
(775, 56, 1, 'Pengertian & Manfaat', '', 'a', 1),
(776, 56, 2, 'Pengertian & Manfaat', '', 'a', 0),
(777, 56, 1, 'Pengertian & Manfaat', '', 'a', 1),
(778, 56, 2, 'Pengertian & Manfaat', '', 'e', 1);

-- --------------------------------------------------------

--
-- Table structure for table `status_tugas`
--

CREATE TABLE `status_tugas` (
  `id` int(11) NOT NULL,
  `username` char(20) NOT NULL,
  `Pengertian` tinyint(4) NOT NULL DEFAULT -1,
  `AlJauf` tinyint(4) NOT NULL DEFAULT -1,
  `AlHalq` tinyint(4) NOT NULL DEFAULT -1,
  `AlLisan` tinyint(4) NOT NULL DEFAULT -1,
  `AsySyafatain` tinyint(4) NOT NULL DEFAULT -1,
  `AlKhaisyum` tinyint(4) NOT NULL DEFAULT -1,
  `tugas1` tinyint(4) NOT NULL DEFAULT -1,
  `tugas2` tinyint(4) NOT NULL DEFAULT -1,
  `tugas3` tinyint(4) NOT NULL DEFAULT -1,
  `tugas4` tinyint(4) NOT NULL DEFAULT -1,
  `tugas5` tinyint(4) NOT NULL DEFAULT -1,
  `tugas6` tinyint(4) NOT NULL DEFAULT -1,
  `tugas7` tinyint(4) NOT NULL DEFAULT -1,
  `tugas8` tinyint(4) NOT NULL DEFAULT -1,
  `tugas9` tinyint(4) NOT NULL DEFAULT -1,
  `tugas10` tinyint(4) NOT NULL DEFAULT -1,
  `tugas11` tinyint(4) NOT NULL DEFAULT -1,
  `tugas12` tinyint(4) NOT NULL DEFAULT -1,
  `tugas13` tinyint(4) NOT NULL DEFAULT -1,
  `tugas14` tinyint(4) NOT NULL DEFAULT -1,
  `tugas15` tinyint(4) NOT NULL DEFAULT -1,
  `tugas16` tinyint(4) NOT NULL DEFAULT -1,
  `tugas17` tinyint(4) NOT NULL DEFAULT -1,
  `tugas18` tinyint(4) NOT NULL DEFAULT -1,
  `tugas19` tinyint(4) NOT NULL DEFAULT -1,
  `tugas20` tinyint(4) NOT NULL DEFAULT -1,
  `tugas21` tinyint(4) NOT NULL DEFAULT -1,
  `tugas22` tinyint(4) NOT NULL DEFAULT -1,
  `tugas23` tinyint(4) NOT NULL DEFAULT -1,
  `tugas24` tinyint(4) NOT NULL DEFAULT -1,
  `tugas25` tinyint(4) NOT NULL DEFAULT -1,
  `tugas26` tinyint(4) NOT NULL DEFAULT -1,
  `tugas27` tinyint(4) NOT NULL DEFAULT -1,
  `tugas28` tinyint(4) NOT NULL DEFAULT -1,
  `tugas29` tinyint(4) NOT NULL DEFAULT -1,
  `tugas30` tinyint(4) NOT NULL DEFAULT -1,
  `tugas31` tinyint(4) NOT NULL DEFAULT -1,
  `tugas32` tinyint(4) NOT NULL DEFAULT -1,
  `tugas33` tinyint(4) NOT NULL DEFAULT -1,
  `evaluasi` tinyint(4) NOT NULL DEFAULT 0
) ENGINE=InnoDB DEFAULT CHARSET=latin1;

--
-- Dumping data for table `status_tugas`
--

INSERT INTO `status_tugas` (`id`, `username`, `Pengertian`, `AlJauf`, `AlHalq`, `AlLisan`, `AsySyafatain`, `AlKhaisyum`, `tugas1`, `tugas2`, `tugas3`, `tugas4`, `tugas5`, `tugas6`, `tugas7`, `tugas8`, `tugas9`, `tugas10`, `tugas11`, `tugas12`, `tugas13`, `tugas14`, `tugas15`, `tugas16`, `tugas17`, `tugas18`, `tugas19`, `tugas20`, `tugas21`, `tugas22`, `tugas23`, `tugas24`, `tugas25`, `tugas26`, `tugas27`, `tugas28`, `tugas29`, `tugas30`, `tugas31`, `tugas32`, `tugas33`, `evaluasi`) VALUES
(1, '20200001', 50, 100, -1, -1, -1, 100, 3, -1, -1, -1, -1, -1, -1, -1, -1, -1, -1, -1, -1, -1, -1, -1, -1, -1, -1, -1, -1, -1, -1, -1, 1, -1, 2, 0, -1, -1, -1, -1, -1, 0),
(2, '20200002', 0, -1, 100, -1, -1, -1, -1, -1, -1, -1, -1, 1, -1, -1, -1, -1, -1, -1, -1, -1, -1, -1, -1, -1, -1, -1, -1, -1, -1, -1, -1, -1, -1, -1, -1, -1, -1, -1, -1, 0),
(3, '20200003', 100, 100, 127, -1, -1, -1, 0, -1, -1, -1, -1, -1, 3, -1, -1, -1, -1, -1, -1, -1, -1, -1, -1, -1, -1, -1, -1, -1, -1, -1, -1, -1, -1, -1, -1, -1, -1, -1, -1, 0),
(4, '20200004', -1, -1, -1, -1, -1, -1, -1, -1, -1, -1, -1, -1, -1, -1, -1, -1, -1, -1, -1, -1, -1, -1, -1, -1, -1, -1, -1, -1, -1, -1, -1, -1, -1, -1, -1, -1, -1, -1, -1, 0),
(15, 'iqbalee', 100, 100, 50, 100, 100, 100, 3, 3, 3, 3, 3, 3, 3, 3, 3, 3, 3, 3, 3, 3, 3, 3, 3, 3, 3, 3, 3, 3, 3, 3, 3, 3, 3, 3, 3, 3, 3, 3, 3, 2),
(16, 'hildaaa', 100, 50, 100, 100, 100, 100, 3, 3, 3, 3, 3, 3, 3, 3, 3, 3, 3, 3, 3, 3, 3, 3, 3, 3, 3, 3, 3, 3, 3, 3, 3, 3, 3, 3, 3, 3, 3, 3, 3, 2),
(25, 'rifqitr', 100, 100, 100, 100, 100, 100, 3, 3, 3, 3, 3, 3, 3, 3, 3, 3, 3, 3, 3, 3, 3, 3, 3, 3, 3, 3, 3, 3, 3, 3, 3, 3, 3, 3, 3, 3, 3, 3, 3, 2),
(26, 'faisal', 100, 100, 100, 100, 100, 67, 3, 3, 3, 3, 3, 3, 3, 3, 3, 3, 3, 3, 3, 3, 3, 3, 3, 3, 3, 3, 3, 3, 3, 3, 3, 3, 3, 3, 3, 3, 3, 3, 3, 2),
(27, 'asep55', -1, -1, -1, -1, -1, -1, -1, -1, -1, -1, -1, -1, -1, -1, -1, -1, -1, -1, -1, -1, -1, -1, -1, -1, -1, -1, -1, -1, -1, -1, -1, -1, -1, -1, -1, -1, -1, -1, -1, 0),
(28, 'hitnesmuh', 100, -1, 100, -1, -1, -1, -1, -1, -1, -1, -1, 3, 3, -1, -1, -1, -1, -1, -1, -1, -1, -1, -1, 3, 3, -1, -1, -1, -1, -1, -1, -1, -1, -1, -1, 3, 3, -1, -1, 0),
(29, 'glapras', 100, -1, 100, -1, -1, -1, -1, -1, -1, -1, -1, 3, 3, -1, -1, -1, -1, -1, -1, -1, -1, -1, -1, 3, 3, -1, -1, -1, -1, -1, -1, -1, -1, -1, -1, 3, 3, -1, -1, 0),
(30, 'bammss98', 100, -1, 100, -1, -1, -1, -1, -1, -1, -1, -1, 3, 3, -1, -1, -1, -1, -1, -1, -1, -1, -1, -1, 3, 3, -1, -1, -1, -1, -1, -1, -1, -1, -1, -1, 3, 3, -1, -1, 0),
(31, 'Bagjafajar09', 100, 100, 100, -1, -1, -1, 0, -1, -1, -1, -1, 3, 3, -1, -1, -1, -1, -1, -1, -1, -1, -1, -1, 3, 3, -1, -1, -1, -1, -1, -1, -1, -1, -1, -1, 3, 3, -1, -1, 0),
(32, 'rzafiar', 100, -1, 100, -1, -1, -1, -1, -1, -1, -1, -1, 3, 3, -1, -1, -1, -1, -1, -1, -1, -1, -1, -1, 3, 3, -1, -1, -1, -1, -1, -1, -1, -1, -1, -1, 3, 3, -1, -1, 0),
(33, 'resky', 100, -1, -1, -1, 100, -1, -1, -1, -1, -1, -1, -1, -1, -1, -1, -1, -1, -1, -1, -1, -1, -1, -1, -1, -1, -1, -1, -1, -1, -1, -1, -1, -1, -1, -1, -1, -1, -1, -1, 0),
(34, 'wandayud69', 100, -1, 100, -1, -1, -1, -1, -1, -1, -1, -1, 3, 3, -1, -1, -1, -1, -1, -1, -1, -1, -1, -1, 3, 3, -1, -1, -1, -1, -1, -1, -1, -1, -1, -1, 3, 3, -1, -1, 0),
(35, 'anggi19', 0, -1, 100, -1, -1, -1, -1, -1, -1, -1, -1, 3, 3, -1, -1, -1, -1, -1, -1, -1, -1, -1, -1, 3, 3, -1, -1, -1, -1, -1, -1, -1, -1, -1, -1, 3, 3, -1, -1, 0),
(36, 'zamzam', -1, -1, -1, -1, -1, -1, -1, -1, -1, -1, -1, -1, -1, -1, -1, -1, -1, -1, -1, -1, -1, -1, -1, -1, -1, -1, -1, -1, -1, -1, -1, -1, -1, -1, -1, -1, -1, -1, -1, 0),
(37, 'mahasiswa', 0, 100, 100, -1, -1, 100, 0, -1, -1, -1, -1, 0, 1, -1, -1, -1, -1, -1, -1, -1, -1, -1, -1, -1, -1, -1, -1, -1, -1, -1, 2, -1, 0, -1, -1, -1, -1, -1, -1, 0),
(38, 'siswa1', -1, -1, -1, -1, -1, -1, -1, -1, -1, -1, -1, -1, -1, -1, -1, -1, -1, -1, -1, -1, -1, -1, -1, -1, -1, -1, -1, -1, -1, -1, -1, -1, -1, -1, -1, -1, -1, -1, -1, 0),
(39, 'A_djo11', 50, 0, -1, -1, -1, -1, 1, -1, -1, -1, -1, -1, -1, -1, -1, -1, -1, -1, -1, -1, -1, -1, -1, -1, -1, -1, -1, -1, -1, -1, -1, -1, -1, -1, -1, -1, -1, -1, -1, 0),
(40, 'renraleerning', 50, 127, -1, -1, -1, -1, 3, -1, -1, -1, -1, -1, -1, -1, -1, -1, -1, -1, -1, -1, -1, -1, -1, -1, -1, -1, -1, -1, -1, -1, -1, -1, -1, 3, -1, -1, -1, 3, -1, 0),
(41, 'Yolanandasp', 50, 100, -1, -1, -1, -1, 3, -1, -1, -1, -1, -1, -1, -1, -1, -1, -1, -1, -1, -1, -1, -1, -1, -1, -1, -1, -1, -1, -1, -1, -1, -1, -1, 3, -1, -1, -1, 3, -1, 0),
(42, 'Sofifr', 50, 0, -1, -1, -1, -1, 3, -1, -1, -1, -1, -1, -1, -1, -1, -1, -1, -1, -1, -1, -1, -1, -1, -1, -1, -1, -1, -1, -1, -1, -1, -1, -1, 3, -1, -1, -1, 3, -1, 0),
(43, 'BossIns', 50, 100, -1, -1, -1, -1, 3, -1, -1, -1, -1, -1, -1, -1, -1, -1, -1, -1, -1, -1, -1, -1, -1, -1, -1, -1, -1, -1, -1, -1, -1, -1, -1, 3, -1, -1, -1, 3, -1, 0),
(44, 'alihasanash', 50, -1, -1, -1, -1, -1, 3, -1, -1, -1, -1, -1, -1, -1, -1, -1, -1, -1, -1, -1, -1, -1, -1, -1, -1, -1, -1, -1, -1, -1, -1, -1, -1, 3, -1, -1, -1, 3, -1, 0),
(45, 'nurmaulanimt', 50, 100, -1, -1, -1, -1, 0, -1, -1, -1, -1, -1, -1, -1, -1, -1, -1, -1, -1, -1, -1, -1, -1, -1, -1, -1, -1, -1, -1, -1, -1, -1, -1, -1, -1, -1, -1, -1, -1, 0),
(46, 'Rapiip', 100, 50, -1, -1, -1, -1, 3, -1, -1, -1, -1, -1, -1, -1, -1, -1, -1, -1, -1, -1, -1, -1, -1, -1, -1, -1, -1, -1, -1, -1, -1, -1, -1, 3, -1, -1, -1, 3, -1, 0),
(47, 'Amellyamnr', 50, 100, -1, -1, -1, -1, 3, -1, -1, -1, -1, -1, -1, -1, -1, -1, -1, -1, -1, -1, -1, -1, -1, -1, -1, -1, -1, -1, -1, -1, -1, -1, -1, 3, -1, -1, -1, 3, -1, 0),
(48, 'Tiara12345', 127, -1, -1, -1, -1, -1, -1, -1, -1, -1, -1, -1, -1, -1, -1, -1, -1, -1, -1, -1, -1, -1, -1, -1, -1, -1, -1, -1, -1, -1, -1, -1, -1, -1, -1, -1, -1, -1, -1, 0);

-- --------------------------------------------------------

--
-- Table structure for table `submateri`
--

CREATE TABLE `submateri` (
  `id_submateri` tinyint(1) NOT NULL,
  `id_materi` tinyint(1) NOT NULL,
  `icon` text NOT NULL,
  `nama_submateri` char(20) NOT NULL,
  `huruf_submateri` char(30) CHARACTER SET utf8 COLLATE utf8_unicode_ci NOT NULL,
  `uraian_singkat` char(255) NOT NULL,
  `video` text CHARACTER SET utf8 COLLATE utf8_unicode_ci DEFAULT NULL
) ENGINE=InnoDB DEFAULT CHARSET=latin1;

--
-- Dumping data for table `submateri`
--

INSERT INTO `submateri` (`id_submateri`, `id_materi`, `icon`, `nama_submateri`, `huruf_submateri`, `uraian_singkat`, `video`) VALUES
(1, 1, 'alif.png', 'Alif', '', '', 'Alif.mp4'),
(2, 4, 'ba.png', 'Ba', '', '', 'Ba.mp4'),
(3, 3, 'ta.png', 'Ta', '', '', 'Ta.mp4'),
(4, 3, 'tsa.png', 'Tsa', '', '', 'Tsa.mp4'),
(5, 3, 'jim.png', 'Jim', '', '', 'Jim.mp4'),
(6, 2, 'ha.png', 'Ha', '', '', 'Ha.mp4'),
(7, 2, 'kho.png', 'Kho', '', '', 'Kho.mp4'),
(8, 3, 'dal.png', 'Dal', '', '', 'Dal.mp4'),
(9, 3, 'dzal.png', 'Dzal', '', '', 'Dzal.mp4'),
(10, 3, 'ro.png', 'Ro', '', '', 'Ro.mp4'),
(11, 3, 'zai.png', 'Zayy', '', '', 'Zay, Zayy atau Za.mp4'),
(12, 3, 'sin.png', 'Sin', '', '', 'Sin.mp4'),
(13, 3, 'syin.png', 'Syin', '', '', 'Syin.mp4'),
(14, 3, 'shod.png', 'Shod', '', '', 'Shod.mp4'),
(15, 3, 'dhod.png', 'Dhod', '', '', 'Dhod.mp4'),
(16, 3, 'tho.png', 'Tho', '', '', 'Tho.mp4'),
(17, 3, 'zho.png', 'Zho', '', '', 'Zho.mp4'),
(18, 2, 'ain.png', 'Ain', '', '', 'Ain.mp4'),
(19, 2, 'ghoin.png', 'Ghoin', '', '', 'Ghoin.mp4'),
(20, 4, 'fa.png', 'Fa', '', '', 'Fa.mp4'),
(21, 3, 'qof.png', 'Qof', '', '', 'Qof.mp4'),
(22, 3, 'kaf.png', 'Kaf', '', '', 'Kaf.mp4'),
(23, 3, 'lam.png', 'Lam', '', '', 'Lam.mp4'),
(24, 4, 'mim.png', 'Mim', '', '', 'Mim.mp4'),
(25, 5, 'mim.png', 'Mim', '', '', 'Mim.mp4'),
(26, 3, 'nun.png', 'Nun', '', '', 'Nun.mp4'),
(27, 5, 'nun.png', 'Nun', '', '', 'Nun.mp4'),
(28, 1, 'wawu.png', 'Wawu', '', '', 'Wawu.mp4'),
(29, 4, 'wawu.png', 'Wawu', '', '', 'Wawu.mp4'),
(30, 2, 'haa.png', 'Haa', '', '', 'Haa.mp4'),
(31, 2, 'hamzah.png', 'Hamzah', '', '', 'Hamzah.mp4'),
(32, 1, 'ya.png', 'Ya', '', '', 'Yaaaa.mp4'),
(33, 3, 'ya.png', 'Ya', '', '', 'Ya.mp4');

-- --------------------------------------------------------

--
-- Table structure for table `user`
--

CREATE TABLE `user` (
  `id_user` int(11) NOT NULL,
  `level_user` tinyint(1) NOT NULL,
  `username_user` char(20) NOT NULL,
  `password_user` char(20) NOT NULL,
  `nama_user` char(30) NOT NULL,
  `foto_user` char(30) NOT NULL DEFAULT 'default.png',
  `sidebar_check` tinyint(1) NOT NULL DEFAULT 0,
  `tugas_check` tinyint(1) NOT NULL DEFAULT 0,
  `forum_check` tinyint(1) NOT NULL DEFAULT 0
) ENGINE=InnoDB DEFAULT CHARSET=latin1;

--
-- Dumping data for table `user`
--

INSERT INTO `user` (`id_user`, `level_user`, `username_user`, `password_user`, `nama_user`, `foto_user`, `sidebar_check`, `tugas_check`, `forum_check`) VALUES
(1, 1, 'admin', 'admin', 'Acid', 'default.png', 0, 0, 0),
(2, 2, 'hildaaul', 'hildaaul', 'Hida Aulia Safitrii', 'default.png', 0, 0, 0),
(3, 2, 'mrfash_', 'mrfash_', 'Muhammad Faishal', 'default.png', 0, 0, 0),
(4, 2, 'aqeww', 'aqeww', 'Rifqi Tryananda Rulliandi', 'default.png', 0, 0, 0),
(5, 2, 'rasyidrmhd', 'rasyidrmhd', 'Muhammad Rasyid Ridho', 'default.png', 0, 0, 0),
(6, 3, '20200001', '20200001', 'Bagas31', '20200001.jpg', 1, 0, 0),
(7, 3, '20200002', '20200002', 'Kuyhaa', '20200002.jpg', 0, 0, 0),
(8, 3, '20200003', '20200003', 'Gigapurbalingga', 'default.png', 0, 0, 0),
(9, 3, '20200004', '20200004', 'IndoXXI', '20200004.jpg', 0, 0, 0),
(23, 3, 'iqbalee', '123456', 'Muhammad Iqbal Ramadhan', 'iqbalee.jpg', 0, 0, 1),
(24, 3, 'hildaaa', 'hildahilda', 'Hilda Aulia Safitri', 'default.png', 0, 0, 0),
(33, 3, 'rifqitr', 'rifqitr', 'Rifqi Tryananda Rulliandi', 'default.png', 0, 0, 0),
(34, 3, 'faisal', 'faisal', 'Muhamad Faisal', 'default.png', 0, 0, 0),
(35, 3, 'asep55', '12345678', 'muhamad asep', 'default.png', 0, 0, 0),
(36, 3, 'hitnesmuh', '07513289', 'Hitnes Muharram', 'default.png', 0, 0, 0),
(37, 3, 'glapras', '123454', 'Galang Satria Prasadana', 'default.png', 0, 0, 0),
(38, 3, 'bammss98', '03juli1998', 'bambang subarna', 'default.png', 0, 0, 0),
(39, 3, 'Bagjafajar09', 'fajarseboed123', 'Fajar Bagja Gumilar Winata', 'Bagjafajar09.jpg', 1, 0, 0),
(40, 3, 'rzafiar', '123456', 'Rayhan Zafiar', 'default.png', 0, 0, 0),
(41, 3, 'resky', 'siswa123', 'Resky Ramadhandi Santoso', 'default.png', 0, 0, 0),
(42, 3, 'wandayud69', 'qweasd123', 'Wanda Yudha Pratama', 'default.png', 1, 0, 0),
(43, 3, 'anggi19', 'anggi99', 'Aghnia Ziyan Nabilah', 'default.png', 0, 0, 0),
(44, 2, 'zamzam', '12345678', 'Zamzam N', 'default.png', 0, 0, 0),
(45, 3, 'mahasiswa', 'santri', 'Mahasiswa', 'default.png', 0, 0, 0),
(46, 3, 'siswa1', 'siswa123', 'Siswa Sample', 'default.png', 0, 0, 0),
(47, 3, 'A_djo11', '123456', 'Ilham Mohammad Hanip Soetardjo', 'default.png', 0, 0, 0),
(48, 3, 'renraleerning', 'budiman', 'Renra Noviana', 'default.png', 0, 0, 0),
(49, 3, 'Yolanandasp', '123456', 'Yola Nanda Sekar Prima', 'default.png', 0, 0, 0),
(50, 3, 'Sofifr', '123456', 'Sofi Fauziah Rahmawati', 'default.png', 0, 0, 0),
(51, 3, 'BossIns', '1234567890', 'Rizal Muharan', 'default.png', 0, 0, 0),
(52, 3, 'alihasanash', '123456', 'Ali Hasan Ash Siddiq', 'default.png', 0, 0, 0),
(53, 3, 'nurmaulanimt', 'hahahihihoho', 'Nurmaulani Mustika Tresna', 'default.png', 1, 0, 0),
(54, 3, 'Rapiip', 'isalganteng', 'Muhammad Rafif Rizqullah', 'default.png', 0, 0, 0),
(55, 3, 'Amellyamnr', 'hahahihi', 'Amellya Mustikaningtyas Rishan', 'default.png', 0, 0, 0),
(56, 3, 'Tiara12345', '12345678', 'Tiara ayu', 'default.png', 0, 0, 0);

--
-- Triggers `user`
--
DELIMITER $$
CREATE TRIGGER `addstatus` AFTER INSERT ON `user` FOR EACH ROW BEGIN
	INSERT INTO status_tugas
    (username)
    
    VALUES
    (NEW.username_user);
END
$$
DELIMITER ;

--
-- Indexes for dumped tables
--

--
-- Indexes for table `analitik`
--
ALTER TABLE `analitik`
  ADD PRIMARY KEY (`id`),
  ADD KEY `id_user` (`id_user`),
  ADD KEY `huruf` (`huruf`),
  ADD KEY `materi` (`materi`);

--
-- Indexes for table `ci_sessions`
--
ALTER TABLE `ci_sessions`
  ADD KEY `ci_sessions_timestamp` (`timestamp`);

--
-- Indexes for table `hijaiyah`
--
ALTER TABLE `hijaiyah`
  ADD PRIMARY KEY (`id`);

--
-- Indexes for table `home`
--
ALTER TABLE `home`
  ADD PRIMARY KEY (`id_posting`),
  ADD KEY `username_user` (`username_user`),
  ADD KEY `video_materi` (`video_materi`),
  ADD KEY `video_submateri` (`video_submateri`);

--
-- Indexes for table `materi`
--
ALTER TABLE `materi`
  ADD PRIMARY KEY (`id_materi`),
  ADD KEY `nama_materi` (`nama_materi`);

--
-- Indexes for table `penilaiancreateplay`
--
ALTER TABLE `penilaiancreateplay`
  ADD PRIMARY KEY (`id`),
  ADD KEY `id_user` (`id_user`),
  ADD KEY `id_materi` (`id_materi`),
  ADD KEY `id_submateri` (`id_submateri`);

--
-- Indexes for table `penilaianreflect`
--
ALTER TABLE `penilaianreflect`
  ADD PRIMARY KEY (`id`),
  ADD KEY `id_user` (`id_user`),
  ADD KEY `id_penilai` (`id_penilai`),
  ADD KEY `id_posting` (`id_posting`),
  ADD KEY `penilaianreflect_ibfk_4` (`video_materi`),
  ADD KEY `penilaianreflect_ibfk_5` (`video_submateri`);

--
-- Indexes for table `penilaianshare`
--
ALTER TABLE `penilaianshare`
  ADD PRIMARY KEY (`id`),
  ADD KEY `id_posting` (`id_posting`),
  ADD KEY `id_user` (`id_user`),
  ADD KEY `id_penilai` (`id_penilai`),
  ADD KEY `video_materi` (`video_materi`),
  ADD KEY `video_submateri` (`video_submateri`);

--
-- Indexes for table `ranking`
--
ALTER TABLE `ranking`
  ADD PRIMARY KEY (`id`),
  ADD KEY `id_user` (`id_user`),
  ADD KEY `video_submateri` (`video_submateri`),
  ADD KEY `ranking_ibfk_2` (`video_materi`);

--
-- Indexes for table `rekaman_evaluasi`
--
ALTER TABLE `rekaman_evaluasi`
  ADD PRIMARY KEY (`id`),
  ADD KEY `username` (`username`),
  ADD KEY `guru` (`guru`);

--
-- Indexes for table `rekaman_tugas`
--
ALTER TABLE `rekaman_tugas`
  ADD PRIMARY KEY (`id`),
  ADD KEY `username` (`username`),
  ADD KEY `guru` (`guru`),
  ADD KEY `materi` (`materi`),
  ADD KEY `submateri` (`submateri`);

--
-- Indexes for table `reported_post`
--
ALTER TABLE `reported_post`
  ADD PRIMARY KEY (`id_posting`),
  ADD KEY `username_user` (`username_user`);

--
-- Indexes for table `reporter_post`
--
ALTER TABLE `reporter_post`
  ADD PRIMARY KEY (`id`),
  ADD KEY `id_posting` (`id_posting`),
  ADD KEY `id_user` (`id_user`);

--
-- Indexes for table `soal`
--
ALTER TABLE `soal`
  ADD PRIMARY KEY (`id`),
  ADD KEY `materi` (`materi`),
  ADD KEY `huruf` (`huruf`);

--
-- Indexes for table `soaljawaban`
--
ALTER TABLE `soaljawaban`
  ADD PRIMARY KEY (`id`),
  ADD KEY `id_user` (`id_user`),
  ADD KEY `materi` (`materi`),
  ADD KEY `huruf` (`huruf`),
  ADD KEY `id_soal` (`id_soal`);

--
-- Indexes for table `status_tugas`
--
ALTER TABLE `status_tugas`
  ADD PRIMARY KEY (`id`),
  ADD KEY `username` (`username`);

--
-- Indexes for table `submateri`
--
ALTER TABLE `submateri`
  ADD PRIMARY KEY (`id_submateri`),
  ADD KEY `id_materi` (`id_materi`),
  ADD KEY `nama_submateri` (`nama_submateri`);

--
-- Indexes for table `user`
--
ALTER TABLE `user`
  ADD PRIMARY KEY (`id_user`),
  ADD UNIQUE KEY `username_user` (`username_user`) USING BTREE;

--
-- AUTO_INCREMENT for dumped tables
--

--
-- AUTO_INCREMENT for table `analitik`
--
ALTER TABLE `analitik`
  MODIFY `id` int(11) NOT NULL AUTO_INCREMENT, AUTO_INCREMENT=1854;

--
-- AUTO_INCREMENT for table `hijaiyah`
--
ALTER TABLE `hijaiyah`
  MODIFY `id` tinyint(1) NOT NULL AUTO_INCREMENT, AUTO_INCREMENT=34;

--
-- AUTO_INCREMENT for table `home`
--
ALTER TABLE `home`
  MODIFY `id_posting` int(11) NOT NULL AUTO_INCREMENT, AUTO_INCREMENT=212;

--
-- AUTO_INCREMENT for table `materi`
--
ALTER TABLE `materi`
  MODIFY `id_materi` tinyint(1) NOT NULL AUTO_INCREMENT, AUTO_INCREMENT=16;

--
-- AUTO_INCREMENT for table `penilaiancreateplay`
--
ALTER TABLE `penilaiancreateplay`
  MODIFY `id` int(11) NOT NULL AUTO_INCREMENT, AUTO_INCREMENT=200;

--
-- AUTO_INCREMENT for table `penilaianreflect`
--
ALTER TABLE `penilaianreflect`
  MODIFY `id` int(11) NOT NULL AUTO_INCREMENT, AUTO_INCREMENT=133;

--
-- AUTO_INCREMENT for table `penilaianshare`
--
ALTER TABLE `penilaianshare`
  MODIFY `id` int(11) NOT NULL AUTO_INCREMENT, AUTO_INCREMENT=417;

--
-- AUTO_INCREMENT for table `ranking`
--
ALTER TABLE `ranking`
  MODIFY `id` int(11) NOT NULL AUTO_INCREMENT, AUTO_INCREMENT=137;

--
-- AUTO_INCREMENT for table `rekaman_evaluasi`
--
ALTER TABLE `rekaman_evaluasi`
  MODIFY `id` int(11) NOT NULL AUTO_INCREMENT, AUTO_INCREMENT=5;

--
-- AUTO_INCREMENT for table `rekaman_tugas`
--
ALTER TABLE `rekaman_tugas`
  MODIFY `id` int(11) NOT NULL AUTO_INCREMENT, AUTO_INCREMENT=204;

--
-- AUTO_INCREMENT for table `reported_post`
--
ALTER TABLE `reported_post`
  MODIFY `id_posting` int(11) NOT NULL AUTO_INCREMENT;

--
-- AUTO_INCREMENT for table `reporter_post`
--
ALTER TABLE `reporter_post`
  MODIFY `id` int(11) NOT NULL AUTO_INCREMENT;

--
-- AUTO_INCREMENT for table `soal`
--
ALTER TABLE `soal`
  MODIFY `id` int(11) NOT NULL AUTO_INCREMENT, AUTO_INCREMENT=109;

--
-- AUTO_INCREMENT for table `soaljawaban`
--
ALTER TABLE `soaljawaban`
  MODIFY `id` int(11) NOT NULL AUTO_INCREMENT, AUTO_INCREMENT=779;

--
-- AUTO_INCREMENT for table `status_tugas`
--
ALTER TABLE `status_tugas`
  MODIFY `id` int(11) NOT NULL AUTO_INCREMENT, AUTO_INCREMENT=49;

--
-- AUTO_INCREMENT for table `submateri`
--
ALTER TABLE `submateri`
  MODIFY `id_submateri` tinyint(1) NOT NULL AUTO_INCREMENT, AUTO_INCREMENT=85;

--
-- AUTO_INCREMENT for table `user`
--
ALTER TABLE `user`
  MODIFY `id_user` int(11) NOT NULL AUTO_INCREMENT, AUTO_INCREMENT=57;

--
-- Constraints for dumped tables
--

--
-- Constraints for table `analitik`
--
ALTER TABLE `analitik`
  ADD CONSTRAINT `analitik_ibfk_1` FOREIGN KEY (`id_user`) REFERENCES `user` (`id_user`) ON DELETE CASCADE ON UPDATE CASCADE,
  ADD CONSTRAINT `analitik_ibfk_2` FOREIGN KEY (`huruf`) REFERENCES `submateri` (`nama_submateri`) ON DELETE CASCADE ON UPDATE CASCADE,
  ADD CONSTRAINT `analitik_ibfk_3` FOREIGN KEY (`materi`) REFERENCES `materi` (`nama_materi`) ON DELETE CASCADE ON UPDATE CASCADE;

--
-- Constraints for table `home`
--
ALTER TABLE `home`
  ADD CONSTRAINT `home_ibfk_1` FOREIGN KEY (`username_user`) REFERENCES `user` (`username_user`) ON DELETE CASCADE ON UPDATE CASCADE,
  ADD CONSTRAINT `home_ibfk_2` FOREIGN KEY (`video_materi`) REFERENCES `materi` (`nama_materi`) ON DELETE CASCADE ON UPDATE CASCADE,
  ADD CONSTRAINT `home_ibfk_3` FOREIGN KEY (`video_submateri`) REFERENCES `submateri` (`nama_submateri`) ON DELETE CASCADE ON UPDATE CASCADE;

--
-- Constraints for table `penilaiancreateplay`
--
ALTER TABLE `penilaiancreateplay`
  ADD CONSTRAINT `penilaiancreateplay_ibfk_1` FOREIGN KEY (`id_user`) REFERENCES `user` (`id_user`) ON DELETE CASCADE ON UPDATE CASCADE,
  ADD CONSTRAINT `penilaiancreateplay_ibfk_2` FOREIGN KEY (`id_materi`) REFERENCES `materi` (`id_materi`) ON DELETE CASCADE ON UPDATE CASCADE,
  ADD CONSTRAINT `penilaiancreateplay_ibfk_3` FOREIGN KEY (`id_submateri`) REFERENCES `submateri` (`id_submateri`) ON DELETE CASCADE ON UPDATE CASCADE;

--
-- Constraints for table `penilaianreflect`
--
ALTER TABLE `penilaianreflect`
  ADD CONSTRAINT `penilaianreflect_ibfk_1` FOREIGN KEY (`id_user`) REFERENCES `user` (`id_user`) ON DELETE CASCADE ON UPDATE CASCADE,
  ADD CONSTRAINT `penilaianreflect_ibfk_2` FOREIGN KEY (`id_penilai`) REFERENCES `user` (`id_user`) ON DELETE CASCADE ON UPDATE CASCADE,
  ADD CONSTRAINT `penilaianreflect_ibfk_3` FOREIGN KEY (`id_posting`) REFERENCES `home` (`id_posting`) ON DELETE CASCADE ON UPDATE CASCADE,
  ADD CONSTRAINT `penilaianreflect_ibfk_4` FOREIGN KEY (`video_materi`) REFERENCES `materi` (`nama_materi`) ON DELETE CASCADE ON UPDATE CASCADE,
  ADD CONSTRAINT `penilaianreflect_ibfk_5` FOREIGN KEY (`video_submateri`) REFERENCES `submateri` (`nama_submateri`) ON DELETE CASCADE ON UPDATE CASCADE;

--
-- Constraints for table `penilaianshare`
--
ALTER TABLE `penilaianshare`
  ADD CONSTRAINT `penilaianshare_ibfk_1` FOREIGN KEY (`id_posting`) REFERENCES `home` (`id_posting`) ON DELETE CASCADE ON UPDATE CASCADE,
  ADD CONSTRAINT `penilaianshare_ibfk_2` FOREIGN KEY (`id_user`) REFERENCES `user` (`id_user`) ON DELETE CASCADE ON UPDATE CASCADE,
  ADD CONSTRAINT `penilaianshare_ibfk_3` FOREIGN KEY (`video_materi`) REFERENCES `materi` (`nama_materi`) ON DELETE CASCADE ON UPDATE CASCADE,
  ADD CONSTRAINT `penilaianshare_ibfk_4` FOREIGN KEY (`video_submateri`) REFERENCES `submateri` (`nama_submateri`) ON DELETE CASCADE ON UPDATE CASCADE,
  ADD CONSTRAINT `penilaianshare_ibfk_5` FOREIGN KEY (`id_penilai`) REFERENCES `user` (`id_user`) ON DELETE CASCADE ON UPDATE CASCADE;

--
-- Constraints for table `ranking`
--
ALTER TABLE `ranking`
  ADD CONSTRAINT `ranking_ibfk_1` FOREIGN KEY (`id_user`) REFERENCES `user` (`id_user`) ON DELETE CASCADE ON UPDATE CASCADE,
  ADD CONSTRAINT `ranking_ibfk_2` FOREIGN KEY (`video_materi`) REFERENCES `penilaianshare` (`video_materi`) ON DELETE CASCADE ON UPDATE CASCADE,
  ADD CONSTRAINT `ranking_ibfk_3` FOREIGN KEY (`video_submateri`) REFERENCES `penilaianshare` (`video_submateri`) ON DELETE CASCADE ON UPDATE CASCADE;

--
-- Constraints for table `rekaman_tugas`
--
ALTER TABLE `rekaman_tugas`
  ADD CONSTRAINT `rekaman_tugas_ibfk_1` FOREIGN KEY (`username`) REFERENCES `user` (`id_user`) ON DELETE CASCADE ON UPDATE CASCADE,
  ADD CONSTRAINT `rekaman_tugas_ibfk_2` FOREIGN KEY (`guru`) REFERENCES `user` (`id_user`) ON DELETE CASCADE ON UPDATE CASCADE,
  ADD CONSTRAINT `rekaman_tugas_ibfk_3` FOREIGN KEY (`materi`) REFERENCES `materi` (`id_materi`) ON DELETE CASCADE ON UPDATE CASCADE,
  ADD CONSTRAINT `rekaman_tugas_ibfk_4` FOREIGN KEY (`submateri`) REFERENCES `submateri` (`id_submateri`) ON DELETE CASCADE ON UPDATE CASCADE;

--
-- Constraints for table `reported_post`
--
ALTER TABLE `reported_post`
  ADD CONSTRAINT `reported_post_ibfk_1` FOREIGN KEY (`id_posting`) REFERENCES `home` (`id_posting`) ON DELETE CASCADE ON UPDATE CASCADE;

--
-- Constraints for table `reporter_post`
--
ALTER TABLE `reporter_post`
  ADD CONSTRAINT `reporter_post_ibfk_1` FOREIGN KEY (`id_posting`) REFERENCES `reported_post` (`id_posting`) ON DELETE CASCADE ON UPDATE CASCADE,
  ADD CONSTRAINT `reporter_post_ibfk_2` FOREIGN KEY (`id_user`) REFERENCES `user` (`id_user`) ON DELETE CASCADE ON UPDATE CASCADE;

--
-- Constraints for table `soal`
--
ALTER TABLE `soal`
  ADD CONSTRAINT `soal_ibfk_1` FOREIGN KEY (`materi`) REFERENCES `materi` (`nama_materi`) ON DELETE CASCADE ON UPDATE CASCADE;

--
-- Constraints for table `soaljawaban`
--
ALTER TABLE `soaljawaban`
  ADD CONSTRAINT `soaljawaban_ibfk_1` FOREIGN KEY (`id_user`) REFERENCES `user` (`id_user`) ON DELETE CASCADE ON UPDATE CASCADE,
  ADD CONSTRAINT `soaljawaban_ibfk_2` FOREIGN KEY (`materi`) REFERENCES `soal` (`materi`) ON DELETE CASCADE ON UPDATE CASCADE,
  ADD CONSTRAINT `soaljawaban_ibfk_3` FOREIGN KEY (`id_soal`) REFERENCES `soal` (`id`) ON DELETE CASCADE ON UPDATE CASCADE;

--
-- Constraints for table `status_tugas`
--
ALTER TABLE `status_tugas`
  ADD CONSTRAINT `status_tugas_ibfk_1` FOREIGN KEY (`username`) REFERENCES `user` (`username_user`) ON DELETE CASCADE ON UPDATE CASCADE;

--
-- Constraints for table `submateri`
--
ALTER TABLE `submateri`
  ADD CONSTRAINT `submateri_ibfk_1` FOREIGN KEY (`id_materi`) REFERENCES `materi` (`id_materi`) ON DELETE CASCADE ON UPDATE CASCADE;
COMMIT;

/*!40101 SET CHARACTER_SET_CLIENT=@OLD_CHARACTER_SET_CLIENT */;
/*!40101 SET CHARACTER_SET_RESULTS=@OLD_CHARACTER_SET_RESULTS */;
/*!40101 SET COLLATION_CONNECTION=@OLD_COLLATION_CONNECTION */;
